! Time     Wind    Wind    Vertical    Horiz.      Pwr.Law     Lin.Vert.   Gust     Upflow
!          Speed   Dir     Speed       Shear       Vert.Shr    Shear       Speed    Angle 
! (sec)    (m/s)   (Deg)   (m/s)                                            (m/s)   (deg)
0.00000  9.71101 -12.60368  0.60500  0.00000  0.10000  0.00000  0.00000  0.00000
0.01000  9.74037 -13.73093  0.62600  0.00000  0.10000  0.00000  0.00000  0.00000
0.02000  9.69340 -13.05133  0.25700  0.00000  0.10000  0.00000  0.00000  0.00000
0.03000  9.73400 -10.59652  0.55200  0.00000  0.10000  0.00000  0.00000  0.00000
0.04000  9.65962 -10.84808  1.12200  0.00000  0.10000  0.00000  0.00000  0.00000
0.05000  9.83362 -12.10411  1.08800  0.00000  0.10000  0.00000  0.00000  0.00000
0.06000  9.99006 -14.45080  1.53999  0.00000  0.10000  0.00000  0.00000  0.00000
0.07000  9.67676 -13.81079  0.96300  0.00000  0.10000  0.00000  0.00000  0.00000
0.08000  9.79300 -13.53530  1.24302  0.00000  0.10000  0.00000  0.00000  0.00000
0.09000  9.39388 -13.32480  1.30101  0.00000  0.10000  0.00000  0.00000  0.00000
0.10000  9.76225 -12.19398  0.91401  0.00000  0.10000  0.00000  0.00000  0.00000
0.11000  9.93307 -10.42873  1.12397  0.00000  0.10000  0.00000  0.00000  0.00000
0.12000  9.68365 -10.48375  1.12902  0.00000  0.10000  0.00000  0.00000  0.00000
0.13000  9.89458 -9.84025  0.59697  0.00000  0.10000  0.00000  0.00000  0.00000
0.14000  10.46560 -9.89259  0.89899  0.00000  0.10000  0.00000  0.00000  0.00000
0.15000  10.58111 -12.58221  1.14101  0.00000  0.10000  0.00000  0.00000  0.00000
0.16000  10.70208 -13.69075  1.07399  0.00000  0.10000  0.00000  0.00000  0.00000
0.17000  10.78766 -11.52884  1.35401  0.00000  0.10000  0.00000  0.00000  0.00000
0.18000  10.49013 -11.86596  1.50496  0.00000  0.10000  0.00000  0.00000  0.00000
0.19000  10.09773 -9.40451  1.62600  0.00000  0.10000  0.00000  0.00000  0.00000
0.20000  10.43232 -10.33727  1.65498  0.00000  0.10000  0.00000  0.00000  0.00000
0.21000  10.73967 -11.76604  2.02199  0.00000  0.10000  0.00000  0.00000  0.00000
0.22000  10.44889 -12.58127  1.83598  0.00000  0.10000  0.00000  0.00000  0.00000
0.23000  10.38517 -14.08320  2.39899  0.00000  0.10000  0.00000  0.00000  0.00000
0.24000  10.19208 -12.61563  2.41997  0.00000  0.10000  0.00000  0.00000  0.00000
0.25000  10.69813 -10.81850  1.91905  0.00000  0.10000  0.00000  0.00000  0.00000
0.26000  10.22767 -10.93416  1.98404  0.00000  0.10000  0.00000  0.00000  0.00000
0.27000  10.34090 -10.88067  1.93301  0.00000  0.10000  0.00000  0.00000  0.00000
0.28000  10.63505 -10.37929  2.08596  0.00000  0.10000  0.00000  0.00000  0.00000
0.29000  10.55060 -13.14852  2.08007  0.00000  0.10000  0.00000  0.00000  0.00000
0.30000  10.88121 -13.44517  1.61202  0.00000  0.10000  0.00000  0.00000  0.00000
0.31000  11.03294 -13.02718  1.67306  0.00000  0.10000  0.00000  0.00000  0.00000
0.32000  11.15623 -13.25527  1.49901  0.00000  0.10000  0.00000  0.00000  0.00000
0.33000  11.06234 -15.97757  1.22405  0.00000  0.10000  0.00000  0.00000  0.00000
0.34000  11.14540 -15.95651  1.11900  0.00000  0.10000  0.00000  0.00000  0.00000
0.35000  11.21668 -12.75262  1.00197  0.00000  0.10000  0.00000  0.00000  0.00000
0.36000  11.26366 -14.87767  1.10600  0.00000  0.10000  0.00000  0.00000  0.00000
0.37000  11.38241 -13.21506  1.01001  0.00000  0.10000  0.00000  0.00000  0.00000
0.38000  11.52849 -12.95737  0.87901  0.00000  0.10000  0.00000  0.00000  0.00000
0.39000  11.42610 -12.41233  1.31395  0.00000  0.10000  0.00000  0.00000  0.00000
0.40000  11.35258 -12.85571  1.39602  0.00000  0.10000  0.00000  0.00000  0.00000
0.41000  11.54853 -12.99022  1.54206  0.00000  0.10000  0.00000  0.00000  0.00000
0.42000  11.46790 -12.19772  1.18897  0.00000  0.10000  0.00000  0.00000  0.00000
0.43000  11.43950 -13.86899  1.37796  0.00000  0.10000  0.00000  0.00000  0.00000
0.44000  11.26381 -13.68553  1.57204  0.00000  0.10000  0.00000  0.00000  0.00000
0.45000  10.81131 -12.83685  1.12497  0.00000  0.10000  0.00000  0.00000  0.00000
0.46000  11.24070 -13.43652  0.84194  0.00000  0.10000  0.00000  0.00000  0.00000
0.47000  11.31933 -12.59348  0.89793  0.00000  0.10000  0.00000  0.00000  0.00000
0.48000  11.28633 -12.09075  1.02002  0.00000  0.10000  0.00000  0.00000  0.00000
0.49000  11.38607 -12.05542  1.32595  0.00000  0.10000  0.00000  0.00000  0.00000
0.50000  11.31461 -12.22561  1.21208  0.00000  0.10000  0.00000  0.00000  0.00000
0.51000  11.87052 -13.81690  1.16398  0.00000  0.10000  0.00000  0.00000  0.00000
0.52000  11.96211 -15.89002  1.14989  0.00000  0.10000  0.00000  0.00000  0.00000
0.53000  11.36094 -13.80006  1.31396  0.00000  0.10000  0.00000  0.00000  0.00000
0.54000  11.62540 -11.42607  1.86298  0.00000  0.10000  0.00000  0.00000  0.00000
0.55000  11.53417 -12.67589  1.99495  0.00000  0.10000  0.00000  0.00000  0.00000
0.56000  11.60523 -12.95095  2.03204  0.00000  0.10000  0.00000  0.00000  0.00000
0.57000  11.12965 -10.97584  1.97706  0.00000  0.10000  0.00000  0.00000  0.00000
0.58000  10.86508 -10.67702  1.64306  0.00000  0.10000  0.00000  0.00000  0.00000
0.59000  10.68115 -8.67472  1.37696  0.00000  0.10000  0.00000  0.00000  0.00000
0.60000  10.82879 -6.12298  1.47097  0.00000  0.10000  0.00000  0.00000  0.00000
0.61000  10.55487 -7.64976  1.42098  0.00000  0.10000  0.00000  0.00000  0.00000
0.62000  10.92938 -9.76613  1.50589  0.00000  0.10000  0.00000  0.00000  0.00000
0.63000  10.89974 -7.27341  1.78188  0.00000  0.10000  0.00000  0.00000  0.00000
0.64000  11.20128 -7.07785  1.84298  0.00000  0.10000  0.00000  0.00000  0.00000
0.65000  11.19046 -6.24861  1.83311  0.00000  0.10000  0.00000  0.00000  0.00000
0.66000  11.36220 -4.76078  1.30698  0.00000  0.10000  0.00000  0.00000  0.00000
0.67000  10.83784 -6.69250  1.24694  0.00000  0.10000  0.00000  0.00000  0.00000
0.68000  10.97268 -8.07334  1.39996  0.00000  0.10000  0.00000  0.00000  0.00000
0.69000  10.81049 -7.58013  1.37912  0.00000  0.10000  0.00000  0.00000  0.00000
0.70000  10.59915 -8.07576  1.29301  0.00000  0.10000  0.00000  0.00000  0.00000
0.71000  11.29524 -6.39981  1.29798  0.00000  0.10000  0.00000  0.00000  0.00000
0.72000  11.13452 -6.45106  1.22501  0.00000  0.10000  0.00000  0.00000  0.00000
0.73000  11.39470 -6.99205  1.36411  0.00000  0.10000  0.00000  0.00000  0.00000
0.74000  10.88279 -6.00696  1.19694  0.00000  0.10000  0.00000  0.00000  0.00000
0.75000  11.15302 -6.18655  1.05702  0.00000  0.10000  0.00000  0.00000  0.00000
0.76000  11.09259 -9.09738  1.24901  0.00000  0.10000  0.00000  0.00000  0.00000
0.77000  11.01844 -9.34941  0.95593  0.00000  0.10000  0.00000  0.00000  0.00000
0.78000  11.03193 -7.47977  0.69301  0.00000  0.10000  0.00000  0.00000  0.00000
0.79000  10.92996 -8.69862  0.84889  0.00000  0.10000  0.00000  0.00000  0.00000
0.80000  10.90835 -8.00489  1.04300  0.00000  0.10000  0.00000  0.00000  0.00000
0.81000  10.84730 -9.45058  0.82206  0.00000  0.10000  0.00000  0.00000  0.00000
0.82000  10.93238 -6.86192  0.81399  0.00000  0.10000  0.00000  0.00000  0.00000
0.83000  10.75072 -7.53081  0.75396  0.00000  0.10000  0.00000  0.00000  0.00000
0.84000  11.11989 -7.76203  0.15815  0.00000  0.10000  0.00000  0.00000  0.00000
0.85000  11.48522 -8.05315  0.60019  0.00000  0.10000  0.00000  0.00000  0.00000
0.86000  11.42035 -8.69738  0.25196  0.00000  0.10000  0.00000  0.00000  0.00000
0.87000  11.51923 -9.56911  0.50790  0.00000  0.10000  0.00000  0.00000  0.00000
0.88000  11.40236 -10.94056  0.41404  0.00000  0.10000  0.00000  0.00000  0.00000
0.89000  11.25062 -11.31346  0.57696  0.00000  0.10000  0.00000  0.00000  0.00000
0.90000  11.48091 -7.79029  0.79200  0.00000  0.10000  0.00000  0.00000  0.00000
0.91000  11.23169 -8.37059  0.73005  0.00000  0.10000  0.00000  0.00000  0.00000
0.92000  11.23459 -9.42074  1.00198  0.00000  0.10000  0.00000  0.00000  0.00000
0.93000  11.22516 -9.28868  1.13204  0.00000  0.10000  0.00000  0.00000  0.00000
0.94000  11.64416 -7.59035  1.33096  0.00000  0.10000  0.00000  0.00000  0.00000
0.95000  11.80225 -8.45368  1.24501  0.00000  0.10000  0.00000  0.00000  0.00000
0.96000  11.73187 -7.59228  1.26598  0.00000  0.10000  0.00000  0.00000  0.00000
0.97000  11.90187 -6.07248  1.40805  0.00000  0.10000  0.00000  0.00000  0.00000
0.98000  11.91148 -6.61920  1.53496  0.00000  0.10000  0.00000  0.00000  0.00000
0.99000  11.98673 -7.09708  1.41499  0.00000  0.10000  0.00000  0.00000  0.00000
1.00000  11.98845 -8.49086  1.04893  0.00000  0.10000  0.00000  0.00000  0.00000
1.01000  12.22569 -9.61464  1.05910  0.00000  0.10000  0.00000  0.00000  0.00000
1.02000  12.06630 -11.06551  0.84212  0.00000  0.10000  0.00000  0.00000  0.00000
1.03000  12.16721 -10.66167  0.79315  0.00000  0.10000  0.00000  0.00000  0.00000
1.04000  11.95891 -8.35180  0.53600  0.00000  0.10000  0.00000  0.00000  0.00000
1.05000  11.81434 -9.45081  0.43621  0.00000  0.10000  0.00000  0.00000  0.00000
1.06000  11.55477 -8.69245  0.56772  0.00000  0.10000  0.00000  0.00000  0.00000
1.07000  11.53640 -7.48548  0.74607  0.00000  0.10000  0.00000  0.00000  0.00000
1.08000  11.15497 -11.10702  0.82106  0.00000  0.10000  0.00000  0.00000  0.00000
1.09000  11.27771 -9.43721  0.54905  0.00000  0.10000  0.00000  0.00000  0.00000
1.10000  11.16173 -9.07693  1.10293  0.00000  0.10000  0.00000  0.00000  0.00000
1.11000  10.91015 -10.96800  0.94606  0.00000  0.10000  0.00000  0.00000  0.00000
1.12000  11.11808 -10.15300  1.11717  0.00000  0.10000  0.00000  0.00000  0.00000
1.13000  11.27633 -10.76421  0.77995  0.00000  0.10000  0.00000  0.00000  0.00000
1.14000  11.29336 -11.98362  0.56212  0.00000  0.10000  0.00000  0.00000  0.00000
1.15000  10.95945 -10.60996  0.69485  0.00000  0.10000  0.00000  0.00000  0.00000
1.16000  11.18440 -10.09830  0.84118  0.00000  0.10000  0.00000  0.00000  0.00000
1.17000  10.96771 -10.02918  0.81711  0.00000  0.10000  0.00000  0.00000  0.00000
1.18000  10.75434 -12.43522  0.95694  0.00000  0.10000  0.00000  0.00000  0.00000
1.19000  10.66519 -13.09238  1.13712  0.00000  0.10000  0.00000  0.00000  0.00000
1.20000  10.85703 -11.81589  0.78014  0.00000  0.10000  0.00000  0.00000  0.00000
1.21000  10.68881 -10.52261  0.73790  0.00000  0.10000  0.00000  0.00000  0.00000
1.22000  10.76285 -11.59961  0.92598  0.00000  0.10000  0.00000  0.00000  0.00000
1.23000  10.70098 -11.90299  0.84591  0.00000  0.10000  0.00000  0.00000  0.00000
1.24000  10.72604 -13.47153  0.50795  0.00000  0.10000  0.00000  0.00000  0.00000
1.25000  10.78681 -10.62021  0.68394  0.00000  0.10000  0.00000  0.00000  0.00000
1.26000  11.04141 -10.20389  0.58696  0.00000  0.10000  0.00000  0.00000  0.00000
1.27000  11.24538 -11.12101  0.50008  0.00000  0.10000  0.00000  0.00000  0.00000
1.28000  10.97371 -11.26660  0.47818  0.00000  0.10000  0.00000  0.00000  0.00000
1.29000  11.04212 -10.53521  0.07815  0.00000  0.10000  0.00000  0.00000  0.00000
1.30000  10.89161 -12.10904  0.03899  0.00000  0.10000  0.00000  0.00000  0.00000
1.31000  11.06156 -9.93243  0.26975  0.00000  0.10000  0.00000  0.00000  0.00000
1.32000  10.74757 -10.39998  0.28095  0.00000  0.10000  0.00000  0.00000  0.00000
1.33000  10.83193 -11.88059  0.43500  0.00000  0.10000  0.00000  0.00000  0.00000
1.34000  10.89920 -13.18561  0.40194  0.00000  0.10000  0.00000  0.00000  0.00000
1.35000  11.16059 -13.56617  0.34770  0.00000  0.10000  0.00000  0.00000  0.00000
1.36000  11.13266 -12.03480  0.51107  0.00000  0.10000  0.00000  0.00000  0.00000
1.37000  10.88021 -12.13978  0.84578  0.00000  0.10000  0.00000  0.00000  0.00000
1.38000  11.11003 -13.88999  0.71605  0.00000  0.10000  0.00000  0.00000  0.00000
1.39000  10.93735 -13.50310  0.86603  0.00000  0.10000  0.00000  0.00000  0.00000
1.40000  11.15151 -13.32879  0.96787  0.00000  0.10000  0.00000  0.00000  0.00000
1.41000  10.97992 -13.73364  1.36020  0.00000  0.10000  0.00000  0.00000  0.00000
1.42000  10.96921 -12.83620  1.30895  0.00000  0.10000  0.00000  0.00000  0.00000
1.43000  11.05797 -12.49698  1.45313  0.00000  0.10000  0.00000  0.00000  0.00000
1.44000  11.16313 -13.60504  1.81896  0.00000  0.10000  0.00000  0.00000  0.00000
1.45000  11.32161 -13.56179  1.68207  0.00000  0.10000  0.00000  0.00000  0.00000
1.46000  11.32421 -14.05504  1.24207  0.00000  0.10000  0.00000  0.00000  0.00000
1.47000  11.46908 -11.57401  1.26888  0.00000  0.10000  0.00000  0.00000  0.00000
1.48000  11.10204 -12.35168  1.49195  0.00000  0.10000  0.00000  0.00000  0.00000
1.49000  11.17423 -13.33424  1.52787  0.00000  0.10000  0.00000  0.00000  0.00000
1.50000  10.90630 -13.98570  1.70865  0.00000  0.10000  0.00000  0.00000  0.00000
1.51000  11.07424 -14.34176  1.56218  0.00000  0.10000  0.00000  0.00000  0.00000
1.52000  10.71502 -13.83963  1.74117  0.00000  0.10000  0.00000  0.00000  0.00000
1.53000  10.83206 -15.05626  1.62480  0.00000  0.10000  0.00000  0.00000  0.00000
1.54000  10.90461 -15.50535  1.51580  0.00000  0.10000  0.00000  0.00000  0.00000
1.55000  10.85967 -15.53562  1.62278  0.00000  0.10000  0.00000  0.00000  0.00000
1.56000  10.88777 -12.21767  1.62607  0.00000  0.10000  0.00000  0.00000  0.00000
1.57000  10.72041 -12.77203  1.55599  0.00000  0.10000  0.00000  0.00000  0.00000
1.58000  10.77002 -13.71195  1.45304  0.00000  0.10000  0.00000  0.00000  0.00000
1.59000  11.01122 -15.57794  1.33517  0.00000  0.10000  0.00000  0.00000  0.00000
1.60000  11.24386 -15.91419  0.71381  0.00000  0.10000  0.00000  0.00000  0.00000
1.61000  11.10902 -14.00329  1.05496  0.00000  0.10000  0.00000  0.00000  0.00000
1.62000  10.97118 -14.88426  0.89096  0.00000  0.10000  0.00000  0.00000  0.00000
1.63000  11.13673 -13.11986  1.01380  0.00000  0.10000  0.00000  0.00000  0.00000
1.64000  10.86293 -12.48399  1.24211  0.00000  0.10000  0.00000  0.00000  0.00000
1.65000  11.26051 -11.96741  1.07822  0.00000  0.10000  0.00000  0.00000  0.00000
1.66000  11.44390 -12.04553  0.87417  0.00000  0.10000  0.00000  0.00000  0.00000
1.67000  11.46588 -10.41168  0.57502  0.00000  0.10000  0.00000  0.00000  0.00000
1.68000  11.63787 -8.43959  1.20187  0.00000  0.10000  0.00000  0.00000  0.00000
1.69000  11.86108 -7.91805  1.15496  0.00000  0.10000  0.00000  0.00000  0.00000
1.70000  11.94632 -9.25357  1.06796  0.00000  0.10000  0.00000  0.00000  0.00000
1.71000  11.89734 -7.80783  1.33180  0.00000  0.10000  0.00000  0.00000  0.00000
1.72000  11.72923 -9.86141  1.51710  0.00000  0.10000  0.00000  0.00000  0.00000
1.73000  11.91938 -11.97925  1.24499  0.00000  0.10000  0.00000  0.00000  0.00000
1.74000  11.88432 -11.58815  0.95893  0.00000  0.10000  0.00000  0.00000  0.00000
1.75000  11.41359 -10.93874  0.85501  0.00000  0.10000  0.00000  0.00000  0.00000
1.76000  11.57258 -11.94924  0.78399  0.00000  0.10000  0.00000  0.00000  0.00000
1.77000  11.38878 -10.77515  0.81690  0.00000  0.10000  0.00000  0.00000  0.00000
1.78000  11.46055 -9.72668  0.93197  0.00000  0.10000  0.00000  0.00000  0.00000
1.79000  11.29314 -11.12938  0.76505  0.00000  0.10000  0.00000  0.00000  0.00000
1.80000  11.39201 -10.22814  1.09074  0.00000  0.10000  0.00000  0.00000  0.00000
1.81000  11.32833 -8.63784  1.11812  0.00000  0.10000  0.00000  0.00000  0.00000
1.82000  11.43164 -9.88214  0.99779  0.00000  0.10000  0.00000  0.00000  0.00000
1.83000  11.56766 -9.89125  0.73027  0.00000  0.10000  0.00000  0.00000  0.00000
1.84000  11.56470 -7.60208  0.87952  0.00000  0.10000  0.00000  0.00000  0.00000
1.85000  11.15704 -7.86099  0.87292  0.00000  0.10000  0.00000  0.00000  0.00000
1.86000  11.36348 -8.62535  0.94612  0.00000  0.10000  0.00000  0.00000  0.00000
1.87000  10.88958 -6.74550  0.70704  0.00000  0.10000  0.00000  0.00000  0.00000
1.88000  10.78216 -8.08229  0.62512  0.00000  0.10000  0.00000  0.00000  0.00000
1.89000  11.15434 -7.21730  0.28512  0.00000  0.10000  0.00000  0.00000  0.00000
1.90000  11.03220 -6.40800  0.29077  0.00000  0.10000  0.00000  0.00000  0.00000
1.91000  10.94686 -6.42592  0.04597  0.00000  0.10000  0.00000  0.00000  0.00000
1.92000  10.70504 -6.55534  0.15393  0.00000  0.10000  0.00000  0.00000  0.00000
1.93000  10.71663 -5.22589  0.28348  0.00000  0.10000  0.00000  0.00000  0.00000
1.94000  11.01914 -8.93068  0.76590  0.00000  0.10000  0.00000  0.00000  0.00000
1.95000  10.56361 -9.39326  0.64379  0.00000  0.10000  0.00000  0.00000  0.00000
1.96000  10.61541 -9.91931  0.54527  0.00000  0.10000  0.00000  0.00000  0.00000
1.97000  10.41125 -10.21868  0.61101  0.00000  0.10000  0.00000  0.00000  0.00000
1.98000  10.07658 -9.35536  0.34320  0.00000  0.10000  0.00000  0.00000  0.00000
1.99000  10.55335 -8.55607  0.05605  0.00000  0.10000  0.00000  0.00000  0.00000
2.00000  10.79650 -9.38280 -0.08038  0.00000  0.10000  0.00000  0.00000  0.00000
2.01000  10.52621 -9.48130 -0.15105  0.00000  0.10000  0.00000  0.00000  0.00000
2.02000  10.49399 -10.71340 -0.05558  0.00000  0.10000  0.00000  0.00000  0.00000
2.03000  10.21991 -10.09202 -0.42168  0.00000  0.10000  0.00000  0.00000  0.00000
2.04000  10.19911 -12.03251 -0.25206  0.00000  0.10000  0.00000  0.00000  0.00000
2.05000  10.15540 -8.56891 -0.37212  0.00000  0.10000  0.00000  0.00000  0.00000
2.06000  10.31397 -8.45864 -0.20959  0.00000  0.10000  0.00000  0.00000  0.00000
2.07000  10.21152 -7.84223  0.25781  0.00000  0.10000  0.00000  0.00000  0.00000
2.08000  10.10240 -7.62281  0.12422  0.00000  0.10000  0.00000  0.00000  0.00000
2.09000  9.98262 -9.86854  0.43077  0.00000  0.10000  0.00000  0.00000  0.00000
2.10000  10.04835 -9.65991 -0.17688  0.00000  0.10000  0.00000  0.00000  0.00000
2.11000  10.14358 -8.64720  0.14256  0.00000  0.10000  0.00000  0.00000  0.00000
2.12000  9.99146 -8.61258  0.32667  0.00000  0.10000  0.00000  0.00000  0.00000
2.13000  9.44376 -8.12224  0.04086  0.00000  0.10000  0.00000  0.00000  0.00000
2.14000  9.82052 -9.09177 -0.38979  0.00000  0.10000  0.00000  0.00000  0.00000
2.15000  9.38041 -9.13797 -0.18401  0.00000  0.10000  0.00000  0.00000  0.00000
2.16000  9.44535 -9.39541 -0.53216  0.00000  0.10000  0.00000  0.00000  0.00000
2.17000  9.74091 -9.72055 -0.49613  0.00000  0.10000  0.00000  0.00000  0.00000
2.18000  9.73608 -9.90695 -0.52498  0.00000  0.10000  0.00000  0.00000  0.00000
2.19000  9.51756 -10.47688 -0.72429  0.00000  0.10000  0.00000  0.00000  0.00000
2.20000  9.81938 -11.37015 -0.64908  0.00000  0.10000  0.00000  0.00000  0.00000
2.21000  9.73487 -10.60082 -0.54605  0.00000  0.10000  0.00000  0.00000  0.00000
2.22000  9.86131 -13.37618 -0.37635  0.00000  0.10000  0.00000  0.00000  0.00000
2.23000  9.84489 -12.60173 -0.45273  0.00000  0.10000  0.00000  0.00000  0.00000
2.24000  9.82400 -13.00029 -0.12639  0.00000  0.10000  0.00000  0.00000  0.00000
2.25000  9.46689 -12.67328 -0.30603  0.00000  0.10000  0.00000  0.00000  0.00000
2.26000  9.34555 -12.83461 -0.47177  0.00000  0.10000  0.00000  0.00000  0.00000
2.27000  9.46524 -13.49020 -0.08590  0.00000  0.10000  0.00000  0.00000  0.00000
2.28000  9.46576 -12.08005 -0.66996  0.00000  0.10000  0.00000  0.00000  0.00000
2.29000  9.59159 -15.91314 -0.81974  0.00000  0.10000  0.00000  0.00000  0.00000
2.30000  9.68059 -15.31125 -0.69322  0.00000  0.10000  0.00000  0.00000  0.00000
2.31000  9.82848 -15.25350 -0.36410  0.00000  0.10000  0.00000  0.00000  0.00000
2.32000  9.46824 -15.14693 -0.46824  0.00000  0.10000  0.00000  0.00000  0.00000
2.33000  9.77517 -16.11983 -0.15602  0.00000  0.10000  0.00000  0.00000  0.00000
2.34000  9.88624 -16.50041 -0.33104  0.00000  0.10000  0.00000  0.00000  0.00000
2.35000  9.91821 -18.46395 -0.37365  0.00000  0.10000  0.00000  0.00000  0.00000
2.36000  10.09055 -17.13493 -0.26781  0.00000  0.10000  0.00000  0.00000  0.00000
2.37000  10.02291 -18.08123 -0.27763  0.00000  0.10000  0.00000  0.00000  0.00000
2.38000  9.78287 -14.25369 -0.52269  0.00000  0.10000  0.00000  0.00000  0.00000
2.39000  9.71950 -16.62625 -0.37419  0.00000  0.10000  0.00000  0.00000  0.00000
2.40000  9.96090 -15.08276  0.01095  0.00000  0.10000  0.00000  0.00000  0.00000
2.41000  9.96193 -14.89718  0.51299  0.00000  0.10000  0.00000  0.00000  0.00000
2.42000  10.12861 -16.26372  0.00881  0.00000  0.10000  0.00000  0.00000  0.00000
2.43000  10.20694 -14.96196  0.07106  0.00000  0.10000  0.00000  0.00000  0.00000
2.44000  10.34701 -16.81458  0.27065  0.00000  0.10000  0.00000  0.00000  0.00000
2.45000  10.57104 -15.58742  0.25119  0.00000  0.10000  0.00000  0.00000  0.00000
2.46000  10.85079 -15.40325  0.03583  0.00000  0.10000  0.00000  0.00000  0.00000
2.47000  10.36081 -14.28545 -0.41898  0.00000  0.10000  0.00000  0.00000  0.00000
2.48000  10.04235 -14.18660 -0.37108  0.00000  0.10000  0.00000  0.00000  0.00000
2.49000  10.11299 -13.97328 -0.63321  0.00000  0.10000  0.00000  0.00000  0.00000
2.50000  10.14645 -16.94213 -0.25877  0.00000  0.10000  0.00000  0.00000  0.00000
2.51000  10.26177 -13.92529 -0.06147  0.00000  0.10000  0.00000  0.00000  0.00000
2.52000  10.35237 -12.93350 -0.29227  0.00000  0.10000  0.00000  0.00000  0.00000
2.53000  10.62041 -14.31742 -0.16031  0.00000  0.10000  0.00000  0.00000  0.00000
2.54000  10.97698 -12.35463 -0.11644  0.00000  0.10000  0.00000  0.00000  0.00000
2.55000  11.20499 -15.74176  0.27666  0.00000  0.10000  0.00000  0.00000  0.00000
2.56000  11.16522 -12.49796  0.57717  0.00000  0.10000  0.00000  0.00000  0.00000
2.57000  10.88018 -10.02091  0.29427  0.00000  0.10000  0.00000  0.00000  0.00000
2.58000  10.40836 -11.11138  0.33640  0.00000  0.10000  0.00000  0.00000  0.00000
2.59000  10.64083 -8.27739  0.55799  0.00000  0.10000  0.00000  0.00000  0.00000
2.60000  10.69780 -9.52593  0.52122  0.00000  0.10000  0.00000  0.00000  0.00000
2.61000  10.39717 -9.94202  0.45343  0.00000  0.10000  0.00000  0.00000  0.00000
2.62000  10.26549 -13.27609  0.14575  0.00000  0.10000  0.00000  0.00000  0.00000
2.63000  10.41943 -14.13548  0.37087  0.00000  0.10000  0.00000  0.00000  0.00000
2.64000  10.52098 -15.96297  0.69532  0.00000  0.10000  0.00000  0.00000  0.00000
2.65000  10.51988 -16.84677  0.61314  0.00000  0.10000  0.00000  0.00000  0.00000
2.66000  10.34507 -15.35613  0.60637  0.00000  0.10000  0.00000  0.00000  0.00000
2.67000  10.26012 -12.37704  0.59456  0.00000  0.10000  0.00000  0.00000  0.00000
2.68000  10.57959 -11.72819  0.73539  0.00000  0.10000  0.00000  0.00000  0.00000
2.69000  10.69653 -12.47683  0.65316  0.00000  0.10000  0.00000  0.00000  0.00000
2.70000  11.09639 -13.01949  0.74462  0.00000  0.10000  0.00000  0.00000  0.00000
2.71000  10.84175 -9.97045  0.23430  0.00000  0.10000  0.00000  0.00000  0.00000
2.72000  10.90793 -10.50479  0.05481  0.00000  0.10000  0.00000  0.00000  0.00000
2.73000  10.80805 -11.33343 -0.34879  0.00000  0.10000  0.00000  0.00000  0.00000
2.74000  10.66309 -9.64290 -0.23085  0.00000  0.10000  0.00000  0.00000  0.00000
2.75000  10.72178 -9.29319  0.02264  0.00000  0.10000  0.00000  0.00000  0.00000
2.76000  10.83059 -8.83906 -0.28735  0.00000  0.10000  0.00000  0.00000  0.00000
2.77000  10.75668 -9.53284  0.03304  0.00000  0.10000  0.00000  0.00000  0.00000
2.78000  10.92089 -6.25723 -0.27721  0.00000  0.10000  0.00000  0.00000  0.00000
2.79000  11.27018 -6.15835 -0.35202  0.00000  0.10000  0.00000  0.00000  0.00000
2.80000  11.11229 -9.20270 -0.16795  0.00000  0.10000  0.00000  0.00000  0.00000
2.81000  10.84206 -9.50206 -0.22258  0.00000  0.10000  0.00000  0.00000  0.00000
2.82000  10.97915 -8.16378 -0.40742  0.00000  0.10000  0.00000  0.00000  0.00000
2.83000  11.01206 -8.85279 -0.36082  0.00000  0.10000  0.00000  0.00000  0.00000
2.84000  10.93291 -10.30188 -0.22469  0.00000  0.10000  0.00000  0.00000  0.00000
2.85000  10.74027 -8.89125 -0.22194  0.00000  0.10000  0.00000  0.00000  0.00000
2.86000  10.45621 -7.01737 -0.00011  0.00000  0.10000  0.00000  0.00000  0.00000
2.87000  10.48761 -6.83868 -0.10469  0.00000  0.10000  0.00000  0.00000  0.00000
2.88000  10.44455 -6.75559 -0.23414  0.00000  0.10000  0.00000  0.00000  0.00000
2.89000  10.22859 -6.27979 -0.14713  0.00000  0.10000  0.00000  0.00000  0.00000
2.90000  10.28333 -9.83065 -0.33975  0.00000  0.10000  0.00000  0.00000  0.00000
2.91000  10.19192 -9.02614 -0.43537  0.00000  0.10000  0.00000  0.00000  0.00000
2.92000  10.33282 -10.69645 -0.55659  0.00000  0.10000  0.00000  0.00000  0.00000
2.93000  10.00857 -10.08100 -0.71549  0.00000  0.10000  0.00000  0.00000  0.00000
2.94000  10.03948 -10.66073 -0.67057  0.00000  0.10000  0.00000  0.00000  0.00000
2.95000  9.99466 -11.98772 -1.16315  0.00000  0.10000  0.00000  0.00000  0.00000
2.96000  9.81737 -11.58406 -0.90413  0.00000  0.10000  0.00000  0.00000  0.00000
2.97000  9.84191 -10.31332 -1.02561  0.00000  0.10000  0.00000  0.00000  0.00000
2.98000  9.93046 -9.72613 -1.17728  0.00000  0.10000  0.00000  0.00000  0.00000
2.99000  9.65695 -8.73082 -1.30815  0.00000  0.10000  0.00000  0.00000  0.00000
3.00000  9.59244 -8.24380 -1.04981  0.00000  0.10000  0.00000  0.00000  0.00000
3.01000  9.51018 -6.48177 -0.97073  0.00000  0.10000  0.00000  0.00000  0.00000
3.02000  9.58642 -5.69215 -1.05004  0.00000  0.10000  0.00000  0.00000  0.00000
3.03000  9.68512 -5.76327 -1.01641  0.00000  0.10000  0.00000  0.00000  0.00000
3.04000  9.70737 -4.50482 -1.12032  0.00000  0.10000  0.00000  0.00000  0.00000
3.05000  9.21956 -2.74909 -1.03364  0.00000  0.10000  0.00000  0.00000  0.00000
3.06000  9.27089 -0.76177 -1.28248  0.00000  0.10000  0.00000  0.00000  0.00000
3.07000  9.26636 -0.80258 -1.42339  0.00000  0.10000  0.00000  0.00000  0.00000
3.08000  9.28160 -1.47155 -1.36024  0.00000  0.10000  0.00000  0.00000  0.00000
3.09000  9.22763 -4.19174 -1.51219  0.00000  0.10000  0.00000  0.00000  0.00000
3.10000  9.25536 -1.66881 -1.38662  0.00000  0.10000  0.00000  0.00000  0.00000
3.11000  9.17264 -2.24094 -0.87757  0.00000  0.10000  0.00000  0.00000  0.00000
3.12000  9.38551 -2.58468 -0.59204  0.00000  0.10000  0.00000  0.00000  0.00000
3.13000  9.41695 -2.23736 -0.93285  0.00000  0.10000  0.00000  0.00000  0.00000
3.14000  9.71657 -4.31885 -0.82982  0.00000  0.10000  0.00000  0.00000  0.00000
3.15000  9.67496 -5.69343 -0.81012  0.00000  0.10000  0.00000  0.00000  0.00000
3.16000  9.18480 -4.83111 -0.94141  0.00000  0.10000  0.00000  0.00000  0.00000
3.17000  9.35915 -3.57948 -1.03726  0.00000  0.10000  0.00000  0.00000  0.00000
3.18000  9.49066 -5.64846 -0.64177  0.00000  0.10000  0.00000  0.00000  0.00000
3.19000  9.33723 -5.88728 -0.49698  0.00000  0.10000  0.00000  0.00000  0.00000
3.20000  9.13690 -4.50005 -0.80923  0.00000  0.10000  0.00000  0.00000  0.00000
3.21000  9.42410 -6.58416 -0.45181  0.00000  0.10000  0.00000  0.00000  0.00000
3.22000  9.54789 -5.09450 -0.57360  0.00000  0.10000  0.00000  0.00000  0.00000
3.23000  9.44961 -6.75898 -0.82301  0.00000  0.10000  0.00000  0.00000  0.00000
3.24000  9.30087 -6.11712 -1.09292  0.00000  0.10000  0.00000  0.00000  0.00000
3.25000  9.49896 -4.83581 -0.83709  0.00000  0.10000  0.00000  0.00000  0.00000
3.26000  9.54163 -6.76512 -1.16084  0.00000  0.10000  0.00000  0.00000  0.00000
3.27000  9.69557 -5.88781 -1.39661  0.00000  0.10000  0.00000  0.00000  0.00000
3.28000  9.68604 -5.95636 -1.21304  0.00000  0.10000  0.00000  0.00000  0.00000
3.29000  9.31478 -4.71543 -1.27628  0.00000  0.10000  0.00000  0.00000  0.00000
3.30000  9.31966 -4.59429 -1.15178  0.00000  0.10000  0.00000  0.00000  0.00000
3.31000  9.24761 -3.43028 -1.11974  0.00000  0.10000  0.00000  0.00000  0.00000
3.32000  9.35174 -3.12537 -0.87729  0.00000  0.10000  0.00000  0.00000  0.00000
3.33000  8.84016 -2.72222 -0.77966  0.00000  0.10000  0.00000  0.00000  0.00000
3.34000  8.86069 -1.19874 -1.05471  0.00000  0.10000  0.00000  0.00000  0.00000
3.35000  8.99082 -2.26955 -0.74225  0.00000  0.10000  0.00000  0.00000  0.00000
3.36000  9.23644  0.01015 -0.81660  0.00000  0.10000  0.00000  0.00000  0.00000
3.37000  9.12663 -2.58888 -0.35923  0.00000  0.10000  0.00000  0.00000  0.00000
3.38000  9.61878 -2.62188 -0.78872  0.00000  0.10000  0.00000  0.00000  0.00000
3.39000  9.69249 -1.54379 -0.47807  0.00000  0.10000  0.00000  0.00000  0.00000
3.40000  9.62776  0.07082 -0.36926  0.00000  0.10000  0.00000  0.00000  0.00000
3.41000  9.60141  1.47979 -0.53175  0.00000  0.10000  0.00000  0.00000  0.00000
3.42000  9.55923  3.19601 -0.69926  0.00000  0.10000  0.00000  0.00000  0.00000
3.43000  9.59203  3.43561 -0.36595  0.00000  0.10000  0.00000  0.00000  0.00000
3.44000  9.86807  2.32512 -0.74169  0.00000  0.10000  0.00000  0.00000  0.00000
3.45000  9.96635  0.94748 -0.60695  0.00000  0.10000  0.00000  0.00000  0.00000
3.46000  9.99930  2.55457 -0.59709  0.00000  0.10000  0.00000  0.00000  0.00000
3.47000  9.74035  1.41308 -0.61291  0.00000  0.10000  0.00000  0.00000  0.00000
3.48000  9.42705  0.27868 -0.56177  0.00000  0.10000  0.00000  0.00000  0.00000
3.49000  9.67246 -2.82736 -0.62754  0.00000  0.10000  0.00000  0.00000  0.00000
3.50000  9.55766 -3.49125 -0.68296  0.00000  0.10000  0.00000  0.00000  0.00000
3.51000  9.81446 -3.56197 -0.93293  0.00000  0.10000  0.00000  0.00000  0.00000
3.52000  9.71134 -4.23051 -0.89722  0.00000  0.10000  0.00000  0.00000  0.00000
3.53000  9.55454 -4.64322 -0.78640  0.00000  0.10000  0.00000  0.00000  0.00000
3.54000  9.40707 -1.97627 -0.65010  0.00000  0.10000  0.00000  0.00000  0.00000
3.55000  9.01388 -4.03149 -0.44138  0.00000  0.10000  0.00000  0.00000  0.00000
3.56000  9.03565 -2.63841 -0.26421  0.00000  0.10000  0.00000  0.00000  0.00000
3.57000  9.18134 -4.00413 -0.33522  0.00000  0.10000  0.00000  0.00000  0.00000
3.58000  9.06595 -2.35099 -0.21456  0.00000  0.10000  0.00000  0.00000  0.00000
3.59000  9.64956 -2.40253 -0.25991  0.00000  0.10000  0.00000  0.00000  0.00000
3.60000  9.51410 -6.03174 -0.41935  0.00000  0.10000  0.00000  0.00000  0.00000
3.61000  9.33328 -4.30581 -0.55683  0.00000  0.10000  0.00000  0.00000  0.00000
3.62000  9.46333 -3.84092 -0.37620  0.00000  0.10000  0.00000  0.00000  0.00000
3.63000  9.17921 -4.80711 -0.49177  0.00000  0.10000  0.00000  0.00000  0.00000
3.64000  9.24815 -3.18689 -0.54855  0.00000  0.10000  0.00000  0.00000  0.00000
3.65000  9.07889 -1.24229 -0.36504  0.00000  0.10000  0.00000  0.00000  0.00000
3.66000  9.39864 -0.57125 -0.31396  0.00000  0.10000  0.00000  0.00000  0.00000
3.67000  9.37932 -1.06408 -0.54543  0.00000  0.10000  0.00000  0.00000  0.00000
3.68000  9.28922 -1.57137 -0.42999  0.00000  0.10000  0.00000  0.00000  0.00000
3.69000  9.02985  0.26197 -0.73694  0.00000  0.10000  0.00000  0.00000  0.00000
3.70000  8.94206 -1.12874 -0.84068  0.00000  0.10000  0.00000  0.00000  0.00000
3.71000  8.48336 -0.76975 -0.72722  0.00000  0.10000  0.00000  0.00000  0.00000
3.72000  8.44935 -0.35125 -0.98492  0.00000  0.10000  0.00000  0.00000  0.00000
3.73000  8.85321 -4.89009 -1.38926  0.00000  0.10000  0.00000  0.00000  0.00000
3.74000  8.65654 -7.37973 -1.26221  0.00000  0.10000  0.00000  0.00000  0.00000
3.75000  8.50500 -8.06514 -0.90120  0.00000  0.10000  0.00000  0.00000  0.00000
3.76000  8.66851 -5.38955 -0.94508  0.00000  0.10000  0.00000  0.00000  0.00000
3.77000  8.44141 -8.25146 -0.82407  0.00000  0.10000  0.00000  0.00000  0.00000
3.78000  8.68730 -6.43444 -0.75708  0.00000  0.10000  0.00000  0.00000  0.00000
3.79000  8.72125 -6.58052 -0.85191  0.00000  0.10000  0.00000  0.00000  0.00000
3.80000  9.04429 -6.60891 -0.81200  0.00000  0.10000  0.00000  0.00000  0.00000
3.81000  9.08816 -4.83179 -0.47836  0.00000  0.10000  0.00000  0.00000  0.00000
3.82000  8.83438 -4.34624 -0.18386  0.00000  0.10000  0.00000  0.00000  0.00000
3.83000  8.72033 -6.53177 -0.34705  0.00000  0.10000  0.00000  0.00000  0.00000
3.84000  8.56038 -5.33705 -0.01295  0.00000  0.10000  0.00000  0.00000  0.00000
3.85000  8.42223 -2.52165 -0.20050  0.00000  0.10000  0.00000  0.00000  0.00000
3.86000  8.55399 -0.34660  0.35900  0.00000  0.10000  0.00000  0.00000  0.00000
3.87000  8.41812  1.21783  0.52411  0.00000  0.10000  0.00000  0.00000  0.00000
3.88000  8.55675  0.74696  0.87638  0.00000  0.10000  0.00000  0.00000  0.00000
3.89000  8.27985 -3.46556  0.99457  0.00000  0.10000  0.00000  0.00000  0.00000
3.90000  8.82878 -3.54221  0.52325  0.00000  0.10000  0.00000  0.00000  0.00000
3.91000  8.57090 -4.86848  0.46407  0.00000  0.10000  0.00000  0.00000  0.00000
3.92000  8.56061 -3.63754  0.42123  0.00000  0.10000  0.00000  0.00000  0.00000
3.93000  8.60572 -4.20191  0.47123  0.00000  0.10000  0.00000  0.00000  0.00000
3.94000  8.86415 -3.75341  0.34207  0.00000  0.10000  0.00000  0.00000  0.00000
3.95000  8.84437 -3.61355  0.32267  0.00000  0.10000  0.00000  0.00000  0.00000
3.96000  8.83635 -5.20688  0.70360  0.00000  0.10000  0.00000  0.00000  0.00000
3.97000  8.54058 -5.94592  0.38274  0.00000  0.10000  0.00000  0.00000  0.00000
3.98000  8.26580 -4.78299  0.37844  0.00000  0.10000  0.00000  0.00000  0.00000
3.99000  8.34984 -3.78250  0.49120  0.00000  0.10000  0.00000  0.00000  0.00000
4.00000  8.24281 -2.33888  0.63751  0.00000  0.10000  0.00000  0.00000  0.00000
4.01000  8.41183 -1.32683  0.53663  0.00000  0.10000  0.00000  0.00000  0.00000
4.02000  8.51092 -2.53670  0.09559  0.00000  0.10000  0.00000  0.00000  0.00000
4.03000  8.24144 -2.93704  0.23288  0.00000  0.10000  0.00000  0.00000  0.00000
4.04000  8.09897  0.67877 -0.11725  0.00000  0.10000  0.00000  0.00000  0.00000
4.05000  8.26288 -4.68171  0.04701  0.00000  0.10000  0.00000  0.00000  0.00000
4.06000  8.17490 -3.88905  0.13057  0.00000  0.10000  0.00000  0.00000  0.00000
4.07000  8.17134 -4.22435  0.19987  0.00000  0.10000  0.00000  0.00000  0.00000
4.08000  8.00404 -3.60405  0.21243  0.00000  0.10000  0.00000  0.00000  0.00000
4.09000  7.85560 -2.67469  0.42086  0.00000  0.10000  0.00000  0.00000  0.00000
4.10000  7.87012 -1.40386  0.12386  0.00000  0.10000  0.00000  0.00000  0.00000
4.11000  7.88811 -1.46115  0.39246  0.00000  0.10000  0.00000  0.00000  0.00000
4.12000  7.91172  1.25895  0.55472  0.00000  0.10000  0.00000  0.00000  0.00000
4.13000  7.59230  3.27253  0.16095  0.00000  0.10000  0.00000  0.00000  0.00000
4.14000  7.95214  0.34580  0.37695  0.00000  0.10000  0.00000  0.00000  0.00000
4.15000  7.99794  2.87567 -0.42403  0.00000  0.10000  0.00000  0.00000  0.00000
4.16000  8.18708  1.81211 -0.40418  0.00000  0.10000  0.00000  0.00000  0.00000
4.17000  8.03588  1.81068 -0.17192  0.00000  0.10000  0.00000  0.00000  0.00000
4.18000  7.92804  0.83239 -0.63480  0.00000  0.10000  0.00000  0.00000  0.00000
4.19000  7.95569  1.90911 -0.46304  0.00000  0.10000  0.00000  0.00000  0.00000
4.20000  8.04192  2.48599 -0.12101  0.00000  0.10000  0.00000  0.00000  0.00000
4.21000  7.74262  4.12946  0.21825  0.00000  0.10000  0.00000  0.00000  0.00000
4.22000  7.98606  1.77388  0.45906  0.00000  0.10000  0.00000  0.00000  0.00000
4.23000  7.98949  4.03310  0.27861  0.00000  0.10000  0.00000  0.00000  0.00000
4.24000  7.46410  4.32034  0.23392  0.00000  0.10000  0.00000  0.00000  0.00000
4.25000  7.56089  5.87595 -0.15453  0.00000  0.10000  0.00000  0.00000  0.00000
4.26000  7.77684  6.55403  0.03729  0.00000  0.10000  0.00000  0.00000  0.00000
4.27000  7.57881  3.73148  0.37333  0.00000  0.10000  0.00000  0.00000  0.00000
4.28000  7.60128  4.07446  0.42846  0.00000  0.10000  0.00000  0.00000  0.00000
4.29000  7.45364  4.49468  0.56980  0.00000  0.10000  0.00000  0.00000  0.00000
4.30000  7.67117  4.34337  0.55052  0.00000  0.10000  0.00000  0.00000  0.00000
4.31000  7.79740  5.82246  0.49356  0.00000  0.10000  0.00000  0.00000  0.00000
4.32000  7.82896  3.75668  0.51987  0.00000  0.10000  0.00000  0.00000  0.00000
4.33000  8.16403  5.30724  0.55485  0.00000  0.10000  0.00000  0.00000  0.00000
4.34000  7.73634  4.03005  0.14784  0.00000  0.10000  0.00000  0.00000  0.00000
4.35000  7.63450  4.20753 -0.03818  0.00000  0.10000  0.00000  0.00000  0.00000
4.36000  7.45034  3.38602  0.38390  0.00000  0.10000  0.00000  0.00000  0.00000
4.37000  7.74393  4.29338  0.40753  0.00000  0.10000  0.00000  0.00000  0.00000
4.38000  7.65052  1.36128  0.46716  0.00000  0.10000  0.00000  0.00000  0.00000
4.39000  7.57330  1.02389  0.43921  0.00000  0.10000  0.00000  0.00000  0.00000
4.40000  7.33453  3.94136 -0.04634  0.00000  0.10000  0.00000  0.00000  0.00000
4.41000  7.43112  4.90832  0.56930  0.00000  0.10000  0.00000  0.00000  0.00000
4.42000  6.95155  3.01611  0.58886  0.00000  0.10000  0.00000  0.00000  0.00000
4.43000  6.68082  4.10187  0.80628  0.00000  0.10000  0.00000  0.00000  0.00000
4.44000  6.87669  5.57119  0.92198  0.00000  0.10000  0.00000  0.00000  0.00000
4.45000  6.74186  1.67833  1.44009  0.00000  0.10000  0.00000  0.00000  0.00000
4.46000  7.51433  2.39892  1.13304  0.00000  0.10000  0.00000  0.00000  0.00000
4.47000  7.43732  2.45912  1.45323  0.00000  0.10000  0.00000  0.00000  0.00000
4.48000  7.21777  3.37485  1.46494  0.00000  0.10000  0.00000  0.00000  0.00000
4.49000  7.35313  2.57874  1.40878  0.00000  0.10000  0.00000  0.00000  0.00000
4.50000  7.57778  2.55633  1.49034  0.00000  0.10000  0.00000  0.00000  0.00000
4.51000  7.85206  0.99917  1.24303  0.00000  0.10000  0.00000  0.00000  0.00000
4.52000  7.98092  2.00661  1.87177  0.00000  0.10000  0.00000  0.00000  0.00000
4.53000  8.00151  2.35191  1.84806  0.00000  0.10000  0.00000  0.00000  0.00000
4.54000  8.34954  4.30155  1.57675  0.00000  0.10000  0.00000  0.00000  0.00000
4.55000  8.25831  3.40618  1.58388  0.00000  0.10000  0.00000  0.00000  0.00000
4.56000  8.34965  4.49266  1.77753  0.00000  0.10000  0.00000  0.00000  0.00000
4.57000  8.39144  3.13278  1.07554  0.00000  0.10000  0.00000  0.00000  0.00000
4.58000  8.24615  4.88719  1.09971  0.00000  0.10000  0.00000  0.00000  0.00000
4.59000  7.91512  5.13485  1.10966  0.00000  0.10000  0.00000  0.00000  0.00000
4.60000  8.00086  4.99082  0.90565  0.00000  0.10000  0.00000  0.00000  0.00000
4.61000  7.67995  3.56150  0.78318  0.00000  0.10000  0.00000  0.00000  0.00000
4.62000  7.64387  2.17216  0.98412  0.00000  0.10000  0.00000  0.00000  0.00000
4.63000  7.94027  7.22901  0.97264  0.00000  0.10000  0.00000  0.00000  0.00000
4.64000  7.82665  5.01452  0.87342  0.00000  0.10000  0.00000  0.00000  0.00000
4.65000  7.89147  3.32625  0.69924  0.00000  0.10000  0.00000  0.00000  0.00000
4.66000  7.99083  1.52510  0.85772  0.00000  0.10000  0.00000  0.00000  0.00000
4.67000  7.85282  1.96681  0.84098  0.00000  0.10000  0.00000  0.00000  0.00000
4.68000  8.15966 -1.66586  1.00060  0.00000  0.10000  0.00000  0.00000  0.00000
4.69000  8.29259 -0.69178  1.41869  0.00000  0.10000  0.00000  0.00000  0.00000
4.70000  8.24094 -0.78581  0.97201  0.00000  0.10000  0.00000  0.00000  0.00000
4.71000  7.88668 -0.64702  0.64431  0.00000  0.10000  0.00000  0.00000  0.00000
4.72000  7.80394 -0.71597  0.79015  0.00000  0.10000  0.00000  0.00000  0.00000
4.73000  8.05847 -1.48621  1.01245  0.00000  0.10000  0.00000  0.00000  0.00000
4.74000  8.37714 -4.18482  0.99840  0.00000  0.10000  0.00000  0.00000  0.00000
4.75000  8.12488 -5.19161  0.77097  0.00000  0.10000  0.00000  0.00000  0.00000
4.76000  8.05517 -4.13486  0.55972  0.00000  0.10000  0.00000  0.00000  0.00000
4.77000  7.83714 -2.82888  0.47148  0.00000  0.10000  0.00000  0.00000  0.00000
4.78000  7.98030 -1.62467  0.46465  0.00000  0.10000  0.00000  0.00000  0.00000
4.79000  8.17743 -3.59132  0.62791  0.00000  0.10000  0.00000  0.00000  0.00000
4.80000  8.43215 -4.17469  0.36009  0.00000  0.10000  0.00000  0.00000  0.00000
4.81000  8.62745 -2.34684  0.21825  0.00000  0.10000  0.00000  0.00000  0.00000
4.82000  8.17744 -4.19279  0.15703  0.00000  0.10000  0.00000  0.00000  0.00000
4.83000  7.81399 -6.88886  0.22205  0.00000  0.10000  0.00000  0.00000  0.00000
4.84000  7.60345 -5.00255  0.62342  0.00000  0.10000  0.00000  0.00000  0.00000
4.85000  7.79891 -1.06387  0.29999  0.00000  0.10000  0.00000  0.00000  0.00000
4.86000  7.81288 -3.50091  0.70155  0.00000  0.10000  0.00000  0.00000  0.00000
4.87000  8.08819 -3.05117  0.50784  0.00000  0.10000  0.00000  0.00000  0.00000
4.88000  8.35289 -4.81437  0.31887  0.00000  0.10000  0.00000  0.00000  0.00000
4.89000  8.08987 -4.68744  0.49674  0.00000  0.10000  0.00000  0.00000  0.00000
4.90000  7.93103 -3.73891  0.40072  0.00000  0.10000  0.00000  0.00000  0.00000
4.91000  8.23366 -4.31263  0.15833  0.00000  0.10000  0.00000  0.00000  0.00000
4.92000  8.22154 -4.40068  0.78518  0.00000  0.10000  0.00000  0.00000  0.00000
4.93000  8.40843 -2.70906  0.47236  0.00000  0.10000  0.00000  0.00000  0.00000
4.94000  8.43236 -3.36447  0.60377  0.00000  0.10000  0.00000  0.00000  0.00000
4.95000  8.25355 -3.07626  0.66822  0.00000  0.10000  0.00000  0.00000  0.00000
4.96000  8.27886 -4.49748  0.93464  0.00000  0.10000  0.00000  0.00000  0.00000
4.97000  8.17186 -5.69804  1.01339  0.00000  0.10000  0.00000  0.00000  0.00000
4.98000  8.34702 -3.24078  0.82055  0.00000  0.10000  0.00000  0.00000  0.00000
4.99000  8.22602 -1.29215  0.80816  0.00000  0.10000  0.00000  0.00000  0.00000
5.00000  8.08917 -0.62946  0.68894  0.00000  0.10000  0.00000  0.00000  0.00000
5.01000  8.38488  1.25890  0.76830  0.00000  0.10000  0.00000  0.00000  0.00000
5.02000  8.78205 -1.03295  0.78317  0.00000  0.10000  0.00000  0.00000  0.00000
5.03000  9.15958 -0.01389  0.76907  0.00000  0.10000  0.00000  0.00000  0.00000
5.04000  9.43877  0.67414  0.74791  0.00000  0.10000  0.00000  0.00000  0.00000
5.05000  9.42706 -1.85767  0.51877  0.00000  0.10000  0.00000  0.00000  0.00000
5.06000  9.63204 -3.27636  0.56991  0.00000  0.10000  0.00000  0.00000  0.00000
5.07000  9.33053 -5.50296  0.59404  0.00000  0.10000  0.00000  0.00000  0.00000
5.08000  8.92207 -5.08987  0.67572  0.00000  0.10000  0.00000  0.00000  0.00000
5.09000  8.60898 -3.89415  0.45542  0.00000  0.10000  0.00000  0.00000  0.00000
5.10000  8.57357 -3.81840  0.95413  0.00000  0.10000  0.00000  0.00000  0.00000
5.11000  8.89257 -4.56636  0.45808  0.00000  0.10000  0.00000  0.00000  0.00000
5.12000  8.73524 -3.48736  0.79161  0.00000  0.10000  0.00000  0.00000  0.00000
5.13000  8.63315 -1.44083  1.01817  0.00000  0.10000  0.00000  0.00000  0.00000
5.14000  8.33574 -0.18251  0.66723  0.00000  0.10000  0.00000  0.00000  0.00000
5.15000  8.58272 -2.62929  0.62915  0.00000  0.10000  0.00000  0.00000  0.00000
5.16000  8.44691 -2.89159  0.24723  0.00000  0.10000  0.00000  0.00000  0.00000
5.17000  8.26929 -5.17474  0.66237  0.00000  0.10000  0.00000  0.00000  0.00000
5.18000  8.37555 -4.00275  1.13923  0.00000  0.10000  0.00000  0.00000  0.00000
5.19000  8.62362 -5.93734  1.00151  0.00000  0.10000  0.00000  0.00000  0.00000
5.20000  8.22863 -4.82694  0.67616  0.00000  0.10000  0.00000  0.00000  0.00000
5.21000  8.73660 -5.55866  0.25768  0.00000  0.10000  0.00000  0.00000  0.00000
5.22000  8.33857 -5.95387  0.29048  0.00000  0.10000  0.00000  0.00000  0.00000
5.23000  8.41898 -3.52173 -0.29678  0.00000  0.10000  0.00000  0.00000  0.00000
5.24000  8.77542 -4.84102  0.18897  0.00000  0.10000  0.00000  0.00000  0.00000
5.25000  8.56055 -7.07131  0.19844  0.00000  0.10000  0.00000  0.00000  0.00000
5.26000  8.71943 -6.23712 -0.11353  0.00000  0.10000  0.00000  0.00000  0.00000
5.27000  8.70318 -6.17692 -0.08862  0.00000  0.10000  0.00000  0.00000  0.00000
5.28000  8.63644 -7.23077 -0.16024  0.00000  0.10000  0.00000  0.00000  0.00000
5.29000  8.48757 -5.38300 -0.07493  0.00000  0.10000  0.00000  0.00000  0.00000
5.30000  8.00459 -6.73848 -0.39038  0.00000  0.10000  0.00000  0.00000  0.00000
5.31000  8.45535 -4.67363 -0.25226  0.00000  0.10000  0.00000  0.00000  0.00000
5.32000  8.27586 -6.83441 -0.42207  0.00000  0.10000  0.00000  0.00000  0.00000
5.33000  8.11049 -6.86457 -0.95628  0.00000  0.10000  0.00000  0.00000  0.00000
5.34000  8.12050 -8.38140 -0.91698  0.00000  0.10000  0.00000  0.00000  0.00000
5.35000  8.22259 -7.95705 -0.43611  0.00000  0.10000  0.00000  0.00000  0.00000
5.36000  8.00772 -11.01643 -0.46093  0.00000  0.10000  0.00000  0.00000  0.00000
5.37000  8.17825 -12.55908 -0.60912  0.00000  0.10000  0.00000  0.00000  0.00000
5.38000  8.46593 -13.19828 -0.27489  0.00000  0.10000  0.00000  0.00000  0.00000
5.39000  8.19990 -15.06053 -0.26994  0.00000  0.10000  0.00000  0.00000  0.00000
5.40000  8.46836 -15.00955 -0.22324  0.00000  0.10000  0.00000  0.00000  0.00000
5.41000  8.91021 -13.52372 -0.11203  0.00000  0.10000  0.00000  0.00000  0.00000
5.42000  8.72503 -12.52207  0.18192  0.00000  0.10000  0.00000  0.00000  0.00000
5.43000  8.49472 -12.07922 -0.28960  0.00000  0.10000  0.00000  0.00000  0.00000
5.44000  8.22178 -12.37593 -0.00147  0.00000  0.10000  0.00000  0.00000  0.00000
5.45000  8.11766 -11.36946 -0.07973  0.00000  0.10000  0.00000  0.00000  0.00000
5.46000  8.24498 -10.32867 -0.01210  0.00000  0.10000  0.00000  0.00000  0.00000
5.47000  8.09437 -11.68315  0.01444  0.00000  0.10000  0.00000  0.00000  0.00000
5.48000  8.27074 -10.75661  0.08582  0.00000  0.10000  0.00000  0.00000  0.00000
5.49000  8.16161 -8.85589 -0.10732  0.00000  0.10000  0.00000  0.00000  0.00000
5.50000  7.96410 -9.80611  0.23116  0.00000  0.10000  0.00000  0.00000  0.00000
5.51000  7.92046 -10.70890 -0.03143  0.00000  0.10000  0.00000  0.00000  0.00000
5.52000  8.05303 -13.22552  0.23146  0.00000  0.10000  0.00000  0.00000  0.00000
5.53000  8.42257 -11.14247 -0.09359  0.00000  0.10000  0.00000  0.00000  0.00000
5.54000  8.31576 -10.28942 -0.08583  0.00000  0.10000  0.00000  0.00000  0.00000
5.55000  8.07903 -9.85709  0.18530  0.00000  0.10000  0.00000  0.00000  0.00000
5.56000  8.11393 -10.94199  0.17653  0.00000  0.10000  0.00000  0.00000  0.00000
5.57000  8.14538 -10.52642  0.02243  0.00000  0.10000  0.00000  0.00000  0.00000
5.58000  8.03098 -10.65097  0.01365  0.00000  0.10000  0.00000  0.00000  0.00000
5.59000  8.05267 -7.60510  0.28510  0.00000  0.10000  0.00000  0.00000  0.00000
5.60000  8.27157 -5.75814  0.33208  0.00000  0.10000  0.00000  0.00000  0.00000
5.61000  8.29389 -4.30887  0.24446  0.00000  0.10000  0.00000  0.00000  0.00000
5.62000  8.10523 -5.86820 -0.38965  0.00000  0.10000  0.00000  0.00000  0.00000
5.63000  7.88254 -3.43752  0.12947  0.00000  0.10000  0.00000  0.00000  0.00000
5.64000  8.03571 -3.22922 -0.29498  0.00000  0.10000  0.00000  0.00000  0.00000
5.65000  7.92659 -3.50691 -0.03033  0.00000  0.10000  0.00000  0.00000  0.00000
5.66000  8.00000 -5.68966 -0.53101  0.00000  0.10000  0.00000  0.00000  0.00000
5.67000  7.79118 -4.83272 -0.67971  0.00000  0.10000  0.00000  0.00000  0.00000
5.68000  7.69343 -5.40580 -0.46037  0.00000  0.10000  0.00000  0.00000  0.00000
5.69000  7.62159 -3.74055 -0.25901  0.00000  0.10000  0.00000  0.00000  0.00000
5.70000  7.60676 -4.84870 -0.35947  0.00000  0.10000  0.00000  0.00000  0.00000
5.71000  7.85522 -4.56941 -0.15007  0.00000  0.10000  0.00000  0.00000  0.00000
5.72000  7.83390 -2.26934 -0.00697  0.00000  0.10000  0.00000  0.00000  0.00000
5.73000  7.70979 -2.48076 -0.02494  0.00000  0.10000  0.00000  0.00000  0.00000
5.74000  7.66000 -3.86351  0.20752  0.00000  0.10000  0.00000  0.00000  0.00000
5.75000  7.29508 -6.18018  0.65047  0.00000  0.10000  0.00000  0.00000  0.00000
5.76000  7.49359 -1.68421  0.83282  0.00000  0.10000  0.00000  0.00000  0.00000
5.77000  7.42914 -3.93223  0.61175  0.00000  0.10000  0.00000  0.00000  0.00000
5.78000  7.51872 -4.05580  0.69880  0.00000  0.10000  0.00000  0.00000  0.00000
5.79000  7.53819 -4.30598  0.85231  0.00000  0.10000  0.00000  0.00000  0.00000
5.80000  7.57140 -7.00518  0.77430  0.00000  0.10000  0.00000  0.00000  0.00000
5.81000  7.88745 -4.82748  0.78832  0.00000  0.10000  0.00000  0.00000  0.00000
5.82000  7.29844 -6.48228  1.15550  0.00000  0.10000  0.00000  0.00000  0.00000
5.83000  7.58686 -5.94179  1.38064  0.00000  0.10000  0.00000  0.00000  0.00000
5.84000  7.72335 -6.66320  1.41322  0.00000  0.10000  0.00000  0.00000  0.00000
5.85000  7.89499 -9.23071  1.43783  0.00000  0.10000  0.00000  0.00000  0.00000
5.86000  7.90314 -9.10069  1.05561  0.00000  0.10000  0.00000  0.00000  0.00000
5.87000  7.92131 -7.98517  1.27800  0.00000  0.10000  0.00000  0.00000  0.00000
5.88000  7.86127 -5.91343  0.90767  0.00000  0.10000  0.00000  0.00000  0.00000
5.89000  7.74536 -5.85281  1.12566  0.00000  0.10000  0.00000  0.00000  0.00000
5.90000  7.88808 -7.65695  0.98138  0.00000  0.10000  0.00000  0.00000  0.00000
5.91000  7.85382 -5.14640  0.99228  0.00000  0.10000  0.00000  0.00000  0.00000
5.92000  7.67934 -4.20853  1.23232  0.00000  0.10000  0.00000  0.00000  0.00000
5.93000  7.72798 -4.56376  1.47950  0.00000  0.10000  0.00000  0.00000  0.00000
5.94000  7.74588 -3.28552  1.71437  0.00000  0.10000  0.00000  0.00000  0.00000
5.95000  8.13204 -4.83123  1.80524  0.00000  0.10000  0.00000  0.00000  0.00000
5.96000  8.17644 -8.03945  2.08202  0.00000  0.10000  0.00000  0.00000  0.00000
5.97000  8.10849 -7.57678  1.86750  0.00000  0.10000  0.00000  0.00000  0.00000
5.98000  8.17019 -7.89300  2.15250  0.00000  0.10000  0.00000  0.00000  0.00000
5.99000  8.14645 -7.23417  1.69558  0.00000  0.10000  0.00000  0.00000  0.00000
6.00000  8.10709 -3.39068  1.46967  0.00000  0.10000  0.00000  0.00000  0.00000
6.01000  8.16149 -2.58147  1.36063  0.00000  0.10000  0.00000  0.00000  0.00000
6.02000  8.30492 -3.66517  0.99666  0.00000  0.10000  0.00000  0.00000  0.00000
6.03000  8.24804 -4.25014  1.41428  0.00000  0.10000  0.00000  0.00000  0.00000
6.04000  8.20065 -3.77584  1.37549  0.00000  0.10000  0.00000  0.00000  0.00000
6.05000  7.97162 -7.61024  1.47074  0.00000  0.10000  0.00000  0.00000  0.00000
6.06000  7.98878 -4.01684  1.26840  0.00000  0.10000  0.00000  0.00000  0.00000
6.07000  7.69011 -4.73868  1.05061  0.00000  0.10000  0.00000  0.00000  0.00000
6.08000  7.95021 -5.42571  0.77406  0.00000  0.10000  0.00000  0.00000  0.00000
6.09000  7.91974 -5.40255  0.95742  0.00000  0.10000  0.00000  0.00000  0.00000
6.10000  7.62979 -4.09278  0.64063  0.00000  0.10000  0.00000  0.00000  0.00000
6.11000  7.88387 -1.93143  0.60585  0.00000  0.10000  0.00000  0.00000  0.00000
6.12000  7.57546 -1.44436  0.47013  0.00000  0.10000  0.00000  0.00000  0.00000
6.13000  7.44323 -1.51161  0.55730  0.00000  0.10000  0.00000  0.00000  0.00000
6.14000  7.26234 -1.70323  0.47668  0.00000  0.10000  0.00000  0.00000  0.00000
6.15000  7.21012  0.67222  1.06350  0.00000  0.10000  0.00000  0.00000  0.00000
6.16000  6.96726  0.89846  0.89380  0.00000  0.10000  0.00000  0.00000  0.00000
6.17000  7.09687 -2.74776  0.59863  0.00000  0.10000  0.00000  0.00000  0.00000
6.18000  7.19232 -0.10580  0.35989  0.00000  0.10000  0.00000  0.00000  0.00000
6.19000  7.33333 -1.63666 -0.26597  0.00000  0.10000  0.00000  0.00000  0.00000
6.20000  7.29308  0.24015 -0.10413  0.00000  0.10000  0.00000  0.00000  0.00000
6.21000  7.41622 -1.19210  0.48897  0.00000  0.10000  0.00000  0.00000  0.00000
6.22000  7.67472 -1.88713  0.83578  0.00000  0.10000  0.00000  0.00000  0.00000
6.23000  7.49145  1.90090  0.73215  0.00000  0.10000  0.00000  0.00000  0.00000
6.24000  7.47139  2.15802  0.51197  0.00000  0.10000  0.00000  0.00000  0.00000
6.25000  7.34617 -1.34846  0.92779  0.00000  0.10000  0.00000  0.00000  0.00000
6.26000  7.44715 -0.81427  0.92599  0.00000  0.10000  0.00000  0.00000  0.00000
6.27000  7.27155  0.79908  0.87296  0.00000  0.10000  0.00000  0.00000  0.00000
6.28000  7.42200  3.12819  0.66558  0.00000  0.10000  0.00000  0.00000  0.00000
6.29000  7.71867  0.05665  0.20776  0.00000  0.10000  0.00000  0.00000  0.00000
6.30000  7.73719 -1.36197  0.59969  0.00000  0.10000  0.00000  0.00000  0.00000
6.31000  8.02784 -1.90101  0.17745  0.00000  0.10000  0.00000  0.00000  0.00000
6.32000  8.01966  1.97071  0.22857  0.00000  0.10000  0.00000  0.00000  0.00000
6.33000  7.99488  3.79922 -0.10123  0.00000  0.10000  0.00000  0.00000  0.00000
6.34000  8.10863  2.92966  0.34267  0.00000  0.10000  0.00000  0.00000  0.00000
6.35000  7.88442  2.01832  0.17198  0.00000  0.10000  0.00000  0.00000  0.00000
6.36000  7.79896  0.62414  0.16301  0.00000  0.10000  0.00000  0.00000  0.00000
6.37000  7.87932 -1.37927  0.28679  0.00000  0.10000  0.00000  0.00000  0.00000
6.38000  7.80001 -3.18891 -0.08463  0.00000  0.10000  0.00000  0.00000  0.00000
6.39000  8.06281 -4.52681  0.35082  0.00000  0.10000  0.00000  0.00000  0.00000
6.40000  7.72945 -5.59625  0.38644  0.00000  0.10000  0.00000  0.00000  0.00000
6.41000  8.01067 -7.94176  0.25872  0.00000  0.10000  0.00000  0.00000  0.00000
6.42000  8.16250 -2.56117 -0.18959  0.00000  0.10000  0.00000  0.00000  0.00000
6.43000  7.88009 -3.96961  0.03514  0.00000  0.10000  0.00000  0.00000  0.00000
6.44000  8.03712 -0.64280  0.23301  0.00000  0.10000  0.00000  0.00000  0.00000
6.45000  8.15781 -2.75140  0.10343  0.00000  0.10000  0.00000  0.00000  0.00000
6.46000  8.01093  0.02274 -0.17342  0.00000  0.10000  0.00000  0.00000  0.00000
6.47000  8.17635  1.89294  0.35109  0.00000  0.10000  0.00000  0.00000  0.00000
6.48000  8.61485  2.09747  0.36870  0.00000  0.10000  0.00000  0.00000  0.00000
6.49000  8.74381  1.20539  0.75581  0.00000  0.10000  0.00000  0.00000  0.00000
6.50000  8.75293 -0.58039  0.43163  0.00000  0.10000  0.00000  0.00000  0.00000
6.51000  8.35174 -0.61612  0.48334  0.00000  0.10000  0.00000  0.00000  0.00000
6.52000  8.37922  2.62474  0.41873  0.00000  0.10000  0.00000  0.00000  0.00000
6.53000  8.76177  1.80152  0.43655  0.00000  0.10000  0.00000  0.00000  0.00000
6.54000  8.40295  2.52477  0.61111  0.00000  0.10000  0.00000  0.00000  0.00000
6.55000  8.84989  2.96589  0.66645  0.00000  0.10000  0.00000  0.00000  0.00000
6.56000  8.98848  2.87901  1.00805  0.00000  0.10000  0.00000  0.00000  0.00000
6.57000  9.01755  3.04969  1.24952  0.00000  0.10000  0.00000  0.00000  0.00000
6.58000  8.98360  2.66136  1.18649  0.00000  0.10000  0.00000  0.00000  0.00000
6.59000  9.07022  4.86873  0.87624  0.00000  0.10000  0.00000  0.00000  0.00000
6.60000  8.93535  5.26805  0.84610  0.00000  0.10000  0.00000  0.00000  0.00000
6.61000  9.32079  4.76462  0.55469  0.00000  0.10000  0.00000  0.00000  0.00000
6.62000  9.14955  4.54121  0.60302  0.00000  0.10000  0.00000  0.00000  0.00000
6.63000  8.94422  4.84074  0.59453  0.00000  0.10000  0.00000  0.00000  0.00000
6.64000  8.94957  5.40390  0.56769  0.00000  0.10000  0.00000  0.00000  0.00000
6.65000  9.15677  1.84475  0.51033  0.00000  0.10000  0.00000  0.00000  0.00000
6.66000  8.94407  1.96373  0.34010  0.00000  0.10000  0.00000  0.00000  0.00000
6.67000  8.70834  2.29426  0.51292  0.00000  0.10000  0.00000  0.00000  0.00000
6.68000  8.71450  3.70844  0.43429  0.00000  0.10000  0.00000  0.00000  0.00000
6.69000  8.34993  1.90859  0.44129  0.00000  0.10000  0.00000  0.00000  0.00000
6.70000  8.41324  3.92824  0.52671  0.00000  0.10000  0.00000  0.00000  0.00000
6.71000  8.62140  3.69111  1.11013  0.00000  0.10000  0.00000  0.00000  0.00000
6.72000  8.53866  0.32092  0.88510  0.00000  0.10000  0.00000  0.00000  0.00000
6.73000  8.40325  0.30378  0.54589  0.00000  0.10000  0.00000  0.00000  0.00000
6.74000  8.81110  1.42996  0.59139  0.00000  0.10000  0.00000  0.00000  0.00000
6.75000  8.65482  0.63681  0.41263  0.00000  0.10000  0.00000  0.00000  0.00000
6.76000  8.78652  0.55427  0.16467  0.00000  0.10000  0.00000  0.00000  0.00000
6.77000  8.92098 -2.20451  0.07461  0.00000  0.10000  0.00000  0.00000  0.00000
6.78000  8.79776 -1.91875  0.22632  0.00000  0.10000  0.00000  0.00000  0.00000
6.79000  8.69807 -2.25394  0.12385  0.00000  0.10000  0.00000  0.00000  0.00000
6.80000  9.06859 -3.14760 -0.08282  0.00000  0.10000  0.00000  0.00000  0.00000
6.81000  9.20532 -5.02099  0.01484  0.00000  0.10000  0.00000  0.00000  0.00000
6.82000  8.72601 -4.87871 -0.26804  0.00000  0.10000  0.00000  0.00000  0.00000
6.83000  8.62833 -4.88146 -0.40396  0.00000  0.10000  0.00000  0.00000  0.00000
6.84000  8.38119 -5.02230  0.01323  0.00000  0.10000  0.00000  0.00000  0.00000
6.85000  7.96173 -2.28797 -0.06048  0.00000  0.10000  0.00000  0.00000  0.00000
6.86000  8.14778 -2.89229  0.50376  0.00000  0.10000  0.00000  0.00000  0.00000
6.87000  8.20795 -2.39435  0.59039  0.00000  0.10000  0.00000  0.00000  0.00000
6.88000  8.35430 -1.52694  0.43656  0.00000  0.10000  0.00000  0.00000  0.00000
6.89000  8.11705 -1.75180  0.85390  0.00000  0.10000  0.00000  0.00000  0.00000
6.90000  8.21477 -1.99689  1.32463  0.00000  0.10000  0.00000  0.00000  0.00000
6.91000  8.22410 -3.23754  1.31887  0.00000  0.10000  0.00000  0.00000  0.00000
6.92000  8.39553 -4.26477  1.62455  0.00000  0.10000  0.00000  0.00000  0.00000
6.93000  8.14363 -3.61197  1.24849  0.00000  0.10000  0.00000  0.00000  0.00000
6.94000  8.20493 -5.34619  1.17738  0.00000  0.10000  0.00000  0.00000  0.00000
6.95000  7.97700 -0.98995  1.15449  0.00000  0.10000  0.00000  0.00000  0.00000
6.96000  7.98960  1.78818  1.23264  0.00000  0.10000  0.00000  0.00000  0.00000
6.97000  7.81002 -0.27453  1.49157  0.00000  0.10000  0.00000  0.00000  0.00000
6.98000  7.57080 -1.05235  1.58015  0.00000  0.10000  0.00000  0.00000  0.00000
6.99000  7.89230  0.46353  1.37410  0.00000  0.10000  0.00000  0.00000  0.00000
7.00000  8.27957  0.60811  1.68400  0.00000  0.10000  0.00000  0.00000  0.00000
7.01000  8.24314 -1.66583  1.66959  0.00000  0.10000  0.00000  0.00000  0.00000
7.02000  8.45775 -4.09256  1.39324  0.00000  0.10000  0.00000  0.00000  0.00000
7.03000  8.63693 -5.51333  1.50744  0.00000  0.10000  0.00000  0.00000  0.00000
7.04000  9.00653 -4.87356  1.28785  0.00000  0.10000  0.00000  0.00000  0.00000
7.05000  8.62321 -4.06438  1.53398  0.00000  0.10000  0.00000  0.00000  0.00000
7.06000  8.74844 -6.86544  1.74206  0.00000  0.10000  0.00000  0.00000  0.00000
7.07000  8.81596 -7.77754  1.62989  0.00000  0.10000  0.00000  0.00000  0.00000
7.08000  8.96434 -6.49720  1.34170  0.00000  0.10000  0.00000  0.00000  0.00000
7.09000  9.03249 -9.77991  1.13497  0.00000  0.10000  0.00000  0.00000  0.00000
7.10000  8.88216 -9.05708  1.11196  0.00000  0.10000  0.00000  0.00000  0.00000
7.11000  8.84070 -7.83592  0.54990  0.00000  0.10000  0.00000  0.00000  0.00000
7.12000  9.02248 -8.30561  0.40948  0.00000  0.10000  0.00000  0.00000  0.00000
7.13000  9.35194 -10.82510  0.23223  0.00000  0.10000  0.00000  0.00000  0.00000
7.14000  9.27074 -10.23075  0.13756  0.00000  0.10000  0.00000  0.00000  0.00000
7.15000  9.66187 -11.84838  0.14584  0.00000  0.10000  0.00000  0.00000  0.00000
7.16000  9.70777 -12.81012 -0.07799  0.00000  0.10000  0.00000  0.00000  0.00000
7.17000  9.31161 -12.61565 -0.19031  0.00000  0.10000  0.00000  0.00000  0.00000
7.18000  9.35575 -8.61587 -0.39154  0.00000  0.10000  0.00000  0.00000  0.00000
7.19000  9.27822 -7.69477 -0.38826  0.00000  0.10000  0.00000  0.00000  0.00000
7.20000  9.15366 -9.21687 -0.03486  0.00000  0.10000  0.00000  0.00000  0.00000
7.21000  9.46062 -9.88905  0.11235  0.00000  0.10000  0.00000  0.00000  0.00000
7.22000  9.34561 -7.94946  0.18120  0.00000  0.10000  0.00000  0.00000  0.00000
7.23000  9.66757 -12.49927 -0.02323  0.00000  0.10000  0.00000  0.00000  0.00000
7.24000  9.90735 -12.54103  0.25773  0.00000  0.10000  0.00000  0.00000  0.00000
7.25000  9.63930 -12.39263  0.28725  0.00000  0.10000  0.00000  0.00000  0.00000
7.26000  9.55210 -12.62007 -0.00715  0.00000  0.10000  0.00000  0.00000  0.00000
7.27000  9.54208 -12.58165 -0.30260  0.00000  0.10000  0.00000  0.00000  0.00000
7.28000  9.59405 -11.64525 -0.40285  0.00000  0.10000  0.00000  0.00000  0.00000
7.29000  9.61586 -10.59337 -0.06465  0.00000  0.10000  0.00000  0.00000  0.00000
7.30000  9.35816 -10.06923  0.15101  0.00000  0.10000  0.00000  0.00000  0.00000
7.31000  9.49298 -9.90522  0.32989  0.00000  0.10000  0.00000  0.00000  0.00000
7.32000  9.54036 -9.85139  0.19169  0.00000  0.10000  0.00000  0.00000  0.00000
7.33000  9.65259 -10.43570  0.13353  0.00000  0.10000  0.00000  0.00000  0.00000
7.34000  9.60967 -8.88896  0.33914  0.00000  0.10000  0.00000  0.00000  0.00000
7.35000  9.72838 -9.82078  0.40710  0.00000  0.10000  0.00000  0.00000  0.00000
7.36000  9.31677 -9.25635  0.45438  0.00000  0.10000  0.00000  0.00000  0.00000
7.37000  9.17891 -8.11569  0.56139  0.00000  0.10000  0.00000  0.00000  0.00000
7.38000  9.22736 -7.06593  0.78677  0.00000  0.10000  0.00000  0.00000  0.00000
7.39000  8.78503 -6.30223  0.57320  0.00000  0.10000  0.00000  0.00000  0.00000
7.40000  8.90642 -8.61010  0.48917  0.00000  0.10000  0.00000  0.00000  0.00000
7.41000  8.90234 -5.31387  0.25307  0.00000  0.10000  0.00000  0.00000  0.00000
7.42000  9.14083 -6.21899 -0.06542  0.00000  0.10000  0.00000  0.00000  0.00000
7.43000  8.98899 -3.05415  0.50673  0.00000  0.10000  0.00000  0.00000  0.00000
7.44000  9.19351 -3.07920  0.53967  0.00000  0.10000  0.00000  0.00000  0.00000
7.45000  8.95917 -5.27343  0.43976  0.00000  0.10000  0.00000  0.00000  0.00000
7.46000  9.31118 -6.98049  0.75070  0.00000  0.10000  0.00000  0.00000  0.00000
7.47000  8.90252 -8.51217  0.91978  0.00000  0.10000  0.00000  0.00000  0.00000
7.48000  9.09329 -7.84115  1.13157  0.00000  0.10000  0.00000  0.00000  0.00000
7.49000  9.24741 -5.18937  0.91432  0.00000  0.10000  0.00000  0.00000  0.00000
7.50000  9.51346 -4.39055  0.67088  0.00000  0.10000  0.00000  0.00000  0.00000
7.51000  9.57505 -3.62685  0.61188  0.00000  0.10000  0.00000  0.00000  0.00000
7.52000  9.41437 -3.14836  0.78511  0.00000  0.10000  0.00000  0.00000  0.00000
7.53000  9.29015 -2.65632  0.56767  0.00000  0.10000  0.00000  0.00000  0.00000
7.54000  9.26399 -8.01987  0.27463  0.00000  0.10000  0.00000  0.00000  0.00000
7.55000  9.12437 -6.17197  0.52400  0.00000  0.10000  0.00000  0.00000  0.00000
7.56000  9.37738 -5.53879  0.39436  0.00000  0.10000  0.00000  0.00000  0.00000
7.57000  9.61248 -5.08076  0.27282  0.00000  0.10000  0.00000  0.00000  0.00000
7.58000  9.45903 -1.79508  0.22186  0.00000  0.10000  0.00000  0.00000  0.00000
7.59000  9.67564  1.54389  0.59901  0.00000  0.10000  0.00000  0.00000  0.00000
7.60000  9.90629  1.06934  0.82061  0.00000  0.10000  0.00000  0.00000  0.00000
7.61000  9.48927 -1.59774  0.73952  0.00000  0.10000  0.00000  0.00000  0.00000
7.62000  9.72801 -1.60345  1.24689  0.00000  0.10000  0.00000  0.00000  0.00000
7.63000  9.78670 -2.10372  1.20641  0.00000  0.10000  0.00000  0.00000  0.00000
7.64000  9.62989  1.49413  1.20450  0.00000  0.10000  0.00000  0.00000  0.00000
7.65000  9.67737  1.63840  1.18510  0.00000  0.10000  0.00000  0.00000  0.00000
7.66000  9.49880  1.80483  1.10624  0.00000  0.10000  0.00000  0.00000  0.00000
7.67000  9.97937  0.04464  1.24615  0.00000  0.10000  0.00000  0.00000  0.00000
7.68000  9.92388  1.78565  1.29605  0.00000  0.10000  0.00000  0.00000  0.00000
7.69000  10.11756 -3.37942  1.22843  0.00000  0.10000  0.00000  0.00000  0.00000
7.70000  9.96867 -0.49279  1.36915  0.00000  0.10000  0.00000  0.00000  0.00000
7.71000  9.98321 -1.14261  1.31314  0.00000  0.10000  0.00000  0.00000  0.00000
7.72000  9.89330 -1.19311  1.43829  0.00000  0.10000  0.00000  0.00000  0.00000
7.73000  9.90557 -1.04169  1.31132  0.00000  0.10000  0.00000  0.00000  0.00000
7.74000  10.23196  1.40297  1.63181  0.00000  0.10000  0.00000  0.00000  0.00000
7.75000  10.35654 -0.05901  1.41193  0.00000  0.10000  0.00000  0.00000  0.00000
7.76000  10.14358  1.34762  1.63331  0.00000  0.10000  0.00000  0.00000  0.00000
7.77000  9.85202  0.89478  1.52542  0.00000  0.10000  0.00000  0.00000  0.00000
7.78000  9.81833  0.57810  1.10199  0.00000  0.10000  0.00000  0.00000  0.00000
7.79000  10.23371  0.24482  1.07331  0.00000  0.10000  0.00000  0.00000  0.00000
7.80000  9.77675  1.20172  1.38467  0.00000  0.10000  0.00000  0.00000  0.00000
7.81000  9.74441  2.36966  1.04910  0.00000  0.10000  0.00000  0.00000  0.00000
7.82000  9.68508  2.41246  1.49272  0.00000  0.10000  0.00000  0.00000  0.00000
7.83000  9.10423  3.21361  1.34348  0.00000  0.10000  0.00000  0.00000  0.00000
7.84000  9.19453  4.54867  1.43157  0.00000  0.10000  0.00000  0.00000  0.00000
7.85000  9.67730  3.97239  1.89340  0.00000  0.10000  0.00000  0.00000  0.00000
7.86000  9.51527  3.85374  1.74742  0.00000  0.10000  0.00000  0.00000  0.00000
7.87000  9.77971  5.96854  1.68973  0.00000  0.10000  0.00000  0.00000  0.00000
7.88000  9.71500  6.23243  1.71012  0.00000  0.10000  0.00000  0.00000  0.00000
7.89000  9.78313  5.62584  1.52245  0.00000  0.10000  0.00000  0.00000  0.00000
7.90000  10.18963  7.20388  1.61314  0.00000  0.10000  0.00000  0.00000  0.00000
7.91000  10.20263  5.47629  1.93049  0.00000  0.10000  0.00000  0.00000  0.00000
7.92000  10.21771  5.73297  1.68173  0.00000  0.10000  0.00000  0.00000  0.00000
7.93000  10.58753  5.76888  0.80746  0.00000  0.10000  0.00000  0.00000  0.00000
7.94000  10.09183  5.68163  1.13775  0.00000  0.10000  0.00000  0.00000  0.00000
7.95000  10.00759  6.20712  0.89408  0.00000  0.10000  0.00000  0.00000  0.00000
7.96000  10.46646  6.50973  1.13074  0.00000  0.10000  0.00000  0.00000  0.00000
7.97000  10.39807  7.32077  1.07592  0.00000  0.10000  0.00000  0.00000  0.00000
7.98000  10.53491  6.68290  1.43931  0.00000  0.10000  0.00000  0.00000  0.00000
7.99000  10.34373  6.91917  0.99921  0.00000  0.10000  0.00000  0.00000  0.00000
8.00000  10.37272  5.80709  1.14909  0.00000  0.10000  0.00000  0.00000  0.00000
8.01000  10.11767  8.71560  1.37869  0.00000  0.10000  0.00000  0.00000  0.00000
8.02000  9.95370  7.65500  1.27230  0.00000  0.10000  0.00000  0.00000  0.00000
8.03000  9.97431  7.12402  1.11276  0.00000  0.10000  0.00000  0.00000  0.00000
8.04000  9.99752  7.31436  1.16773  0.00000  0.10000  0.00000  0.00000  0.00000
8.05000  9.90695  5.14891  0.99414  0.00000  0.10000  0.00000  0.00000  0.00000
8.06000  10.12058  5.03063  0.89283  0.00000  0.10000  0.00000  0.00000  0.00000
8.07000  10.13219  4.31106  0.91271  0.00000  0.10000  0.00000  0.00000  0.00000
8.08000  9.98115  5.29747  0.98359  0.00000  0.10000  0.00000  0.00000  0.00000
8.09000  9.68717  4.91215  1.57021  0.00000  0.10000  0.00000  0.00000  0.00000
8.10000  9.56947  4.41159  1.74213  0.00000  0.10000  0.00000  0.00000  0.00000
8.11000  9.47274  5.11685  1.11152  0.00000  0.10000  0.00000  0.00000  0.00000
8.12000  9.37535  5.05871  1.14211  0.00000  0.10000  0.00000  0.00000  0.00000
8.13000  9.73944  4.72695  1.06315  0.00000  0.10000  0.00000  0.00000  0.00000
8.14000  9.72696  2.31560  0.97406  0.00000  0.10000  0.00000  0.00000  0.00000
8.15000  9.44673  2.34016  0.92114  0.00000  0.10000  0.00000  0.00000  0.00000
8.16000  9.24738  4.66534  1.02678  0.00000  0.10000  0.00000  0.00000  0.00000
8.17000  9.25185  5.63695  0.74106  0.00000  0.10000  0.00000  0.00000  0.00000
8.18000  9.18045  6.74849  0.70131  0.00000  0.10000  0.00000  0.00000  0.00000
8.19000  9.17079  4.96809  0.97676  0.00000  0.10000  0.00000  0.00000  0.00000
8.20000  9.74620  5.10203  0.53377  0.00000  0.10000  0.00000  0.00000  0.00000
8.21000  9.71501  5.02537  0.35774  0.00000  0.10000  0.00000  0.00000  0.00000
8.22000  9.61477  6.04085  0.43627  0.00000  0.10000  0.00000  0.00000  0.00000
8.23000  9.61693  5.48651  0.16326  0.00000  0.10000  0.00000  0.00000  0.00000
8.24000  9.99336  7.07628  0.05467  0.00000  0.10000  0.00000  0.00000  0.00000
8.25000  10.08258  5.56026  0.07949  0.00000  0.10000  0.00000  0.00000  0.00000
8.26000  9.51431  9.17312 -0.09522  0.00000  0.10000  0.00000  0.00000  0.00000
8.27000  9.89372  6.60716  0.03349  0.00000  0.10000  0.00000  0.00000  0.00000
8.28000  9.96665  6.35905  0.51440  0.00000  0.10000  0.00000  0.00000  0.00000
8.29000  9.94700  6.69700  0.76248  0.00000  0.10000  0.00000  0.00000  0.00000
8.30000  9.45646  8.72207  0.32162  0.00000  0.10000  0.00000  0.00000  0.00000
8.31000  9.65099  9.18771  0.71815  0.00000  0.10000  0.00000  0.00000  0.00000
8.32000  9.68904  6.45504  0.19970  0.00000  0.10000  0.00000  0.00000  0.00000
8.33000  9.78402  8.68518  0.20528  0.00000  0.10000  0.00000  0.00000  0.00000
8.34000  9.84326  9.36618  0.29808  0.00000  0.10000  0.00000  0.00000  0.00000
8.35000  9.94092  11.14381  0.13350  0.00000  0.10000  0.00000  0.00000  0.00000
8.36000  10.00424  9.25737  0.35181  0.00000  0.10000  0.00000  0.00000  0.00000
8.37000  9.54753  8.48745  0.53856  0.00000  0.10000  0.00000  0.00000  0.00000
8.38000  9.47960  6.09220  0.66160  0.00000  0.10000  0.00000  0.00000  0.00000
8.39000  9.45014  5.33939  0.67305  0.00000  0.10000  0.00000  0.00000  0.00000
8.40000  9.48423  6.59061  0.76416  0.00000  0.10000  0.00000  0.00000  0.00000
8.41000  9.53903  7.31929  0.42068  0.00000  0.10000  0.00000  0.00000  0.00000
8.42000  9.65226  8.81663  0.74737  0.00000  0.10000  0.00000  0.00000  0.00000
8.43000  9.32348  9.56412  0.56408  0.00000  0.10000  0.00000  0.00000  0.00000
8.44000  9.27440  8.54595  0.68388  0.00000  0.10000  0.00000  0.00000  0.00000
8.45000  9.27409  9.90081  0.37687  0.00000  0.10000  0.00000  0.00000  0.00000
8.46000  9.27203  8.00657  0.39991  0.00000  0.10000  0.00000  0.00000  0.00000
8.47000  9.42780  6.14464  0.58271  0.00000  0.10000  0.00000  0.00000  0.00000
8.48000  9.35451  6.06834  0.28959  0.00000  0.10000  0.00000  0.00000  0.00000
8.49000  9.46971  6.61245  0.22953  0.00000  0.10000  0.00000  0.00000  0.00000
8.50000  9.55156  7.32502  0.22977  0.00000  0.10000  0.00000  0.00000  0.00000
8.51000  9.59228  4.90940  0.64196  0.00000  0.10000  0.00000  0.00000  0.00000
8.52000  9.53703  4.89911  0.30227  0.00000  0.10000  0.00000  0.00000  0.00000
8.53000  9.10335  4.53875  0.33365  0.00000  0.10000  0.00000  0.00000  0.00000
8.54000  9.47586  3.75072  0.30733  0.00000  0.10000  0.00000  0.00000  0.00000
8.55000  9.38950  4.31033  0.56196  0.00000  0.10000  0.00000  0.00000  0.00000
8.56000  9.33481  3.87725  0.33866  0.00000  0.10000  0.00000  0.00000  0.00000
8.57000  9.31826  2.80176  0.49002  0.00000  0.10000  0.00000  0.00000  0.00000
8.58000  9.02542  0.57565  0.42906  0.00000  0.10000  0.00000  0.00000  0.00000
8.59000  9.61638  0.17954  0.37663  0.00000  0.10000  0.00000  0.00000  0.00000
8.60000  9.76212  1.38373  0.54577  0.00000  0.10000  0.00000  0.00000  0.00000
8.61000  10.37670  1.43497  0.59245  0.00000  0.10000  0.00000  0.00000  0.00000
8.62000  10.40908  0.18722  0.39709  0.00000  0.10000  0.00000  0.00000  0.00000
8.63000  10.23539  0.05088  0.47593  0.00000  0.10000  0.00000  0.00000  0.00000
8.64000  10.34920 -2.10146  0.76980  0.00000  0.10000  0.00000  0.00000  0.00000
8.65000  10.28172 -2.27548  0.79021  0.00000  0.10000  0.00000  0.00000  0.00000
8.66000  10.13597 -2.89165  1.19208  0.00000  0.10000  0.00000  0.00000  0.00000
8.67000  9.90882 -2.25607  0.74227  0.00000  0.10000  0.00000  0.00000  0.00000
8.68000  9.30784 -1.34206  0.68350  0.00000  0.10000  0.00000  0.00000  0.00000
8.69000  9.50239 -2.08319  0.84608  0.00000  0.10000  0.00000  0.00000  0.00000
8.70000  9.42157 -3.09070  0.80453  0.00000  0.10000  0.00000  0.00000  0.00000
8.71000  9.43151 -1.52987  0.22838  0.00000  0.10000  0.00000  0.00000  0.00000
8.72000  9.47438 -2.24200  0.14435  0.00000  0.10000  0.00000  0.00000  0.00000
8.73000  9.13990 -2.66920  0.01818  0.00000  0.10000  0.00000  0.00000  0.00000
8.74000  9.26293 -2.55113 -0.00473  0.00000  0.10000  0.00000  0.00000  0.00000
8.75000  9.27151 -2.65855 -0.22500  0.00000  0.10000  0.00000  0.00000  0.00000
8.76000  9.58391 -1.37616  0.46319  0.00000  0.10000  0.00000  0.00000  0.00000
8.77000  9.37324  1.40096  0.48770  0.00000  0.10000  0.00000  0.00000  0.00000
8.78000  9.58433  0.74092  0.98134  0.00000  0.10000  0.00000  0.00000  0.00000
8.79000  9.47406  0.83559  1.08349  0.00000  0.10000  0.00000  0.00000  0.00000
8.80000  9.81558 -0.17474  0.48595  0.00000  0.10000  0.00000  0.00000  0.00000
8.81000  9.81151 -0.06608  0.68100  0.00000  0.10000  0.00000  0.00000  0.00000
8.82000  9.64575  2.60798  0.39910  0.00000  0.10000  0.00000  0.00000  0.00000
8.83000  9.48277  1.33909  0.08105  0.00000  0.10000  0.00000  0.00000  0.00000
8.84000  9.00972  0.64400  0.17965  0.00000  0.10000  0.00000  0.00000  0.00000
8.85000  9.44863 -0.09726  0.01430  0.00000  0.10000  0.00000  0.00000  0.00000
8.86000  8.97168  0.26571 -0.05386  0.00000  0.10000  0.00000  0.00000  0.00000
8.87000  9.18971  2.10909 -0.11223  0.00000  0.10000  0.00000  0.00000  0.00000
8.88000  8.92446  2.03272 -0.41434  0.00000  0.10000  0.00000  0.00000  0.00000
8.89000  8.95948 -0.89520 -0.35717  0.00000  0.10000  0.00000  0.00000  0.00000
8.90000  8.59788 -1.24184 -0.57103  0.00000  0.10000  0.00000  0.00000  0.00000
8.91000  8.85009 -1.12995 -0.31403  0.00000  0.10000  0.00000  0.00000  0.00000
8.92000  8.71030 -3.53060 -0.26097  0.00000  0.10000  0.00000  0.00000  0.00000
8.93000  8.92758 -6.31346 -0.37467  0.00000  0.10000  0.00000  0.00000  0.00000
8.94000  8.59572 -4.83903 -0.21913  0.00000  0.10000  0.00000  0.00000  0.00000
8.95000  8.71763 -6.43551 -0.27071  0.00000  0.10000  0.00000  0.00000  0.00000
8.96000  9.23671 -7.89245  0.02018  0.00000  0.10000  0.00000  0.00000  0.00000
8.97000  8.74047 -7.62740 -0.56452  0.00000  0.10000  0.00000  0.00000  0.00000
8.98000  8.97327 -6.87224 -0.36444  0.00000  0.10000  0.00000  0.00000  0.00000
8.99000  9.17747 -8.40901 -0.23067  0.00000  0.10000  0.00000  0.00000  0.00000
9.00000  9.06124 -7.17346 -0.03148  0.00000  0.10000  0.00000  0.00000  0.00000
9.01000  8.85994 -5.24728  0.34984  0.00000  0.10000  0.00000  0.00000  0.00000
9.02000  8.78580 -5.08946  0.48901  0.00000  0.10000  0.00000  0.00000  0.00000
9.03000  8.83868 -3.92336  0.19657  0.00000  0.10000  0.00000  0.00000  0.00000
9.04000  8.83437 -1.37216  0.08657  0.00000  0.10000  0.00000  0.00000  0.00000
9.05000  8.90026 -4.01604  0.35527  0.00000  0.10000  0.00000  0.00000  0.00000
9.06000  8.68256 -5.76992  0.42641  0.00000  0.10000  0.00000  0.00000  0.00000
9.07000  8.94890 -6.24288  0.27214  0.00000  0.10000  0.00000  0.00000  0.00000
9.08000  9.06025 -7.12007  0.35424  0.00000  0.10000  0.00000  0.00000  0.00000
9.09000  9.12676 -7.47174  0.08743  0.00000  0.10000  0.00000  0.00000  0.00000
9.10000  9.07198 -7.34251  0.25508  0.00000  0.10000  0.00000  0.00000  0.00000
9.11000  8.96179 -6.99425  0.69051  0.00000  0.10000  0.00000  0.00000  0.00000
9.12000  9.27256 -6.43740  0.73236  0.00000  0.10000  0.00000  0.00000  0.00000
9.13000  8.97136 -5.98098  0.32363  0.00000  0.10000  0.00000  0.00000  0.00000
9.14000  9.17098 -4.70377  0.36729  0.00000  0.10000  0.00000  0.00000  0.00000
9.15000  9.23627 -5.33062 -0.06262  0.00000  0.10000  0.00000  0.00000  0.00000
9.16000  9.20946 -5.39829 -0.16006  0.00000  0.10000  0.00000  0.00000  0.00000
9.17000  9.43819 -8.76312 -0.01740  0.00000  0.10000  0.00000  0.00000  0.00000
9.18000  9.14601 -9.02141  0.04867  0.00000  0.10000  0.00000  0.00000  0.00000
9.19000  9.15011 -8.46642  0.39010  0.00000  0.10000  0.00000  0.00000  0.00000
9.20000  8.71327 -7.18712  0.46319  0.00000  0.10000  0.00000  0.00000  0.00000
9.21000  8.78213 -8.00840  0.53851  0.00000  0.10000  0.00000  0.00000  0.00000
9.22000  8.63066 -8.68421  0.58862  0.00000  0.10000  0.00000  0.00000  0.00000
9.23000  8.80048 -10.23211  0.24354  0.00000  0.10000  0.00000  0.00000  0.00000
9.24000  9.08456 -9.48120  0.08388  0.00000  0.10000  0.00000  0.00000  0.00000
9.25000  8.88473 -10.35055  0.18141  0.00000  0.10000  0.00000  0.00000  0.00000
9.26000  9.20100 -10.11162  0.43209  0.00000  0.10000  0.00000  0.00000  0.00000
9.27000  8.77292 -8.70176 -0.21959  0.00000  0.10000  0.00000  0.00000  0.00000
9.28000  8.64097 -6.84462 -0.44737  0.00000  0.10000  0.00000  0.00000  0.00000
9.29000  8.65887 -8.18704  0.12414  0.00000  0.10000  0.00000  0.00000  0.00000
9.30000  8.83382 -4.75269  0.17221  0.00000  0.10000  0.00000  0.00000  0.00000
9.31000  9.02915 -2.80784 -0.27810  0.00000  0.10000  0.00000  0.00000  0.00000
9.32000  9.03461 -4.39598 -0.57569  0.00000  0.10000  0.00000  0.00000  0.00000
9.33000  9.08010 -5.99923 -0.77292  0.00000  0.10000  0.00000  0.00000  0.00000
9.34000  9.17518 -3.63490 -0.44964  0.00000  0.10000  0.00000  0.00000  0.00000
9.35000  9.49485 -5.13519 -0.41772  0.00000  0.10000  0.00000  0.00000  0.00000
9.36000  9.32267 -6.06838 -0.58107  0.00000  0.10000  0.00000  0.00000  0.00000
9.37000  9.36036 -7.13818 -0.64691  0.00000  0.10000  0.00000  0.00000  0.00000
9.38000  9.63368 -6.37676 -0.22561  0.00000  0.10000  0.00000  0.00000  0.00000
9.39000  9.68501 -6.92752 -0.40902  0.00000  0.10000  0.00000  0.00000  0.00000
9.40000  9.69784 -4.08091 -0.15551  0.00000  0.10000  0.00000  0.00000  0.00000
9.41000  9.68799 -4.79560 -0.18523  0.00000  0.10000  0.00000  0.00000  0.00000
9.42000  9.86232 -4.83825 -0.15833  0.00000  0.10000  0.00000  0.00000  0.00000
9.43000  9.56453 -2.86701 -0.13488  0.00000  0.10000  0.00000  0.00000  0.00000
9.44000  10.02014 -3.09648 -0.42745  0.00000  0.10000  0.00000  0.00000  0.00000
9.45000  10.19259 -3.51071 -0.50761  0.00000  0.10000  0.00000  0.00000  0.00000
9.46000  10.27910 -4.99741 -0.61493  0.00000  0.10000  0.00000  0.00000  0.00000
9.47000  10.13072 -3.61182 -0.26388  0.00000  0.10000  0.00000  0.00000  0.00000
9.48000  10.21832 -2.71705 -0.34549  0.00000  0.10000  0.00000  0.00000  0.00000
9.49000  10.04453 -3.45294 -0.59222  0.00000  0.10000  0.00000  0.00000  0.00000
9.50000  10.53816 -4.28338 -0.62355  0.00000  0.10000  0.00000  0.00000  0.00000
9.51000  9.90979 -6.50897 -0.90490  0.00000  0.10000  0.00000  0.00000  0.00000
9.52000  9.92944 -8.55079 -1.02159  0.00000  0.10000  0.00000  0.00000  0.00000
9.53000  10.20597 -7.73145 -0.60191  0.00000  0.10000  0.00000  0.00000  0.00000
9.54000  9.97167 -5.64753 -0.91810  0.00000  0.10000  0.00000  0.00000  0.00000
9.55000  10.18413 -8.14076 -0.87465  0.00000  0.10000  0.00000  0.00000  0.00000
9.56000  10.27545 -8.69916 -1.19187  0.00000  0.10000  0.00000  0.00000  0.00000
9.57000  10.35529 -8.96448 -1.31697  0.00000  0.10000  0.00000  0.00000  0.00000
9.58000  10.03484 -8.64312 -0.99164  0.00000  0.10000  0.00000  0.00000  0.00000
9.59000  9.76747 -6.78282 -1.22604  0.00000  0.10000  0.00000  0.00000  0.00000
9.60000  10.00970 -8.21097 -0.84258  0.00000  0.10000  0.00000  0.00000  0.00000
9.61000  9.99325 -6.08683 -0.90913  0.00000  0.10000  0.00000  0.00000  0.00000
9.62000  10.33322 -7.20125 -1.41391  0.00000  0.10000  0.00000  0.00000  0.00000
9.63000  10.15306 -6.54926 -1.38160  0.00000  0.10000  0.00000  0.00000  0.00000
9.64000  9.91226 -7.24091 -1.34437  0.00000  0.10000  0.00000  0.00000  0.00000
9.65000  10.18196 -9.99495 -0.92533  0.00000  0.10000  0.00000  0.00000  0.00000
9.66000  10.25105 -8.87766 -1.04186  0.00000  0.10000  0.00000  0.00000  0.00000
9.67000  10.20914 -7.44845 -0.97420  0.00000  0.10000  0.00000  0.00000  0.00000
9.68000  10.10856 -8.92813 -1.15396  0.00000  0.10000  0.00000  0.00000  0.00000
9.69000  9.62586 -6.32890 -1.36974  0.00000  0.10000  0.00000  0.00000  0.00000
9.70000  9.73235 -6.98444 -1.05075  0.00000  0.10000  0.00000  0.00000  0.00000
9.71000  10.19717 -6.95471 -1.05566  0.00000  0.10000  0.00000  0.00000  0.00000
9.72000  10.16635 -6.24011 -1.64805  0.00000  0.10000  0.00000  0.00000  0.00000
9.73000  10.51579 -4.85323 -1.58070  0.00000  0.10000  0.00000  0.00000  0.00000
9.74000  10.33172 -5.83168 -1.48617  0.00000  0.10000  0.00000  0.00000  0.00000
9.75000  10.07959 -5.32584 -1.61220  0.00000  0.10000  0.00000  0.00000  0.00000
9.76000  9.93908 -4.00427 -1.81204  0.00000  0.10000  0.00000  0.00000  0.00000
9.77000  9.80018 -5.06072 -2.07012  0.00000  0.10000  0.00000  0.00000  0.00000
9.78000  9.75029 -4.38956 -2.43202  0.00000  0.10000  0.00000  0.00000  0.00000
9.79000  9.52638 -3.63366 -2.45335  0.00000  0.10000  0.00000  0.00000  0.00000
9.80000  9.78097 -4.83778 -2.17017  0.00000  0.10000  0.00000  0.00000  0.00000
9.81000  9.78069 -4.13449 -2.48220  0.00000  0.10000  0.00000  0.00000  0.00000
9.82000  9.72704 -3.76713 -2.37108  0.00000  0.10000  0.00000  0.00000  0.00000
9.83000  10.24846 -4.28127 -2.04000  0.00000  0.10000  0.00000  0.00000  0.00000
9.84000  10.36783 -4.66715 -2.08237  0.00000  0.10000  0.00000  0.00000  0.00000
9.85000  10.24166 -6.04082 -1.83074  0.00000  0.10000  0.00000  0.00000  0.00000
9.86000  10.43342 -7.54742 -1.96869  0.00000  0.10000  0.00000  0.00000  0.00000
9.87000  10.33835 -8.71906 -1.77636  0.00000  0.10000  0.00000  0.00000  0.00000
9.88000  10.36844 -8.97842 -1.55419  0.00000  0.10000  0.00000  0.00000  0.00000
9.89000  10.21221 -8.24267 -1.69586  0.00000  0.10000  0.00000  0.00000  0.00000
9.90000  10.15027 -7.35946 -1.49883  0.00000  0.10000  0.00000  0.00000  0.00000
9.91000  10.17859 -9.72728 -1.54994  0.00000  0.10000  0.00000  0.00000  0.00000
9.92000  10.06011 -9.08902 -1.70867  0.00000  0.10000  0.00000  0.00000  0.00000
9.93000  9.92587 -8.61230 -1.96841  0.00000  0.10000  0.00000  0.00000  0.00000
9.94000  10.27446 -9.46835 -1.94653  0.00000  0.10000  0.00000  0.00000  0.00000
9.95000  10.11788 -10.23188 -1.89716  0.00000  0.10000  0.00000  0.00000  0.00000
9.96000  10.23840 -11.36222 -1.86399  0.00000  0.10000  0.00000  0.00000  0.00000
9.97000  10.18724 -8.71209 -1.93853  0.00000  0.10000  0.00000  0.00000  0.00000
9.98000  10.09700 -11.06922 -1.79593  0.00000  0.10000  0.00000  0.00000  0.00000
9.99000  10.07789 -10.88491 -1.92244  0.00000  0.10000  0.00000  0.00000  0.00000
10.00000  10.15878 -9.27924 -1.62679  0.00000  0.10000  0.00000  0.00000  0.00000
10.01000  9.73241 -10.14521 -1.18019  0.00000  0.10000  0.00000  0.00000  0.00000
10.02000  9.82872 -8.62230 -1.41264  0.00000  0.10000  0.00000  0.00000  0.00000
10.03000  10.02114 -9.15752 -1.34954  0.00000  0.10000  0.00000  0.00000  0.00000
10.04000  10.08400 -8.88398 -1.00091  0.00000  0.10000  0.00000  0.00000  0.00000
10.05000  10.10463 -8.11747 -1.25376  0.00000  0.10000  0.00000  0.00000  0.00000
10.06000  10.23349 -8.20910 -1.25216  0.00000  0.10000  0.00000  0.00000  0.00000
10.07000  10.37578 -8.97692 -1.31853  0.00000  0.10000  0.00000  0.00000  0.00000
10.08000  10.43555 -7.67450 -1.43792  0.00000  0.10000  0.00000  0.00000  0.00000
10.09000  10.55823 -6.17535 -1.06610  0.00000  0.10000  0.00000  0.00000  0.00000
10.10000  10.61530 -5.45332 -1.29210  0.00000  0.10000  0.00000  0.00000  0.00000
10.11000  10.44295 -5.99367 -1.98074  0.00000  0.10000  0.00000  0.00000  0.00000
10.12000  9.96729 -8.43830 -1.42909  0.00000  0.10000  0.00000  0.00000  0.00000
10.13000  9.97315 -8.09953 -1.59187  0.00000  0.10000  0.00000  0.00000  0.00000
10.14000  10.10707 -7.88291 -1.31348  0.00000  0.10000  0.00000  0.00000  0.00000
10.15000  10.24395 -8.37829 -1.32367  0.00000  0.10000  0.00000  0.00000  0.00000
10.16000  10.22592 -7.17425 -1.49218  0.00000  0.10000  0.00000  0.00000  0.00000
10.17000  10.15538 -7.26998 -1.18172  0.00000  0.10000  0.00000  0.00000  0.00000
10.18000  10.48196 -6.90355 -1.17162  0.00000  0.10000  0.00000  0.00000  0.00000
10.19000  10.62105 -6.69153 -1.44436  0.00000  0.10000  0.00000  0.00000  0.00000
10.20000  10.50673 -8.64646 -1.11256  0.00000  0.10000  0.00000  0.00000  0.00000
10.21000  10.10336 -8.50966 -1.49181  0.00000  0.10000  0.00000  0.00000  0.00000
10.22000  9.99347 -7.24494 -1.98217  0.00000  0.10000  0.00000  0.00000  0.00000
10.23000  10.01723 -8.36789 -1.72726  0.00000  0.10000  0.00000  0.00000  0.00000
10.24000  10.21221 -6.46214 -1.29742  0.00000  0.10000  0.00000  0.00000  0.00000
10.25000  10.00862 -7.06995 -1.38148  0.00000  0.10000  0.00000  0.00000  0.00000
10.26000  9.94028 -6.37321 -1.23310  0.00000  0.10000  0.00000  0.00000  0.00000
10.27000  10.09987 -7.09778 -1.13452  0.00000  0.10000  0.00000  0.00000  0.00000
10.28000  9.94709 -5.17441 -1.27235  0.00000  0.10000  0.00000  0.00000  0.00000
10.29000  10.19531 -5.57117 -1.34211  0.00000  0.10000  0.00000  0.00000  0.00000
10.30000  9.79388 -6.38589 -1.38530  0.00000  0.10000  0.00000  0.00000  0.00000
10.31000  9.66422 -7.10470 -1.15885  0.00000  0.10000  0.00000  0.00000  0.00000
10.32000  9.87310 -8.21370 -1.43131  0.00000  0.10000  0.00000  0.00000  0.00000
10.33000  9.86083 -5.73634 -1.43208  0.00000  0.10000  0.00000  0.00000  0.00000
10.34000  10.10682 -4.62643 -1.68562  0.00000  0.10000  0.00000  0.00000  0.00000
10.35000  10.19229 -5.27597 -1.27631  0.00000  0.10000  0.00000  0.00000  0.00000
10.36000  10.31074 -5.58956 -1.52152  0.00000  0.10000  0.00000  0.00000  0.00000
10.37000  9.87644 -7.43046 -1.08443  0.00000  0.10000  0.00000  0.00000  0.00000
10.38000  10.06350 -4.64297 -1.37541  0.00000  0.10000  0.00000  0.00000  0.00000
10.39000  9.94912 -1.12001 -1.60736  0.00000  0.10000  0.00000  0.00000  0.00000
10.40000  9.64267 -2.00512 -1.34037  0.00000  0.10000  0.00000  0.00000  0.00000
10.41000  9.60488 -1.50432 -1.46880  0.00000  0.10000  0.00000  0.00000  0.00000
10.42000  9.88788 -0.98957 -1.33395  0.00000  0.10000  0.00000  0.00000  0.00000
10.43000  9.40543 -2.67818 -1.69709  0.00000  0.10000  0.00000  0.00000  0.00000
10.44000  9.41203 -5.72186 -1.62928  0.00000  0.10000  0.00000  0.00000  0.00000
10.45000  9.57545 -4.53740 -0.98369  0.00000  0.10000  0.00000  0.00000  0.00000
10.46000  9.92401 -6.24617 -1.00649  0.00000  0.10000  0.00000  0.00000  0.00000
10.47000  9.88745 -5.98404 -0.90525  0.00000  0.10000  0.00000  0.00000  0.00000
10.48000  9.59242 -6.46651 -0.74183  0.00000  0.10000  0.00000  0.00000  0.00000
10.49000  9.96864 -4.78446 -0.59983  0.00000  0.10000  0.00000  0.00000  0.00000
10.50000  9.75055 -5.87058 -0.45975  0.00000  0.10000  0.00000  0.00000  0.00000
10.51000  9.81056 -5.17844 -0.75697  0.00000  0.10000  0.00000  0.00000  0.00000
10.52000  9.68289 -4.55295 -0.70704  0.00000  0.10000  0.00000  0.00000  0.00000
10.53000  10.00386 -3.86012 -0.76344  0.00000  0.10000  0.00000  0.00000  0.00000
10.54000  9.96718 -5.31679 -0.94908  0.00000  0.10000  0.00000  0.00000  0.00000
10.55000  10.00736 -4.74314 -0.67050  0.00000  0.10000  0.00000  0.00000  0.00000
10.56000  10.06331 -3.15786 -0.43174  0.00000  0.10000  0.00000  0.00000  0.00000
10.57000  10.01905 -1.73318 -0.50357  0.00000  0.10000  0.00000  0.00000  0.00000
10.58000  9.57796  0.25707 -0.48630  0.00000  0.10000  0.00000  0.00000  0.00000
10.59000  9.67386  1.72061 -0.41441  0.00000  0.10000  0.00000  0.00000  0.00000
10.60000  9.55625  0.79712 -0.48355  0.00000  0.10000  0.00000  0.00000  0.00000
10.61000  9.61728  3.03571 -0.51043  0.00000  0.10000  0.00000  0.00000  0.00000
10.62000  9.32330  1.83039 -0.44178  0.00000  0.10000  0.00000  0.00000  0.00000
10.63000  9.73253  1.68471 -0.58325  0.00000  0.10000  0.00000  0.00000  0.00000
10.64000  10.26466  2.48548 -0.29507  0.00000  0.10000  0.00000  0.00000  0.00000
10.65000  10.34910  0.21261 -0.65550  0.00000  0.10000  0.00000  0.00000  0.00000
10.66000  10.23563  1.50778 -0.00701  0.00000  0.10000  0.00000  0.00000  0.00000
10.67000  10.16046  2.40447 -0.26523  0.00000  0.10000  0.00000  0.00000  0.00000
10.68000  9.88589  0.77406 -0.21583  0.00000  0.10000  0.00000  0.00000  0.00000
10.69000  9.70507 -0.45333 -0.30265  0.00000  0.10000  0.00000  0.00000  0.00000
10.70000  9.43794 -1.11040 -0.47228  0.00000  0.10000  0.00000  0.00000  0.00000
10.71000  9.89111 -0.85726 -0.51064  0.00000  0.10000  0.00000  0.00000  0.00000
10.72000  9.80177 -4.42574 -0.46436  0.00000  0.10000  0.00000  0.00000  0.00000
10.73000  9.98372 -4.69370 -0.19888  0.00000  0.10000  0.00000  0.00000  0.00000
10.74000  10.01576 -3.44511  0.09186  0.00000  0.10000  0.00000  0.00000  0.00000
10.75000  9.88010 -5.94304  0.04973  0.00000  0.10000  0.00000  0.00000  0.00000
10.76000  9.77570 -8.44545 -0.07084  0.00000  0.10000  0.00000  0.00000  0.00000
10.77000  9.80907 -9.40769  0.36817  0.00000  0.10000  0.00000  0.00000  0.00000
10.78000  9.60219 -9.93600  0.72625  0.00000  0.10000  0.00000  0.00000  0.00000
10.79000  9.81937 -10.40704  0.08171  0.00000  0.10000  0.00000  0.00000  0.00000
10.80000  9.72931 -10.33094  0.05298  0.00000  0.10000  0.00000  0.00000  0.00000
10.81000  9.42721 -10.40166  0.04484  0.00000  0.10000  0.00000  0.00000  0.00000
10.82000  9.89646 -10.21675  0.10295  0.00000  0.10000  0.00000  0.00000  0.00000
10.83000  10.01527 -11.22824  0.04713  0.00000  0.10000  0.00000  0.00000  0.00000
10.84000  10.19545 -12.25151  0.16954  0.00000  0.10000  0.00000  0.00000  0.00000
10.85000  9.92226 -11.35411 -0.23535  0.00000  0.10000  0.00000  0.00000  0.00000
10.86000  10.15146 -8.48719 -0.19317  0.00000  0.10000  0.00000  0.00000  0.00000
10.87000  9.91352 -8.66564 -0.22912  0.00000  0.10000  0.00000  0.00000  0.00000
10.88000  9.89844 -7.00661 -0.25016  0.00000  0.10000  0.00000  0.00000  0.00000
10.89000  9.70433 -8.06820 -0.17665  0.00000  0.10000  0.00000  0.00000  0.00000
10.90000  9.80569 -8.13238 -0.69770  0.00000  0.10000  0.00000  0.00000  0.00000
10.91000  9.73906 -9.27408 -0.73120  0.00000  0.10000  0.00000  0.00000  0.00000
10.92000  9.68234 -10.58440 -1.17765  0.00000  0.10000  0.00000  0.00000  0.00000
10.93000  9.63277 -8.28872 -0.69752  0.00000  0.10000  0.00000  0.00000  0.00000
10.94000  9.67041 -8.75289 -0.67011  0.00000  0.10000  0.00000  0.00000  0.00000
10.95000  9.62357 -9.82236 -1.10894  0.00000  0.10000  0.00000  0.00000  0.00000
10.96000  9.62673 -11.13568 -1.32812  0.00000  0.10000  0.00000  0.00000  0.00000
10.97000  9.78764 -12.81749 -1.55216  0.00000  0.10000  0.00000  0.00000  0.00000
10.98000  10.19696 -10.90781 -1.38067  0.00000  0.10000  0.00000  0.00000  0.00000
10.99000  10.36634 -12.02484 -0.58147  0.00000  0.10000  0.00000  0.00000  0.00000
11.00000  9.79099 -10.50585 -0.37006  0.00000  0.10000  0.00000  0.00000  0.00000
11.01000  9.95778 -11.74000 -0.43256  0.00000  0.10000  0.00000  0.00000  0.00000
11.02000  9.83040 -10.71936 -0.03795  0.00000  0.10000  0.00000  0.00000  0.00000
11.03000  9.81499 -10.39199  0.07031  0.00000  0.10000  0.00000  0.00000  0.00000
11.04000  9.90492 -10.79944 -0.12498  0.00000  0.10000  0.00000  0.00000  0.00000
11.05000  9.64908 -12.63931 -0.06713  0.00000  0.10000  0.00000  0.00000  0.00000
11.06000  9.88792 -13.68743 -0.16065  0.00000  0.10000  0.00000  0.00000  0.00000
11.07000  9.71860 -12.76031 -0.11857  0.00000  0.10000  0.00000  0.00000  0.00000
11.08000  9.51218 -10.25601  0.02231  0.00000  0.10000  0.00000  0.00000  0.00000
11.09000  9.63140 -12.15553  0.03089  0.00000  0.10000  0.00000  0.00000  0.00000
11.10000  9.72582 -11.99263  0.03793  0.00000  0.10000  0.00000  0.00000  0.00000
11.11000  9.57053 -12.74118  0.13868  0.00000  0.10000  0.00000  0.00000  0.00000
11.12000  9.32472 -11.67412 -0.24561  0.00000  0.10000  0.00000  0.00000  0.00000
11.13000  9.50630 -11.57775 -0.40146  0.00000  0.10000  0.00000  0.00000  0.00000
11.14000  9.72167 -9.49985 -0.46567  0.00000  0.10000  0.00000  0.00000  0.00000
11.15000  9.84468 -9.45868 -0.66947  0.00000  0.10000  0.00000  0.00000  0.00000
11.16000  10.03731 -8.20061 -0.66015  0.00000  0.10000  0.00000  0.00000  0.00000
11.17000  10.00944 -8.89692 -0.18094  0.00000  0.10000  0.00000  0.00000  0.00000
11.18000  10.41422 -7.27366 -0.21686  0.00000  0.10000  0.00000  0.00000  0.00000
11.19000  10.77207 -3.33822 -0.22567  0.00000  0.10000  0.00000  0.00000  0.00000
11.20000  10.46797 -6.21721 -0.16094  0.00000  0.10000  0.00000  0.00000  0.00000
11.21000  10.40896 -7.66958 -0.31898  0.00000  0.10000  0.00000  0.00000  0.00000
11.22000  10.61790 -8.63805 -0.38717  0.00000  0.10000  0.00000  0.00000  0.00000
11.23000  10.54046 -8.08504 -0.32005  0.00000  0.10000  0.00000  0.00000  0.00000
11.24000  10.43396 -8.29747 -0.44716  0.00000  0.10000  0.00000  0.00000  0.00000
11.25000  9.87683 -8.41669 -0.45706  0.00000  0.10000  0.00000  0.00000  0.00000
11.26000  10.00873 -8.42312 -0.58461  0.00000  0.10000  0.00000  0.00000  0.00000
11.27000  9.68533 -6.37043 -0.44518  0.00000  0.10000  0.00000  0.00000  0.00000
11.28000  9.84907 -7.99132 -0.15942  0.00000  0.10000  0.00000  0.00000  0.00000
11.29000  9.55736 -6.78828 -0.12622  0.00000  0.10000  0.00000  0.00000  0.00000
11.30000  9.44277 -4.98869  0.11239  0.00000  0.10000  0.00000  0.00000  0.00000
11.31000  9.10279 -4.14880  0.05917  0.00000  0.10000  0.00000  0.00000  0.00000
11.32000  9.25266 -3.89301  0.11723  0.00000  0.10000  0.00000  0.00000  0.00000
11.33000  9.16975 -3.75801 -0.01709  0.00000  0.10000  0.00000  0.00000  0.00000
11.34000  9.09205  0.07895  0.28482  0.00000  0.10000  0.00000  0.00000  0.00000
11.35000  8.83647  0.79356  0.46297  0.00000  0.10000  0.00000  0.00000  0.00000
11.36000  8.83554  2.79578  0.73697  0.00000  0.10000  0.00000  0.00000  0.00000
11.37000  9.35481  5.09181  0.67396  0.00000  0.10000  0.00000  0.00000  0.00000
11.38000  9.29630  4.66714  0.66402  0.00000  0.10000  0.00000  0.00000  0.00000
11.39000  9.04540  6.37099  0.72085  0.00000  0.10000  0.00000  0.00000  0.00000
11.40000  9.32673  7.46329  0.85266  0.00000  0.10000  0.00000  0.00000  0.00000
11.41000  9.37963  4.94358  0.50440  0.00000  0.10000  0.00000  0.00000  0.00000
11.42000  9.66511  4.50695  0.17174  0.00000  0.10000  0.00000  0.00000  0.00000
11.43000  9.13588  5.15059  0.44047  0.00000  0.10000  0.00000  0.00000  0.00000
11.44000  8.93434  5.08086  0.39022  0.00000  0.10000  0.00000  0.00000  0.00000
11.45000  8.59583  6.53124  0.31284  0.00000  0.10000  0.00000  0.00000  0.00000
11.46000  8.76866  3.81854  0.65170  0.00000  0.10000  0.00000  0.00000  0.00000
11.47000  8.48557  5.24660  0.49989  0.00000  0.10000  0.00000  0.00000  0.00000
11.48000  9.01562  7.35121  0.22099  0.00000  0.10000  0.00000  0.00000  0.00000
11.49000  8.73155  7.03292 -0.10829  0.00000  0.10000  0.00000  0.00000  0.00000
11.50000  8.78863  8.56789  0.00172  0.00000  0.10000  0.00000  0.00000  0.00000
11.51000  8.91772  6.45426  0.07951  0.00000  0.10000  0.00000  0.00000  0.00000
11.52000  8.85962  6.06894 -0.14391  0.00000  0.10000  0.00000  0.00000  0.00000
11.53000  8.61594  5.14863 -0.43925  0.00000  0.10000  0.00000  0.00000  0.00000
11.54000  8.55867  4.34450  0.02127  0.00000  0.10000  0.00000  0.00000  0.00000
11.55000  8.80045  5.03475 -0.14901  0.00000  0.10000  0.00000  0.00000  0.00000
11.56000  8.49832  8.84463  0.03188  0.00000  0.10000  0.00000  0.00000  0.00000
11.57000  8.47509  5.80635  0.11858  0.00000  0.10000  0.00000  0.00000  0.00000
11.58000  8.19078  8.68825  0.13171  0.00000  0.10000  0.00000  0.00000  0.00000
11.59000  8.15743  8.57889  0.76429  0.00000  0.10000  0.00000  0.00000  0.00000
11.60000  8.02494  6.43044  0.68362  0.00000  0.10000  0.00000  0.00000  0.00000
11.61000  8.04992  7.07957 -0.19976  0.00000  0.10000  0.00000  0.00000  0.00000
11.62000  7.90459  5.21988 -0.28233  0.00000  0.10000  0.00000  0.00000  0.00000
11.63000  7.89777  6.91737  0.04612  0.00000  0.10000  0.00000  0.00000  0.00000
11.64000  7.96509  7.81044 -0.45308  0.00000  0.10000  0.00000  0.00000  0.00000
11.65000  7.83473  4.44627 -0.76470  0.00000  0.10000  0.00000  0.00000  0.00000
11.66000  7.41218  1.75331 -0.79058  0.00000  0.10000  0.00000  0.00000  0.00000
11.67000  7.17061  2.18652 -0.75420  0.00000  0.10000  0.00000  0.00000  0.00000
11.68000  7.12983  3.06411 -0.36090  0.00000  0.10000  0.00000  0.00000  0.00000
11.69000  7.45336 -2.07195 -0.72347  0.00000  0.10000  0.00000  0.00000  0.00000
11.70000  7.45009 -2.70348 -0.48832  0.00000  0.10000  0.00000  0.00000  0.00000
11.71000  7.41647 -2.07599 -0.92840  0.00000  0.10000  0.00000  0.00000  0.00000
11.72000  7.47615 -3.90428 -0.74145  0.00000  0.10000  0.00000  0.00000  0.00000
11.73000  7.08766 -0.06677 -0.88143  0.00000  0.10000  0.00000  0.00000  0.00000
11.74000  7.40302  2.96623 -0.63098  0.00000  0.10000  0.00000  0.00000  0.00000
11.75000  7.19353  0.76336 -0.85198  0.00000  0.10000  0.00000  0.00000  0.00000
11.76000  7.29076  0.63611 -1.14316  0.00000  0.10000  0.00000  0.00000  0.00000
11.77000  7.25442 -3.97778 -0.95921  0.00000  0.10000  0.00000  0.00000  0.00000
11.78000  7.41537 -3.44856 -0.90241  0.00000  0.10000  0.00000  0.00000  0.00000
11.79000  7.34712 -3.25242 -0.44561  0.00000  0.10000  0.00000  0.00000  0.00000
11.80000  7.42898 -2.41508 -0.45077  0.00000  0.10000  0.00000  0.00000  0.00000
11.81000  6.99529 -0.23907  0.01459  0.00000  0.10000  0.00000  0.00000  0.00000
11.82000  7.49260 -0.12684 -0.32375  0.00000  0.10000  0.00000  0.00000  0.00000
11.83000  7.38324 -2.21274 -0.60698  0.00000  0.10000  0.00000  0.00000  0.00000
11.84000  7.35551 -2.29564 -0.42122  0.00000  0.10000  0.00000  0.00000  0.00000
11.85000  7.36368 -2.89238 -0.90175  0.00000  0.10000  0.00000  0.00000  0.00000
11.86000  7.69244 -5.11254 -0.24541  0.00000  0.10000  0.00000  0.00000  0.00000
11.87000  7.55742 -5.60276  0.06412  0.00000  0.10000  0.00000  0.00000  0.00000
11.88000  7.51734 -5.73907  0.41029  0.00000  0.10000  0.00000  0.00000  0.00000
11.89000  7.34761 -3.66220  0.63837  0.00000  0.10000  0.00000  0.00000  0.00000
11.90000  7.55218 -1.44988  0.46402  0.00000  0.10000  0.00000  0.00000  0.00000
11.91000  7.73927  1.92610  0.51725  0.00000  0.10000  0.00000  0.00000  0.00000
11.92000  7.39005  0.65275  0.18913  0.00000  0.10000  0.00000  0.00000  0.00000
11.93000  7.31045  0.00395  0.47988  0.00000  0.10000  0.00000  0.00000  0.00000
11.94000  7.65808  1.05023  0.69379  0.00000  0.10000  0.00000  0.00000  0.00000
11.95000  8.00675  1.28728  1.24199  0.00000  0.10000  0.00000  0.00000  0.00000
11.96000  8.13338  1.64175  1.08077  0.00000  0.10000  0.00000  0.00000  0.00000
11.97000  7.89756  0.10166  1.19900  0.00000  0.10000  0.00000  0.00000  0.00000
11.98000  7.71468  3.45256  1.25267  0.00000  0.10000  0.00000  0.00000  0.00000
11.99000  7.80785  2.82644  1.23292  0.00000  0.10000  0.00000  0.00000  0.00000
12.00000  7.67821  1.53698  1.42345  0.00000  0.10000  0.00000  0.00000  0.00000
12.01000  7.96260  3.23777  1.79009  0.00000  0.10000  0.00000  0.00000  0.00000
12.02000  8.08791  2.32783  1.31269  0.00000  0.10000  0.00000  0.00000  0.00000
12.03000  7.89271  1.63440  1.35412  0.00000  0.10000  0.00000  0.00000  0.00000
12.04000  7.85449  1.72241  1.39624  0.00000  0.10000  0.00000  0.00000  0.00000
12.05000  7.63273 -0.89125  1.76153  0.00000  0.10000  0.00000  0.00000  0.00000
12.06000  7.98581  0.03924  1.81630  0.00000  0.10000  0.00000  0.00000  0.00000
12.07000  8.36063  2.52728  1.52445  0.00000  0.10000  0.00000  0.00000  0.00000
12.08000  8.07742 -0.95928  1.23822  0.00000  0.10000  0.00000  0.00000  0.00000
12.09000  8.22960  0.69430  0.93807  0.00000  0.10000  0.00000  0.00000  0.00000
12.10000  8.19033 -0.20517  0.95385  0.00000  0.10000  0.00000  0.00000  0.00000
12.11000  8.17277 -0.21264  0.81743  0.00000  0.10000  0.00000  0.00000  0.00000
12.12000  8.16930 -2.25365  0.47715  0.00000  0.10000  0.00000  0.00000  0.00000
12.13000  8.03346 -2.17394  0.42722  0.00000  0.10000  0.00000  0.00000  0.00000
12.14000  8.20146 -2.15771  0.45933  0.00000  0.10000  0.00000  0.00000  0.00000
12.15000  7.87510 -1.82499  0.22213  0.00000  0.10000  0.00000  0.00000  0.00000
12.16000  7.87598  1.05225  0.15926  0.00000  0.10000  0.00000  0.00000  0.00000
12.17000  8.01120 -2.62170  0.19208  0.00000  0.10000  0.00000  0.00000  0.00000
12.18000  7.86754 -3.62068  0.04238  0.00000  0.10000  0.00000  0.00000  0.00000
12.19000  7.94902 -3.62083  0.62904  0.00000  0.10000  0.00000  0.00000  0.00000
12.20000  8.22462 -7.05308 -0.07177  0.00000  0.10000  0.00000  0.00000  0.00000
12.21000  8.26711 -5.63126 -0.41014  0.00000  0.10000  0.00000  0.00000  0.00000
12.22000  8.32139 -5.39820 -0.44186  0.00000  0.10000  0.00000  0.00000  0.00000
12.23000  8.43472 -6.04390 -0.45994  0.00000  0.10000  0.00000  0.00000  0.00000
12.24000  8.78445 -4.56888 -0.19405  0.00000  0.10000  0.00000  0.00000  0.00000
12.25000  8.56071 -5.82849 -0.42362  0.00000  0.10000  0.00000  0.00000  0.00000
12.26000  8.51358 -5.30200 -0.12148  0.00000  0.10000  0.00000  0.00000  0.00000
12.27000  8.46241 -8.25358  0.22576  0.00000  0.10000  0.00000  0.00000  0.00000
12.28000  8.77035 -5.60072  0.18472  0.00000  0.10000  0.00000  0.00000  0.00000
12.29000  8.80324 -7.39320  0.03866  0.00000  0.10000  0.00000  0.00000  0.00000
12.30000  8.81137 -6.83160  0.32091  0.00000  0.10000  0.00000  0.00000  0.00000
12.31000  8.87819 -7.38601  0.32656  0.00000  0.10000  0.00000  0.00000  0.00000
12.32000  8.79537 -7.65061 -0.16466  0.00000  0.10000  0.00000  0.00000  0.00000
12.33000  8.87230 -5.63689  0.25825  0.00000  0.10000  0.00000  0.00000  0.00000
12.34000  8.93388 -7.28510 -0.16801  0.00000  0.10000  0.00000  0.00000  0.00000
12.35000  8.82283 -6.64579 -0.04861  0.00000  0.10000  0.00000  0.00000  0.00000
12.36000  8.70278 -4.58073 -0.16003  0.00000  0.10000  0.00000  0.00000  0.00000
12.37000  8.19384 -6.91148  0.19272  0.00000  0.10000  0.00000  0.00000  0.00000
12.38000  8.26428 -6.28797  0.07209  0.00000  0.10000  0.00000  0.00000  0.00000
12.39000  8.29627 -5.73732  0.40153  0.00000  0.10000  0.00000  0.00000  0.00000
12.40000  8.10416 -6.07992  0.66387  0.00000  0.10000  0.00000  0.00000  0.00000
12.41000  7.69851 -5.11616  0.68390  0.00000  0.10000  0.00000  0.00000  0.00000
12.42000  7.77584 -0.87225  0.89327  0.00000  0.10000  0.00000  0.00000  0.00000
12.43000  7.76892 -5.10948  1.14496  0.00000  0.10000  0.00000  0.00000  0.00000
12.44000  8.10762 -3.34887  1.00492  0.00000  0.10000  0.00000  0.00000  0.00000
12.45000  8.10875 -6.54998  1.25247  0.00000  0.10000  0.00000  0.00000  0.00000
12.46000  8.45700 -9.04138  1.21526  0.00000  0.10000  0.00000  0.00000  0.00000
12.47000  8.18874 -3.85501  0.84194  0.00000  0.10000  0.00000  0.00000  0.00000
12.48000  8.07179 -7.68811  1.11317  0.00000  0.10000  0.00000  0.00000  0.00000
12.49000  8.08958 -9.73233  0.81211  0.00000  0.10000  0.00000  0.00000  0.00000
12.50000  7.81969 -10.26969  0.92133  0.00000  0.10000  0.00000  0.00000  0.00000
12.51000  7.85802 -8.93268  0.91463  0.00000  0.10000  0.00000  0.00000  0.00000
12.52000  7.47028 -9.18886  0.99279  0.00000  0.10000  0.00000  0.00000  0.00000
12.53000  7.59353 -4.74843  0.68076  0.00000  0.10000  0.00000  0.00000  0.00000
12.54000  7.80125 -2.45346  0.60552  0.00000  0.10000  0.00000  0.00000  0.00000
12.55000  8.02727 -3.46297  0.31594  0.00000  0.10000  0.00000  0.00000  0.00000
12.56000  7.74866 -4.53815 -0.02137  0.00000  0.10000  0.00000  0.00000  0.00000
12.57000  7.74681 -1.61073  0.27487  0.00000  0.10000  0.00000  0.00000  0.00000
12.58000  7.50995 -1.62124  0.22534  0.00000  0.10000  0.00000  0.00000  0.00000
12.59000  7.89888  0.58135 -0.19051  0.00000  0.10000  0.00000  0.00000  0.00000
12.60000  8.02000  1.75322 -0.24484  0.00000  0.10000  0.00000  0.00000  0.00000
12.61000  7.95906  0.13266 -0.33501  0.00000  0.10000  0.00000  0.00000  0.00000
12.62000  8.00774  1.10163  0.02573  0.00000  0.10000  0.00000  0.00000  0.00000
12.63000  7.79703 -2.04537  0.26024  0.00000  0.10000  0.00000  0.00000  0.00000
12.64000  7.74483 -2.83202 -0.42874  0.00000  0.10000  0.00000  0.00000  0.00000
12.65000  8.18760 -2.17725 -0.38939  0.00000  0.10000  0.00000  0.00000  0.00000
12.66000  8.10328 -2.72745 -0.45435  0.00000  0.10000  0.00000  0.00000  0.00000
12.67000  8.21856 -3.76489 -0.65499  0.00000  0.10000  0.00000  0.00000  0.00000
12.68000  8.20503 -0.33818 -0.18654  0.00000  0.10000  0.00000  0.00000  0.00000
12.69000  8.30352 -2.00462 -0.27426  0.00000  0.10000  0.00000  0.00000  0.00000
12.70000  8.52571 -2.32312 -0.19295  0.00000  0.10000  0.00000  0.00000  0.00000
12.71000  8.43957 -0.92224 -0.19141  0.00000  0.10000  0.00000  0.00000  0.00000
12.72000  8.35624 -1.86658 -0.18903  0.00000  0.10000  0.00000  0.00000  0.00000
12.73000  8.60411  0.80869  0.41322  0.00000  0.10000  0.00000  0.00000  0.00000
12.74000  8.44195 -2.10594  0.59713  0.00000  0.10000  0.00000  0.00000  0.00000
12.75000  8.32111  3.93864  0.58873  0.00000  0.10000  0.00000  0.00000  0.00000
12.76000  8.67689  3.14792  0.97279  0.00000  0.10000  0.00000  0.00000  0.00000
12.77000  8.48700  4.28928  0.35857  0.00000  0.10000  0.00000  0.00000  0.00000
12.78000  8.34718  4.07160  0.84267  0.00000  0.10000  0.00000  0.00000  0.00000
12.79000  8.67922  5.97985  0.45765  0.00000  0.10000  0.00000  0.00000  0.00000
12.80000  8.39329  1.46336  0.49990  0.00000  0.10000  0.00000  0.00000  0.00000
12.81000  8.52360  1.43233  0.53913  0.00000  0.10000  0.00000  0.00000  0.00000
12.82000  8.48332  1.24449  0.44211  0.00000  0.10000  0.00000  0.00000  0.00000
12.83000  8.51273  1.92603  0.49393  0.00000  0.10000  0.00000  0.00000  0.00000
12.84000  8.40924  2.38045  0.35571  0.00000  0.10000  0.00000  0.00000  0.00000
12.85000  7.99740  0.24382  0.42854  0.00000  0.10000  0.00000  0.00000  0.00000
12.86000  8.20500  1.57462  0.61248  0.00000  0.10000  0.00000  0.00000  0.00000
12.87000  7.93480  4.49616  0.39644  0.00000  0.10000  0.00000  0.00000  0.00000
12.88000  8.08283  2.86832 -0.04065  0.00000  0.10000  0.00000  0.00000  0.00000
12.89000  8.42126  2.84447  0.47004  0.00000  0.10000  0.00000  0.00000  0.00000
12.90000  8.10729  2.05306  0.65745  0.00000  0.10000  0.00000  0.00000  0.00000
12.91000  8.42641  5.71190  0.84633  0.00000  0.10000  0.00000  0.00000  0.00000
12.92000  8.49276  1.09732  0.35906  0.00000  0.10000  0.00000  0.00000  0.00000
12.93000  8.50617  2.16738  0.51234  0.00000  0.10000  0.00000  0.00000  0.00000
12.94000  8.55625  1.95174 -0.11280  0.00000  0.10000  0.00000  0.00000  0.00000
12.95000  8.55283  0.56158  0.28202  0.00000  0.10000  0.00000  0.00000  0.00000
12.96000  8.45018  3.99058  0.27699  0.00000  0.10000  0.00000  0.00000  0.00000
12.97000  8.26943  2.80730  0.42043  0.00000  0.10000  0.00000  0.00000  0.00000
12.98000  8.35493 -0.19692  0.67890  0.00000  0.10000  0.00000  0.00000  0.00000
12.99000  8.31744  1.08504  0.60519  0.00000  0.10000  0.00000  0.00000  0.00000
13.00000  8.59410  1.73199  1.50370  0.00000  0.10000  0.00000  0.00000  0.00000
13.01000  8.64362  0.38873  1.17465  0.00000  0.10000  0.00000  0.00000  0.00000
13.02000  8.95065  3.07825  1.14327  0.00000  0.10000  0.00000  0.00000  0.00000
13.03000  8.91694  2.46225  1.26955  0.00000  0.10000  0.00000  0.00000  0.00000
13.04000  9.48745  3.52706  0.81225  0.00000  0.10000  0.00000  0.00000  0.00000
13.05000  9.33773  4.33863  0.88046  0.00000  0.10000  0.00000  0.00000  0.00000
13.06000  8.72326  2.05744  0.66061  0.00000  0.10000  0.00000  0.00000  0.00000
13.07000  8.47806  5.34667  0.34597  0.00000  0.10000  0.00000  0.00000  0.00000
13.08000  8.63402  5.87546  0.36787  0.00000  0.10000  0.00000  0.00000  0.00000
13.09000  8.33155  1.41054  0.42937  0.00000  0.10000  0.00000  0.00000  0.00000
13.10000  8.38321  3.77057  0.19419  0.00000  0.10000  0.00000  0.00000  0.00000
13.11000  8.50280  4.28074  0.19492  0.00000  0.10000  0.00000  0.00000  0.00000
13.12000  8.82264  5.05329  0.55756  0.00000  0.10000  0.00000  0.00000  0.00000
13.13000  9.06021  7.83665  0.81194  0.00000  0.10000  0.00000  0.00000  0.00000
13.14000  9.19391  6.58749  1.16722  0.00000  0.10000  0.00000  0.00000  0.00000
13.15000  8.94455  5.81864  1.16152  0.00000  0.10000  0.00000  0.00000  0.00000
13.16000  8.95512  9.19397  0.71330  0.00000  0.10000  0.00000  0.00000  0.00000
13.17000  9.15837  6.60371  0.61619  0.00000  0.10000  0.00000  0.00000  0.00000
13.18000  8.84496  6.22008  0.46039  0.00000  0.10000  0.00000  0.00000  0.00000
13.19000  9.29944  8.79107  0.26792  0.00000  0.10000  0.00000  0.00000  0.00000
13.20000  9.34964  9.74649  0.05410  0.00000  0.10000  0.00000  0.00000  0.00000
13.21000  9.95165  8.29409  0.08804  0.00000  0.10000  0.00000  0.00000  0.00000
13.22000  9.81410  6.07314 -0.22473  0.00000  0.10000  0.00000  0.00000  0.00000
13.23000  9.96307  4.39841  0.01141  0.00000  0.10000  0.00000  0.00000  0.00000
13.24000  9.63320  7.21875  0.06217  0.00000  0.10000  0.00000  0.00000  0.00000
13.25000  9.52343  5.74482 -0.07259  0.00000  0.10000  0.00000  0.00000  0.00000
13.26000  9.37006  5.84555 -0.43141  0.00000  0.10000  0.00000  0.00000  0.00000
13.27000  9.43265  3.71764 -0.67905  0.00000  0.10000  0.00000  0.00000  0.00000
13.28000  9.44567  4.46892 -0.60583  0.00000  0.10000  0.00000  0.00000  0.00000
13.29000  9.50720  6.25232 -0.78606  0.00000  0.10000  0.00000  0.00000  0.00000
13.30000  9.26530  5.87807 -0.54261  0.00000  0.10000  0.00000  0.00000  0.00000
13.31000  9.41316  8.43208 -0.42216  0.00000  0.10000  0.00000  0.00000  0.00000
13.32000  9.38459  7.51110 -0.16619  0.00000  0.10000  0.00000  0.00000  0.00000
13.33000  9.44550  8.29432 -0.11275  0.00000  0.10000  0.00000  0.00000  0.00000
13.34000  9.15580  8.14730 -0.35608  0.00000  0.10000  0.00000  0.00000  0.00000
13.35000  9.58815  5.99610 -0.30573  0.00000  0.10000  0.00000  0.00000  0.00000
13.36000  9.24602  3.93048 -0.37285  0.00000  0.10000  0.00000  0.00000  0.00000
13.37000  9.16967  2.45111 -0.16780  0.00000  0.10000  0.00000  0.00000  0.00000
13.38000  9.05095  3.62916 -0.54053  0.00000  0.10000  0.00000  0.00000  0.00000
13.39000  9.08245  1.90255 -0.11184  0.00000  0.10000  0.00000  0.00000  0.00000
13.40000  9.25039  2.93623 -0.30469  0.00000  0.10000  0.00000  0.00000  0.00000
13.41000  8.99564  4.02062 -0.21743  0.00000  0.10000  0.00000  0.00000  0.00000
13.42000  8.77242  0.98090  0.09265  0.00000  0.10000  0.00000  0.00000  0.00000
13.43000  8.70982  2.28836  0.02879  0.00000  0.10000  0.00000  0.00000  0.00000
13.44000  9.01503  0.08991  0.15299  0.00000  0.10000  0.00000  0.00000  0.00000
13.45000  8.74550 -2.04362  0.26790  0.00000  0.10000  0.00000  0.00000  0.00000
13.46000  8.53369 -0.80839  0.31325  0.00000  0.10000  0.00000  0.00000  0.00000
13.47000  8.74314 -2.47007  0.29684  0.00000  0.10000  0.00000  0.00000  0.00000
13.48000  8.90230 -0.63255  0.58653  0.00000  0.10000  0.00000  0.00000  0.00000
13.49000  8.39007 -0.95628  0.61721  0.00000  0.10000  0.00000  0.00000  0.00000
13.50000  8.38480  0.64039  0.82186  0.00000  0.10000  0.00000  0.00000  0.00000
13.51000  8.15533 -0.83314  0.90847  0.00000  0.10000  0.00000  0.00000  0.00000
13.52000  8.05927  2.70110  1.19082  0.00000  0.10000  0.00000  0.00000  0.00000
13.53000  7.90793  3.92722  1.55279  0.00000  0.10000  0.00000  0.00000  0.00000
13.54000  7.82082  2.74207  1.43039  0.00000  0.10000  0.00000  0.00000  0.00000
13.55000  7.88906  4.32102  0.90625  0.00000  0.10000  0.00000  0.00000  0.00000
13.56000  7.86712  0.91246  0.71258  0.00000  0.10000  0.00000  0.00000  0.00000
13.57000  7.95860  4.60957  0.88725  0.00000  0.10000  0.00000  0.00000  0.00000
13.58000  7.99829  4.40407  0.73595  0.00000  0.10000  0.00000  0.00000  0.00000
13.59000  7.79055  2.97156  0.87094  0.00000  0.10000  0.00000  0.00000  0.00000
13.60000  7.85852  1.70462  0.86969  0.00000  0.10000  0.00000  0.00000  0.00000
13.61000  8.03906  1.21694  0.10615  0.00000  0.10000  0.00000  0.00000  0.00000
13.62000  7.71331  4.82482  0.19951  0.00000  0.10000  0.00000  0.00000  0.00000
13.63000  8.05002  4.74853  0.35847  0.00000  0.10000  0.00000  0.00000  0.00000
13.64000  8.35995  6.12344  0.75246  0.00000  0.10000  0.00000  0.00000  0.00000
13.65000  8.31265  2.23436  0.46786  0.00000  0.10000  0.00000  0.00000  0.00000
13.66000  8.12642  2.51007  0.37983  0.00000  0.10000  0.00000  0.00000  0.00000
13.67000  8.30323 -1.42333 -0.07092  0.00000  0.10000  0.00000  0.00000  0.00000
13.68000  8.35865 -1.93367 -0.16545  0.00000  0.10000  0.00000  0.00000  0.00000
13.69000  8.23935 -2.93338  0.19730  0.00000  0.10000  0.00000  0.00000  0.00000
13.70000  8.09563 -2.04629  0.08207  0.00000  0.10000  0.00000  0.00000  0.00000
13.71000  7.71968 -0.20824 -0.07481  0.00000  0.10000  0.00000  0.00000  0.00000
13.72000  7.69535  2.64844  0.21628  0.00000  0.10000  0.00000  0.00000  0.00000
13.73000  7.83515  2.14590  0.37343  0.00000  0.10000  0.00000  0.00000  0.00000
13.74000  7.65905  2.22392  0.20268  0.00000  0.10000  0.00000  0.00000  0.00000
13.75000  7.62528  2.51096 -0.05604  0.00000  0.10000  0.00000  0.00000  0.00000
13.76000  7.72332  2.96938  0.45435  0.00000  0.10000  0.00000  0.00000  0.00000
13.77000  7.58773  4.86820  0.74875  0.00000  0.10000  0.00000  0.00000  0.00000
13.78000  7.70384  3.62747  0.44924  0.00000  0.10000  0.00000  0.00000  0.00000
13.79000  7.62263 -0.36300  0.49086  0.00000  0.10000  0.00000  0.00000  0.00000
13.80000  7.55523 -0.70645  0.38047  0.00000  0.10000  0.00000  0.00000  0.00000
13.81000  7.71601 -0.79780  0.14292  0.00000  0.10000  0.00000  0.00000  0.00000
13.82000  7.77569  1.12468  0.76455  0.00000  0.10000  0.00000  0.00000  0.00000
13.83000  7.87090  2.26477  0.87754  0.00000  0.10000  0.00000  0.00000  0.00000
13.84000  7.98562  0.30762  0.45513  0.00000  0.10000  0.00000  0.00000  0.00000
13.85000  7.97352  2.53160  0.66090  0.00000  0.10000  0.00000  0.00000  0.00000
13.86000  8.13535  3.37455  0.57857  0.00000  0.10000  0.00000  0.00000  0.00000
13.87000  8.33850  3.87259  0.50481  0.00000  0.10000  0.00000  0.00000  0.00000
13.88000  7.89804  5.24829  0.51145  0.00000  0.10000  0.00000  0.00000  0.00000
13.89000  8.26362  5.07939  0.59115  0.00000  0.10000  0.00000  0.00000  0.00000
13.90000  8.24565  4.29610  0.00804  0.00000  0.10000  0.00000  0.00000  0.00000
13.91000  7.88448  3.92446  0.24136  0.00000  0.10000  0.00000  0.00000  0.00000
13.92000  7.93379  5.21613  0.09637  0.00000  0.10000  0.00000  0.00000  0.00000
13.93000  8.01193  4.35401 -0.08235  0.00000  0.10000  0.00000  0.00000  0.00000
13.94000  7.42663  3.30897  0.22381  0.00000  0.10000  0.00000  0.00000  0.00000
13.95000  7.60134  3.87882  0.42055  0.00000  0.10000  0.00000  0.00000  0.00000
13.96000  7.32118  6.51755  0.47374  0.00000  0.10000  0.00000  0.00000  0.00000
13.97000  7.65938  4.88170  0.48074  0.00000  0.10000  0.00000  0.00000  0.00000
13.98000  7.34863  3.95753  0.50138  0.00000  0.10000  0.00000  0.00000  0.00000
13.99000  7.36340  5.52818  0.61586  0.00000  0.10000  0.00000  0.00000  0.00000
14.00000  7.26990  4.96692  0.57666  0.00000  0.10000  0.00000  0.00000  0.00000
14.01000  7.40142  5.75321  0.71532  0.00000  0.10000  0.00000  0.00000  0.00000
14.02000  7.49571  5.95294  0.85188  0.00000  0.10000  0.00000  0.00000  0.00000
14.03000  7.82035  6.37566  0.71955  0.00000  0.10000  0.00000  0.00000  0.00000
14.04000  7.81217  2.22072  1.00720  0.00000  0.10000  0.00000  0.00000  0.00000
14.05000  7.95565  2.56158  0.63137  0.00000  0.10000  0.00000  0.00000  0.00000
14.06000  7.82770  3.61280  0.67044  0.00000  0.10000  0.00000  0.00000  0.00000
14.07000  7.52717 -0.73420  0.77398  0.00000  0.10000  0.00000  0.00000  0.00000
14.08000  7.54553 -0.00043  0.77194  0.00000  0.10000  0.00000  0.00000  0.00000
14.09000  7.56974  2.60013  0.54510  0.00000  0.10000  0.00000  0.00000  0.00000
14.10000  7.39217  5.79356  0.43352  0.00000  0.10000  0.00000  0.00000  0.00000
14.11000  7.13220  4.86916  0.77487  0.00000  0.10000  0.00000  0.00000  0.00000
14.12000  6.96880  5.75726  0.92251  0.00000  0.10000  0.00000  0.00000  0.00000
14.13000  7.02798  6.09265  0.70156  0.00000  0.10000  0.00000  0.00000  0.00000
14.14000  7.13306  7.24647  0.60573  0.00000  0.10000  0.00000  0.00000  0.00000
14.15000  7.33169  6.05800  0.97424  0.00000  0.10000  0.00000  0.00000  0.00000
14.16000  7.37598  3.97010  0.23231  0.00000  0.10000  0.00000  0.00000  0.00000
14.17000  7.55182  4.65563  0.42549  0.00000  0.10000  0.00000  0.00000  0.00000
14.18000  7.60870  2.06372 -0.05810  0.00000  0.10000  0.00000  0.00000  0.00000
14.19000  7.74557  1.93707  0.29721  0.00000  0.10000  0.00000  0.00000  0.00000
14.20000  7.72107  3.54449  0.39698  0.00000  0.10000  0.00000  0.00000  0.00000
14.21000  7.83697  7.43672  0.07799  0.00000  0.10000  0.00000  0.00000  0.00000
14.22000  8.04480  3.74481  0.01432  0.00000  0.10000  0.00000  0.00000  0.00000
14.23000  8.07495  5.82219  0.04830  0.00000  0.10000  0.00000  0.00000  0.00000
14.24000  8.17052  5.96139  0.24823  0.00000  0.10000  0.00000  0.00000  0.00000
14.25000  8.43481  6.20594  0.26640  0.00000  0.10000  0.00000  0.00000  0.00000
14.26000  8.32624  5.39852  0.31646  0.00000  0.10000  0.00000  0.00000  0.00000
14.27000  8.12638  4.69999 -0.27487  0.00000  0.10000  0.00000  0.00000  0.00000
14.28000  8.43415  6.10859 -0.11677  0.00000  0.10000  0.00000  0.00000  0.00000
14.29000  8.54036  4.76240 -0.40861  0.00000  0.10000  0.00000  0.00000  0.00000
14.30000  8.83336  3.32412 -0.19077  0.00000  0.10000  0.00000  0.00000  0.00000
14.31000  8.26980  4.33619 -0.21180  0.00000  0.10000  0.00000  0.00000  0.00000
14.32000  8.00930  4.79983 -0.20407  0.00000  0.10000  0.00000  0.00000  0.00000
14.33000  8.04038  5.82686  0.16428  0.00000  0.10000  0.00000  0.00000  0.00000
14.34000  8.01612  6.48129  0.52645  0.00000  0.10000  0.00000  0.00000  0.00000
14.35000  8.19785  6.81230  0.21739  0.00000  0.10000  0.00000  0.00000  0.00000
14.36000  8.24285  8.12734  0.32599  0.00000  0.10000  0.00000  0.00000  0.00000
14.37000  8.20913  9.06574  0.53520  0.00000  0.10000  0.00000  0.00000  0.00000
14.38000  8.33538  5.39051  0.36435  0.00000  0.10000  0.00000  0.00000  0.00000
14.39000  8.68097  3.72631  0.38610  0.00000  0.10000  0.00000  0.00000  0.00000
14.40000  8.49928  3.63914 -0.12582  0.00000  0.10000  0.00000  0.00000  0.00000
14.41000  8.58796  7.35815 -0.05214  0.00000  0.10000  0.00000  0.00000  0.00000
14.42000  8.87415  7.72453  0.09476  0.00000  0.10000  0.00000  0.00000  0.00000
14.43000  8.94728  4.27637 -0.00603  0.00000  0.10000  0.00000  0.00000  0.00000
14.44000  8.74538  4.97322 -0.11080  0.00000  0.10000  0.00000  0.00000  0.00000
14.45000  8.89458  5.54352 -0.33845  0.00000  0.10000  0.00000  0.00000  0.00000
14.46000  9.02989  4.76978  0.09729  0.00000  0.10000  0.00000  0.00000  0.00000
14.47000  9.00815  3.61186 -0.12845  0.00000  0.10000  0.00000  0.00000  0.00000
14.48000  9.14541  3.52211 -0.20191  0.00000  0.10000  0.00000  0.00000  0.00000
14.49000  8.95780  4.61403 -0.50736  0.00000  0.10000  0.00000  0.00000  0.00000
14.50000  8.87934  3.93879 -0.54226  0.00000  0.10000  0.00000  0.00000  0.00000
14.51000  9.18749  6.13357 -0.07423  0.00000  0.10000  0.00000  0.00000  0.00000
14.52000  9.04419  4.99911 -0.12917  0.00000  0.10000  0.00000  0.00000  0.00000
14.53000  8.91607  5.31663  0.06694  0.00000  0.10000  0.00000  0.00000  0.00000
14.54000  8.98235  4.32342 -0.17930  0.00000  0.10000  0.00000  0.00000  0.00000
14.55000  8.89741  4.91138 -0.56415  0.00000  0.10000  0.00000  0.00000  0.00000
14.56000  9.17497  7.05103 -0.33315  0.00000  0.10000  0.00000  0.00000  0.00000
14.57000  9.52897  5.14061 -0.75145  0.00000  0.10000  0.00000  0.00000  0.00000
14.58000  9.46039  5.93620 -0.51791  0.00000  0.10000  0.00000  0.00000  0.00000
14.59000  9.41065  7.57736 -1.06205  0.00000  0.10000  0.00000  0.00000  0.00000
14.60000  9.43829  5.67957 -0.77594  0.00000  0.10000  0.00000  0.00000  0.00000
14.61000  9.16369  6.43175 -0.90765  0.00000  0.10000  0.00000  0.00000  0.00000
14.62000  9.09921  3.11190 -0.75646  0.00000  0.10000  0.00000  0.00000  0.00000
14.63000  9.27363  1.70019 -0.83700  0.00000  0.10000  0.00000  0.00000  0.00000
14.64000  9.21700 -0.27422 -0.50838  0.00000  0.10000  0.00000  0.00000  0.00000
14.65000  9.26209 -1.42479 -0.43297  0.00000  0.10000  0.00000  0.00000  0.00000
14.66000  9.18969 -0.88642 -0.35016  0.00000  0.10000  0.00000  0.00000  0.00000
14.67000  8.96088  0.20006 -0.53855  0.00000  0.10000  0.00000  0.00000  0.00000
14.68000  9.19458  1.51931 -0.55631  0.00000  0.10000  0.00000  0.00000  0.00000
14.69000  9.39630  1.93603 -0.26087  0.00000  0.10000  0.00000  0.00000  0.00000
14.70000  9.44522 -0.63264 -0.40720  0.00000  0.10000  0.00000  0.00000  0.00000
14.71000  9.36440  0.80466 -0.32148  0.00000  0.10000  0.00000  0.00000  0.00000
14.72000  9.32364  0.81830 -0.64180  0.00000  0.10000  0.00000  0.00000  0.00000
14.73000  9.16718 -1.18863 -0.65524  0.00000  0.10000  0.00000  0.00000  0.00000
14.74000  9.01547  0.99078 -0.53116  0.00000  0.10000  0.00000  0.00000  0.00000
14.75000  8.98196  0.62970 -0.41068  0.00000  0.10000  0.00000  0.00000  0.00000
14.76000  8.65097  0.25905 -0.09534  0.00000  0.10000  0.00000  0.00000  0.00000
14.77000  8.91409  0.90198  0.05842  0.00000  0.10000  0.00000  0.00000  0.00000
14.78000  8.99911  2.02428 -0.20802  0.00000  0.10000  0.00000  0.00000  0.00000
14.79000  9.13974  1.68161 -0.05161  0.00000  0.10000  0.00000  0.00000  0.00000
14.80000  9.00006  4.98455 -0.04412  0.00000  0.10000  0.00000  0.00000  0.00000
14.81000  8.78636  5.68662 -0.11793  0.00000  0.10000  0.00000  0.00000  0.00000
14.82000  9.10138  7.01789 -0.27865  0.00000  0.10000  0.00000  0.00000  0.00000
14.83000  8.94848  7.22590 -0.08576  0.00000  0.10000  0.00000  0.00000  0.00000
14.84000  8.93506  8.45996 -0.15670  0.00000  0.10000  0.00000  0.00000  0.00000
14.85000  9.06896  8.64669 -0.16685  0.00000  0.10000  0.00000  0.00000  0.00000
14.86000  8.77933  8.44409  0.16870  0.00000  0.10000  0.00000  0.00000  0.00000
14.87000  9.04350  7.58952  0.16646  0.00000  0.10000  0.00000  0.00000  0.00000
14.88000  9.33482  8.45489 -0.15585  0.00000  0.10000  0.00000  0.00000  0.00000
14.89000  9.48634  7.17533  0.14217  0.00000  0.10000  0.00000  0.00000  0.00000
14.90000  9.34861  5.62273  0.22048  0.00000  0.10000  0.00000  0.00000  0.00000
14.91000  9.68405  5.68033 -0.03487  0.00000  0.10000  0.00000  0.00000  0.00000
14.92000  9.84709  3.47291  0.85592  0.00000  0.10000  0.00000  0.00000  0.00000
14.93000  9.32741  4.98466  0.78928  0.00000  0.10000  0.00000  0.00000  0.00000
14.94000  9.55465  3.56155  0.60709  0.00000  0.10000  0.00000  0.00000  0.00000
14.95000  9.50112  5.70461  0.48316  0.00000  0.10000  0.00000  0.00000  0.00000
14.96000  9.26237  6.71003  0.19915  0.00000  0.10000  0.00000  0.00000  0.00000
14.97000  9.12876  8.60685  0.15638  0.00000  0.10000  0.00000  0.00000  0.00000
14.98000  9.35685  6.34484  0.25532  0.00000  0.10000  0.00000  0.00000  0.00000
14.99000  9.28513  6.98651  0.12976  0.00000  0.10000  0.00000  0.00000  0.00000
15.00000  9.35812  7.46504  0.36396  0.00000  0.10000  0.00000  0.00000  0.00000
15.01000  9.62114  7.67130  0.33249  0.00000  0.10000  0.00000  0.00000  0.00000
15.02000  9.20443  10.51521  0.38742  0.00000  0.10000  0.00000  0.00000  0.00000
15.03000  9.38613  8.83697  0.42244  0.00000  0.10000  0.00000  0.00000  0.00000
15.04000  9.75611  8.83330  0.12107  0.00000  0.10000  0.00000  0.00000  0.00000
15.05000  10.02378  9.97034 -0.35854  0.00000  0.10000  0.00000  0.00000  0.00000
15.06000  9.60017  11.94351  0.46224  0.00000  0.10000  0.00000  0.00000  0.00000
15.07000  9.94965  12.10341  0.07118  0.00000  0.10000  0.00000  0.00000  0.00000
15.08000  9.75670  9.26560 -0.04515  0.00000  0.10000  0.00000  0.00000  0.00000
15.09000  10.10243  9.58098 -0.11163  0.00000  0.10000  0.00000  0.00000  0.00000
15.10000  10.16546  13.42436  0.15603  0.00000  0.10000  0.00000  0.00000  0.00000
15.11000  10.08150  9.26022  0.73606  0.00000  0.10000  0.00000  0.00000  0.00000
15.12000  9.84953  10.32278  0.31279  0.00000  0.10000  0.00000  0.00000  0.00000
15.13000  9.77083  8.89973  0.18908  0.00000  0.10000  0.00000  0.00000  0.00000
15.14000  10.13054  7.95888  0.50919  0.00000  0.10000  0.00000  0.00000  0.00000
15.15000  10.10363  10.61101  0.56049  0.00000  0.10000  0.00000  0.00000  0.00000
15.16000  10.24134  8.71117  0.28773  0.00000  0.10000  0.00000  0.00000  0.00000
15.17000  9.76684  9.10883  0.66444  0.00000  0.10000  0.00000  0.00000  0.00000
15.18000  10.01116  9.58432  0.95492  0.00000  0.10000  0.00000  0.00000  0.00000
15.19000  10.13251  8.95724  1.09078  0.00000  0.10000  0.00000  0.00000  0.00000
15.20000  10.26997  9.97207  0.97273  0.00000  0.10000  0.00000  0.00000  0.00000
15.21000  10.16820  12.29220  0.91968  0.00000  0.10000  0.00000  0.00000  0.00000
15.22000  9.86716  15.08804  1.07477  0.00000  0.10000  0.00000  0.00000  0.00000
15.23000  9.56049  16.44675  1.02885  0.00000  0.10000  0.00000  0.00000  0.00000
15.24000  9.57840  13.40394  0.79359  0.00000  0.10000  0.00000  0.00000  0.00000
15.25000  9.87028  14.40442  1.09909  0.00000  0.10000  0.00000  0.00000  0.00000
15.26000  9.98309  12.19924  1.28380  0.00000  0.10000  0.00000  0.00000  0.00000
15.27000  9.99217  14.14709  1.24209  0.00000  0.10000  0.00000  0.00000  0.00000
15.28000  9.84400  13.99176  1.34748  0.00000  0.10000  0.00000  0.00000  0.00000
15.29000  9.68874  12.98075  0.83567  0.00000  0.10000  0.00000  0.00000  0.00000
15.30000  9.89671  10.95928  1.00691  0.00000  0.10000  0.00000  0.00000  0.00000
15.31000  9.89252  13.65553  1.12078  0.00000  0.10000  0.00000  0.00000  0.00000
15.32000  9.77661  16.29276  1.29907  0.00000  0.10000  0.00000  0.00000  0.00000
15.33000  9.65221  15.77083  1.26489  0.00000  0.10000  0.00000  0.00000  0.00000
15.34000  9.70742  15.23014  1.26748  0.00000  0.10000  0.00000  0.00000  0.00000
15.35000  9.37674  16.82570  1.57545  0.00000  0.10000  0.00000  0.00000  0.00000
15.36000  10.04769  15.47053  1.45065  0.00000  0.10000  0.00000  0.00000  0.00000
15.37000  9.98923  15.73054  1.64021  0.00000  0.10000  0.00000  0.00000  0.00000
15.38000  10.07739  14.11966  1.49139  0.00000  0.10000  0.00000  0.00000  0.00000
15.39000  10.28695  14.81471  1.31497  0.00000  0.10000  0.00000  0.00000  0.00000
15.40000  10.02615  14.61870  1.02260  0.00000  0.10000  0.00000  0.00000  0.00000
15.41000  9.56281  13.80231  1.44238  0.00000  0.10000  0.00000  0.00000  0.00000
15.42000  9.53788  14.75858  1.30361  0.00000  0.10000  0.00000  0.00000  0.00000
15.43000  9.73677  15.01069  1.43157  0.00000  0.10000  0.00000  0.00000  0.00000
15.44000  9.52894  14.24758  1.38533  0.00000  0.10000  0.00000  0.00000  0.00000
15.45000  9.64217  15.96284  1.31966  0.00000  0.10000  0.00000  0.00000  0.00000
15.46000  9.60276  15.50618  1.34670  0.00000  0.10000  0.00000  0.00000  0.00000
15.47000  9.76632  13.41717  1.24418  0.00000  0.10000  0.00000  0.00000  0.00000
15.48000  9.64025  14.13470  0.88473  0.00000  0.10000  0.00000  0.00000  0.00000
15.49000  9.75249  16.95774  0.71808  0.00000  0.10000  0.00000  0.00000  0.00000
15.50000  9.80732  17.07030  0.64875  0.00000  0.10000  0.00000  0.00000  0.00000
15.51000  9.81915  15.88023  0.81320  0.00000  0.10000  0.00000  0.00000  0.00000
15.52000  9.50137  15.40714  1.16329  0.00000  0.10000  0.00000  0.00000  0.00000
15.53000  9.28651  14.59139  0.99019  0.00000  0.10000  0.00000  0.00000  0.00000
15.54000  9.10755  13.39837  0.89220  0.00000  0.10000  0.00000  0.00000  0.00000
15.55000  9.73375  14.07900  1.01350  0.00000  0.10000  0.00000  0.00000  0.00000
15.56000  9.52624  17.49511  0.95930  0.00000  0.10000  0.00000  0.00000  0.00000
15.57000  9.63841  18.18237  0.91332  0.00000  0.10000  0.00000  0.00000  0.00000
15.58000  9.35236  19.74902  0.44117  0.00000  0.10000  0.00000  0.00000  0.00000
15.59000  9.21819  20.62782  0.77940  0.00000  0.10000  0.00000  0.00000  0.00000
15.60000  9.29189  20.33327  0.69040  0.00000  0.10000  0.00000  0.00000  0.00000
15.61000  9.23491  18.10839  1.08154  0.00000  0.10000  0.00000  0.00000  0.00000
15.62000  9.23151  20.16663  0.76938  0.00000  0.10000  0.00000  0.00000  0.00000
15.63000  9.59227  19.80304  0.67524  0.00000  0.10000  0.00000  0.00000  0.00000
15.64000  9.37966  19.76069  0.48117  0.00000  0.10000  0.00000  0.00000  0.00000
15.65000  9.70689  19.64693  0.78692  0.00000  0.10000  0.00000  0.00000  0.00000
15.66000  10.08225  18.14048  1.10058  0.00000  0.10000  0.00000  0.00000  0.00000
15.67000  9.66626  19.48334  0.93834  0.00000  0.10000  0.00000  0.00000  0.00000
15.68000  9.76785  18.22919  1.06906  0.00000  0.10000  0.00000  0.00000  0.00000
15.69000  9.79928  18.25665  0.96501  0.00000  0.10000  0.00000  0.00000  0.00000
15.70000  9.91502  18.05379  0.55868  0.00000  0.10000  0.00000  0.00000  0.00000
15.71000  10.22537  17.35659  0.27806  0.00000  0.10000  0.00000  0.00000  0.00000
15.72000  10.22548  17.78472  0.08635  0.00000  0.10000  0.00000  0.00000  0.00000
15.73000  10.25455  15.02086  0.07331  0.00000  0.10000  0.00000  0.00000  0.00000
15.74000  10.09446  13.39928  0.14024  0.00000  0.10000  0.00000  0.00000  0.00000
15.75000  10.13422  14.85530 -0.01369  0.00000  0.10000  0.00000  0.00000  0.00000
15.76000  9.98714  15.57650  0.10562  0.00000  0.10000  0.00000  0.00000  0.00000
15.77000  9.62297  15.68335  0.08750  0.00000  0.10000  0.00000  0.00000  0.00000
15.78000  9.62455  16.23863  0.10001  0.00000  0.10000  0.00000  0.00000  0.00000
15.79000  9.79677  12.23672  0.24145  0.00000  0.10000  0.00000  0.00000  0.00000
15.80000  9.51531  13.84457  0.43867  0.00000  0.10000  0.00000  0.00000  0.00000
15.81000  9.67843  14.18928  0.11723  0.00000  0.10000  0.00000  0.00000  0.00000
15.82000  9.66791  14.04719  0.55102  0.00000  0.10000  0.00000  0.00000  0.00000
15.83000  9.57328  11.63401  0.08189  0.00000  0.10000  0.00000  0.00000  0.00000
15.84000  9.63026  10.58554  0.02447  0.00000  0.10000  0.00000  0.00000  0.00000
15.85000  9.52343  11.24212 -0.22759  0.00000  0.10000  0.00000  0.00000  0.00000
15.86000  9.79127  11.36352 -0.01214  0.00000  0.10000  0.00000  0.00000  0.00000
15.87000  9.70238  9.17432 -0.30143  0.00000  0.10000  0.00000  0.00000  0.00000
15.88000  9.36977  9.99027 -0.05611  0.00000  0.10000  0.00000  0.00000  0.00000
15.89000  9.19307  11.32172  0.05753  0.00000  0.10000  0.00000  0.00000  0.00000
15.90000  9.45363  10.76380 -0.10342  0.00000  0.10000  0.00000  0.00000  0.00000
15.91000  9.54139  12.88225 -0.18085  0.00000  0.10000  0.00000  0.00000  0.00000
15.92000  9.42013  12.74440 -0.24599  0.00000  0.10000  0.00000  0.00000  0.00000
15.93000  9.97220  11.51265 -0.37379  0.00000  0.10000  0.00000  0.00000  0.00000
15.94000  9.84508  11.89919 -0.32435  0.00000  0.10000  0.00000  0.00000  0.00000
15.95000  9.63580  10.53084 -0.26729  0.00000  0.10000  0.00000  0.00000  0.00000
15.96000  9.91806  10.86284 -0.28897  0.00000  0.10000  0.00000  0.00000  0.00000
15.97000  10.06798  10.64745  0.04039  0.00000  0.10000  0.00000  0.00000  0.00000
15.98000  9.90969  9.57898 -0.12521  0.00000  0.10000  0.00000  0.00000  0.00000
15.99000  10.13750  8.19353 -0.07446  0.00000  0.10000  0.00000  0.00000  0.00000
16.00000  10.14272  7.54689  0.26002  0.00000  0.10000  0.00000  0.00000  0.00000
16.01000  10.18328  6.59780 -0.24527  0.00000  0.10000  0.00000  0.00000  0.00000
16.02000  10.61817  7.22941 -0.59354  0.00000  0.10000  0.00000  0.00000  0.00000
16.03000  10.74795  6.37085 -0.05871  0.00000  0.10000  0.00000  0.00000  0.00000
16.04000  10.19241  9.46935 -0.37316  0.00000  0.10000  0.00000  0.00000  0.00000
16.05000  10.26227  11.29187 -0.13620  0.00000  0.10000  0.00000  0.00000  0.00000
16.06000  10.26487  11.34657  0.00402  0.00000  0.10000  0.00000  0.00000  0.00000
16.07000  10.11087  12.04519  0.16199  0.00000  0.10000  0.00000  0.00000  0.00000
16.08000  10.45946  10.43325 -0.14420  0.00000  0.10000  0.00000  0.00000  0.00000
16.09000  10.39979  8.88947 -0.51102  0.00000  0.10000  0.00000  0.00000  0.00000
16.10000  10.67174  10.05588 -0.55954  0.00000  0.10000  0.00000  0.00000  0.00000
16.11000  10.80935  11.36643 -0.40477  0.00000  0.10000  0.00000  0.00000  0.00000
16.12000  10.70847  10.86060 -0.41099  0.00000  0.10000  0.00000  0.00000  0.00000
16.13000  10.53625  9.99061 -0.46931  0.00000  0.10000  0.00000  0.00000  0.00000
16.14000  10.66939  10.88520 -0.46001  0.00000  0.10000  0.00000  0.00000  0.00000
16.15000  10.28004  11.33145 -0.44920  0.00000  0.10000  0.00000  0.00000  0.00000
16.16000  10.11924  13.80792 -0.06097  0.00000  0.10000  0.00000  0.00000  0.00000
16.17000  10.28452  13.53856  0.28268  0.00000  0.10000  0.00000  0.00000  0.00000
16.18000  10.03956  12.12566 -0.25915  0.00000  0.10000  0.00000  0.00000  0.00000
16.19000  10.13603  10.54940 -0.07410  0.00000  0.10000  0.00000  0.00000  0.00000
16.20000  10.18493  12.67323 -0.03879  0.00000  0.10000  0.00000  0.00000  0.00000
16.21000  10.13520  13.65433 -0.37508  0.00000  0.10000  0.00000  0.00000  0.00000
16.22000  10.12884  11.99231 -0.37700  0.00000  0.10000  0.00000  0.00000  0.00000
16.23000  10.23527  10.71264 -0.79303  0.00000  0.10000  0.00000  0.00000  0.00000
16.24000  10.21372  7.38756 -0.85362  0.00000  0.10000  0.00000  0.00000  0.00000
16.25000  10.43541  6.19051 -0.67371  0.00000  0.10000  0.00000  0.00000  0.00000
16.26000  10.05986  7.53733 -0.69672  0.00000  0.10000  0.00000  0.00000  0.00000
16.27000  10.28894  6.59604 -0.93639  0.00000  0.10000  0.00000  0.00000  0.00000
16.28000  10.39117  7.58560 -0.85010  0.00000  0.10000  0.00000  0.00000  0.00000
16.29000  10.25052  6.86671 -0.60250  0.00000  0.10000  0.00000  0.00000  0.00000
16.30000  10.38019  8.28048 -0.54801  0.00000  0.10000  0.00000  0.00000  0.00000
16.31000  10.70295  8.42336 -0.21365  0.00000  0.10000  0.00000  0.00000  0.00000
16.32000  11.03123  8.67641 -0.36382  0.00000  0.10000  0.00000  0.00000  0.00000
16.33000  10.69087  11.52085 -0.36259  0.00000  0.10000  0.00000  0.00000  0.00000
16.34000  10.45053  10.08897 -0.22476  0.00000  0.10000  0.00000  0.00000  0.00000
16.35000  10.51605  9.59419  0.31314  0.00000  0.10000  0.00000  0.00000  0.00000
16.36000  10.25454  10.22703 -0.12399  0.00000  0.10000  0.00000  0.00000  0.00000
16.37000  10.09177  9.38733  0.31373  0.00000  0.10000  0.00000  0.00000  0.00000
16.38000  10.43659  10.01274  0.42937  0.00000  0.10000  0.00000  0.00000  0.00000
16.39000  10.19717  9.72143  0.86112  0.00000  0.10000  0.00000  0.00000  0.00000
16.40000  10.17258  8.59016  0.54995  0.00000  0.10000  0.00000  0.00000  0.00000
16.41000  10.29580  9.55942  0.26364  0.00000  0.10000  0.00000  0.00000  0.00000
16.42000  10.54202  9.01208  0.69757  0.00000  0.10000  0.00000  0.00000  0.00000
16.43000  10.49907  11.28203  0.80508  0.00000  0.10000  0.00000  0.00000  0.00000
16.44000  10.52499  11.54984  0.88421  0.00000  0.10000  0.00000  0.00000  0.00000
16.45000  10.23259  14.54102  0.59149  0.00000  0.10000  0.00000  0.00000  0.00000
16.46000  10.15600  14.78119 -0.15915  0.00000  0.10000  0.00000  0.00000  0.00000
16.47000  9.93951  14.52351  0.19709  0.00000  0.10000  0.00000  0.00000  0.00000
16.48000  10.21632  14.11032 -0.06640  0.00000  0.10000  0.00000  0.00000  0.00000
16.49000  9.79136  13.56719  0.07894  0.00000  0.10000  0.00000  0.00000  0.00000
16.50000  10.03979  14.68198 -0.00667  0.00000  0.10000  0.00000  0.00000  0.00000
16.51000  10.30215  13.96673 -0.10918  0.00000  0.10000  0.00000  0.00000  0.00000
16.52000  9.69996  14.73986  0.34346  0.00000  0.10000  0.00000  0.00000  0.00000
16.53000  9.92484  13.38369  0.74554  0.00000  0.10000  0.00000  0.00000  0.00000
16.54000  9.99097  14.05897  0.97617  0.00000  0.10000  0.00000  0.00000  0.00000
16.55000  10.12071  12.92182  0.74715  0.00000  0.10000  0.00000  0.00000  0.00000
16.56000  10.03531  12.30500  0.61674  0.00000  0.10000  0.00000  0.00000  0.00000
16.57000  10.01893  13.93735  0.93145  0.00000  0.10000  0.00000  0.00000  0.00000
16.58000  9.78328  13.46544  0.99543  0.00000  0.10000  0.00000  0.00000  0.00000
16.59000  9.96577  14.13533  1.03262  0.00000  0.10000  0.00000  0.00000  0.00000
16.60000  10.23798  13.96333  0.95158  0.00000  0.10000  0.00000  0.00000  0.00000
16.61000  9.98490  13.09244  0.81287  0.00000  0.10000  0.00000  0.00000  0.00000
16.62000  10.20579  13.54479  0.76535  0.00000  0.10000  0.00000  0.00000  0.00000
16.63000  10.29293  12.25885  0.73320  0.00000  0.10000  0.00000  0.00000  0.00000
16.64000  10.49562  14.60173  0.77875  0.00000  0.10000  0.00000  0.00000  0.00000
16.65000  10.54698  12.32832  0.87593  0.00000  0.10000  0.00000  0.00000  0.00000
16.66000  10.35454  11.70868  0.76550  0.00000  0.10000  0.00000  0.00000  0.00000
16.67000  10.20487  11.92152  1.03960  0.00000  0.10000  0.00000  0.00000  0.00000
16.68000  10.37933  12.35942  0.98246  0.00000  0.10000  0.00000  0.00000  0.00000
16.69000  10.44044  12.86224  0.68484  0.00000  0.10000  0.00000  0.00000  0.00000
16.70000  10.29247  11.75520  0.49944  0.00000  0.10000  0.00000  0.00000  0.00000
16.71000  10.22359  12.40556  0.17518  0.00000  0.10000  0.00000  0.00000  0.00000
16.72000  10.36243  12.06538  0.51677  0.00000  0.10000  0.00000  0.00000  0.00000
16.73000  10.75464  12.71201  0.74700  0.00000  0.10000  0.00000  0.00000  0.00000
16.74000  10.80956  11.79880  1.07040  0.00000  0.10000  0.00000  0.00000  0.00000
16.75000  10.89047  10.93494  1.01352  0.00000  0.10000  0.00000  0.00000  0.00000
16.76000  10.79550  11.45515  0.99193  0.00000  0.10000  0.00000  0.00000  0.00000
16.77000  10.77508  11.71087  0.98180  0.00000  0.10000  0.00000  0.00000  0.00000
16.78000  11.18364  11.18516  1.31959  0.00000  0.10000  0.00000  0.00000  0.00000
16.79000  10.98805  11.89778  1.25281  0.00000  0.10000  0.00000  0.00000  0.00000
16.80000  11.43275  12.26941  1.05455  0.00000  0.10000  0.00000  0.00000  0.00000
16.81000  11.29755  11.88163  0.88193  0.00000  0.10000  0.00000  0.00000  0.00000
16.82000  11.23567  10.01389  0.75202  0.00000  0.10000  0.00000  0.00000  0.00000
16.83000  11.37315  8.91278  0.72365  0.00000  0.10000  0.00000  0.00000  0.00000
16.84000  11.09634  7.50958  1.35318  0.00000  0.10000  0.00000  0.00000  0.00000
16.85000  10.89955  6.66266  1.08893  0.00000  0.10000  0.00000  0.00000  0.00000
16.86000  11.20373  7.41107  1.03943  0.00000  0.10000  0.00000  0.00000  0.00000
16.87000  11.15200  6.56687  1.17830  0.00000  0.10000  0.00000  0.00000  0.00000
16.88000  11.01880  7.15864  1.01481  0.00000  0.10000  0.00000  0.00000  0.00000
16.89000  11.15166  5.47229  1.20588  0.00000  0.10000  0.00000  0.00000  0.00000
16.90000  10.88408  3.24750  0.75110  0.00000  0.10000  0.00000  0.00000  0.00000
16.91000  11.01696  3.09175  0.92399  0.00000  0.10000  0.00000  0.00000  0.00000
16.92000  10.78873  1.06305  0.77945  0.00000  0.10000  0.00000  0.00000  0.00000
16.93000  10.97907  0.16800  0.17001  0.00000  0.10000  0.00000  0.00000  0.00000
16.94000  10.83724  0.39471  0.41360  0.00000  0.10000  0.00000  0.00000  0.00000
16.95000  10.67355  0.40205  0.36656  0.00000  0.10000  0.00000  0.00000  0.00000
16.96000  10.75586 -2.14172  0.80699  0.00000  0.10000  0.00000  0.00000  0.00000
16.97000  11.06700 -2.49443  0.72286  0.00000  0.10000  0.00000  0.00000  0.00000
16.98000  10.91146 -2.60784  0.88044  0.00000  0.10000  0.00000  0.00000  0.00000
16.99000  10.84751 -3.27117  0.73185  0.00000  0.10000  0.00000  0.00000  0.00000
17.00000  10.42553 -2.56175  0.77718  0.00000  0.10000  0.00000  0.00000  0.00000
17.01000  10.47796 -1.60201  0.77258  0.00000  0.10000  0.00000  0.00000  0.00000
17.02000  10.46476 -0.72498  0.91486  0.00000  0.10000  0.00000  0.00000  0.00000
17.03000  10.77054 -2.53514  0.82345  0.00000  0.10000  0.00000  0.00000  0.00000
17.04000  10.92815 -1.62239  0.79826  0.00000  0.10000  0.00000  0.00000  0.00000
17.05000  11.06133 -1.15822  0.78508  0.00000  0.10000  0.00000  0.00000  0.00000
17.06000  11.27632 -1.61115  0.48558  0.00000  0.10000  0.00000  0.00000  0.00000
17.07000  11.39219 -1.43751  0.34477  0.00000  0.10000  0.00000  0.00000  0.00000
17.08000  11.26562 -1.50752 -0.14811  0.00000  0.10000  0.00000  0.00000  0.00000
17.09000  11.39753  0.18183 -0.38274  0.00000  0.10000  0.00000  0.00000  0.00000
17.10000  11.74998  1.12936 -0.31987  0.00000  0.10000  0.00000  0.00000  0.00000
17.11000  11.61544  1.29901 -0.58160  0.00000  0.10000  0.00000  0.00000  0.00000
17.12000  11.72934  3.15240 -0.54733  0.00000  0.10000  0.00000  0.00000  0.00000
17.13000  11.87642  2.37662 -0.63126  0.00000  0.10000  0.00000  0.00000  0.00000
17.14000  11.81418  1.89649 -0.43099  0.00000  0.10000  0.00000  0.00000  0.00000
17.15000  11.73317  0.49905 -0.41188  0.00000  0.10000  0.00000  0.00000  0.00000
17.16000  11.62211  0.01593 -0.49590  0.00000  0.10000  0.00000  0.00000  0.00000
17.17000  11.61139  0.23517 -0.37848  0.00000  0.10000  0.00000  0.00000  0.00000
17.18000  11.68886  0.65974 -0.54444  0.00000  0.10000  0.00000  0.00000  0.00000
17.19000  11.62374  1.05477 -0.66363  0.00000  0.10000  0.00000  0.00000  0.00000
17.20000  11.80152 -1.00688 -0.43487  0.00000  0.10000  0.00000  0.00000  0.00000
17.21000  11.89191  0.53397 -0.73199  0.00000  0.10000  0.00000  0.00000  0.00000
17.22000  12.03234 -0.22070 -0.68202  0.00000  0.10000  0.00000  0.00000  0.00000
17.23000  11.77730  0.17252 -0.36467  0.00000  0.10000  0.00000  0.00000  0.00000
17.24000  11.78837  0.90636 -0.24765  0.00000  0.10000  0.00000  0.00000  0.00000
17.25000  11.97350  1.22585 -0.03580  0.00000  0.10000  0.00000  0.00000  0.00000
17.26000  11.46304  0.84023  0.11767  0.00000  0.10000  0.00000  0.00000  0.00000
17.27000  11.53397  0.39060  0.61896  0.00000  0.10000  0.00000  0.00000  0.00000
17.28000  11.49930  3.08478  0.54689  0.00000  0.10000  0.00000  0.00000  0.00000
17.29000  11.27709  2.68797  0.47073  0.00000  0.10000  0.00000  0.00000  0.00000
17.30000  11.38204  2.50657  0.57473  0.00000  0.10000  0.00000  0.00000  0.00000
17.31000  11.47560  2.91550  0.59842  0.00000  0.10000  0.00000  0.00000  0.00000
17.32000  11.41306  2.49700  0.52014  0.00000  0.10000  0.00000  0.00000  0.00000
17.33000  11.31442  3.62455  0.30209  0.00000  0.10000  0.00000  0.00000  0.00000
17.34000  11.18704  3.76217  0.56581  0.00000  0.10000  0.00000  0.00000  0.00000
17.35000  11.69075  5.21335  0.29750  0.00000  0.10000  0.00000  0.00000  0.00000
17.36000  11.35720  4.08049 -0.29903  0.00000  0.10000  0.00000  0.00000  0.00000
17.37000  11.19134  4.77202 -0.77356  0.00000  0.10000  0.00000  0.00000  0.00000
17.38000  11.39670  5.03868 -0.90318  0.00000  0.10000  0.00000  0.00000  0.00000
17.39000  10.79917  4.69568 -1.16365  0.00000  0.10000  0.00000  0.00000  0.00000
17.40000  11.04096  4.14033 -1.03990  0.00000  0.10000  0.00000  0.00000  0.00000
17.41000  10.97352  4.39355 -1.02881  0.00000  0.10000  0.00000  0.00000  0.00000
17.42000  10.60093  4.94458 -1.04956  0.00000  0.10000  0.00000  0.00000  0.00000
17.43000  10.57747  6.82980 -1.09831  0.00000  0.10000  0.00000  0.00000  0.00000
17.44000  10.65199  7.89794 -1.03823  0.00000  0.10000  0.00000  0.00000  0.00000
17.45000  11.31233  7.00090 -1.12135  0.00000  0.10000  0.00000  0.00000  0.00000
17.46000  11.30251  7.12946 -0.81990  0.00000  0.10000  0.00000  0.00000  0.00000
17.47000  11.12142  6.46459 -1.22937  0.00000  0.10000  0.00000  0.00000  0.00000
17.48000  11.11120  6.10822 -0.88013  0.00000  0.10000  0.00000  0.00000  0.00000
17.49000  10.90609  7.64882 -1.10514  0.00000  0.10000  0.00000  0.00000  0.00000
17.50000  10.60902  6.28702 -1.05898  0.00000  0.10000  0.00000  0.00000  0.00000
17.51000  10.46878  5.17647 -1.01374  0.00000  0.10000  0.00000  0.00000  0.00000
17.52000  10.81361  4.31433 -1.04759  0.00000  0.10000  0.00000  0.00000  0.00000
17.53000  11.03915  1.53638 -1.14830  0.00000  0.10000  0.00000  0.00000  0.00000
17.54000  10.73231  4.36106 -1.50053  0.00000  0.10000  0.00000  0.00000  0.00000
17.55000  10.93805  4.70844 -1.62666  0.00000  0.10000  0.00000  0.00000  0.00000
17.56000  10.91819  3.26174 -1.28030  0.00000  0.10000  0.00000  0.00000  0.00000
17.57000  11.08062  2.81551 -1.00660  0.00000  0.10000  0.00000  0.00000  0.00000
17.58000  11.13025  4.42335 -0.56309  0.00000  0.10000  0.00000  0.00000  0.00000
17.59000  10.95279  4.58282 -0.43880  0.00000  0.10000  0.00000  0.00000  0.00000
17.60000  10.77456  7.53455 -0.77293  0.00000  0.10000  0.00000  0.00000  0.00000
17.61000  10.68925  6.13678 -0.69183  0.00000  0.10000  0.00000  0.00000  0.00000
17.62000  10.53332  8.12595 -0.36204  0.00000  0.10000  0.00000  0.00000  0.00000
17.63000  10.70811  6.02339 -0.13204  0.00000  0.10000  0.00000  0.00000  0.00000
17.64000  10.44359  7.39194 -0.49128  0.00000  0.10000  0.00000  0.00000  0.00000
17.65000  10.42522  5.95376 -0.43674  0.00000  0.10000  0.00000  0.00000  0.00000
17.66000  10.11120  5.84012 -0.74867  0.00000  0.10000  0.00000  0.00000  0.00000
17.67000  10.33767  5.21861 -0.71984  0.00000  0.10000  0.00000  0.00000  0.00000
17.68000  10.01829  3.67642 -0.33307  0.00000  0.10000  0.00000  0.00000  0.00000
17.69000  9.98295  5.82700 -0.34814  0.00000  0.10000  0.00000  0.00000  0.00000
17.70000  10.14419  3.94108 -0.18741  0.00000  0.10000  0.00000  0.00000  0.00000
17.71000  10.53491  7.67340 -0.08492  0.00000  0.10000  0.00000  0.00000  0.00000
17.72000  10.61660  4.85099 -0.31177  0.00000  0.10000  0.00000  0.00000  0.00000
17.73000  10.42514  6.33537 -0.33886  0.00000  0.10000  0.00000  0.00000  0.00000
17.74000  10.70375  6.35203 -0.75316  0.00000  0.10000  0.00000  0.00000  0.00000
17.75000  10.86364  6.50231 -0.78256  0.00000  0.10000  0.00000  0.00000  0.00000
17.76000  10.91407  6.09346 -0.56389  0.00000  0.10000  0.00000  0.00000  0.00000
17.77000  10.91915  6.19014 -0.62492  0.00000  0.10000  0.00000  0.00000  0.00000
17.78000  10.69176  7.35363 -0.64541  0.00000  0.10000  0.00000  0.00000  0.00000
17.79000  10.57857  7.73310 -0.29616  0.00000  0.10000  0.00000  0.00000  0.00000
17.80000  10.33762  7.04874 -0.24617  0.00000  0.10000  0.00000  0.00000  0.00000
17.81000  10.58419  6.13999 -0.16160  0.00000  0.10000  0.00000  0.00000  0.00000
17.82000  10.54829  5.67242 -0.25641  0.00000  0.10000  0.00000  0.00000  0.00000
17.83000  10.07454  6.37582 -0.73366  0.00000  0.10000  0.00000  0.00000  0.00000
17.84000  10.18050  6.27769 -0.89466  0.00000  0.10000  0.00000  0.00000  0.00000
17.85000  9.90172  3.72796 -0.76535  0.00000  0.10000  0.00000  0.00000  0.00000
17.86000  9.91734  5.38783 -0.93977  0.00000  0.10000  0.00000  0.00000  0.00000
17.87000  10.01366  3.02200 -0.80633  0.00000  0.10000  0.00000  0.00000  0.00000
17.88000  10.36300  2.11578 -0.81131  0.00000  0.10000  0.00000  0.00000  0.00000
17.89000  10.33761  3.58724 -0.70196  0.00000  0.10000  0.00000  0.00000  0.00000
17.90000  10.59171  3.32118 -0.75306  0.00000  0.10000  0.00000  0.00000  0.00000
17.91000  10.85636  2.53645 -0.88496  0.00000  0.10000  0.00000  0.00000  0.00000
17.92000  10.70504  4.88285 -0.81914  0.00000  0.10000  0.00000  0.00000  0.00000
17.93000  10.54976  3.88362 -0.78727  0.00000  0.10000  0.00000  0.00000  0.00000
17.94000  10.70020  4.27769 -0.85740  0.00000  0.10000  0.00000  0.00000  0.00000
17.95000  10.86002  5.69861 -0.66911  0.00000  0.10000  0.00000  0.00000  0.00000
17.96000  10.94074  5.53575 -0.67036  0.00000  0.10000  0.00000  0.00000  0.00000
17.97000  10.67308  6.09869 -1.08196  0.00000  0.10000  0.00000  0.00000  0.00000
17.98000  10.62127  7.71502 -0.90293  0.00000  0.10000  0.00000  0.00000  0.00000
17.99000  11.04045  8.07293 -0.67968  0.00000  0.10000  0.00000  0.00000  0.00000
18.00000  11.30245  6.51071 -0.49942  0.00000  0.10000  0.00000  0.00000  0.00000
18.01000  11.02659  7.69107 -0.66963  0.00000  0.10000  0.00000  0.00000  0.00000
18.02000  10.69300  8.73404 -0.50333  0.00000  0.10000  0.00000  0.00000  0.00000
18.03000  11.24026  8.05381 -0.73143  0.00000  0.10000  0.00000  0.00000  0.00000
18.04000  11.04955  7.67121 -0.97845  0.00000  0.10000  0.00000  0.00000  0.00000
18.05000  11.50693  9.10142 -0.81016  0.00000  0.10000  0.00000  0.00000  0.00000
18.06000  11.46512  7.94601 -0.68190  0.00000  0.10000  0.00000  0.00000  0.00000
18.07000  11.47495  11.83751  0.06365  0.00000  0.10000  0.00000  0.00000  0.00000
18.08000  11.71329  10.73789 -0.26533  0.00000  0.10000  0.00000  0.00000  0.00000
18.09000  11.42177  11.12769 -0.39905  0.00000  0.10000  0.00000  0.00000  0.00000
18.10000  11.50564  8.95054 -0.12981  0.00000  0.10000  0.00000  0.00000  0.00000
18.11000  11.49279  11.21411 -0.09710  0.00000  0.10000  0.00000  0.00000  0.00000
18.12000  11.48738  13.34318 -0.18517  0.00000  0.10000  0.00000  0.00000  0.00000
18.13000  11.62792  11.78677 -0.35952  0.00000  0.10000  0.00000  0.00000  0.00000
18.14000  11.54994  11.20587 -0.39376  0.00000  0.10000  0.00000  0.00000  0.00000
18.15000  11.77394  9.44241 -0.08262  0.00000  0.10000  0.00000  0.00000  0.00000
18.16000  11.86325  9.86499 -0.10875  0.00000  0.10000  0.00000  0.00000  0.00000
18.17000  11.80659  10.65729 -0.04645  0.00000  0.10000  0.00000  0.00000  0.00000
18.18000  11.87762  8.42939 -0.05529  0.00000  0.10000  0.00000  0.00000  0.00000
18.19000  11.78689  9.55973  0.35274  0.00000  0.10000  0.00000  0.00000  0.00000
18.20000  11.60958  7.53919  0.34321  0.00000  0.10000  0.00000  0.00000  0.00000
18.21000  11.80914  6.82518  0.41951  0.00000  0.10000  0.00000  0.00000  0.00000
18.22000  11.97440  6.35226 -0.03514  0.00000  0.10000  0.00000  0.00000  0.00000
18.23000  11.81379  8.68794 -0.25340  0.00000  0.10000  0.00000  0.00000  0.00000
18.24000  11.61621  8.93839 -0.13111  0.00000  0.10000  0.00000  0.00000  0.00000
18.25000  11.79842  8.62848 -0.40163  0.00000  0.10000  0.00000  0.00000  0.00000
18.26000  11.93812  9.56367 -0.23046  0.00000  0.10000  0.00000  0.00000  0.00000
18.27000  12.01057  9.19018 -0.84178  0.00000  0.10000  0.00000  0.00000  0.00000
18.28000  11.99148  9.59947 -0.43527  0.00000  0.10000  0.00000  0.00000  0.00000
18.29000  12.00647  10.10315  0.04559  0.00000  0.10000  0.00000  0.00000  0.00000
18.30000  11.41937  7.00545 -0.18328  0.00000  0.10000  0.00000  0.00000  0.00000
18.31000  11.67377  7.73955 -0.13758  0.00000  0.10000  0.00000  0.00000  0.00000
18.32000  11.63906  10.29638 -0.54554  0.00000  0.10000  0.00000  0.00000  0.00000
18.33000  11.64793  11.65095 -0.23020  0.00000  0.10000  0.00000  0.00000  0.00000
18.34000  11.62827  10.09294 -0.24780  0.00000  0.10000  0.00000  0.00000  0.00000
18.35000  11.60283  9.07339 -0.42623  0.00000  0.10000  0.00000  0.00000  0.00000
18.36000  11.46752  9.65043 -0.22421  0.00000  0.10000  0.00000  0.00000  0.00000
18.37000  11.67955  10.72186 -0.83766  0.00000  0.10000  0.00000  0.00000  0.00000
18.38000  11.81431  9.18353 -0.87120  0.00000  0.10000  0.00000  0.00000  0.00000
18.39000  11.88119  8.63235 -0.95873  0.00000  0.10000  0.00000  0.00000  0.00000
18.40000  12.19789  9.25611 -0.90451  0.00000  0.10000  0.00000  0.00000  0.00000
18.41000  12.22923  8.04087 -0.54697  0.00000  0.10000  0.00000  0.00000  0.00000
18.42000  12.25091  8.45267 -0.31616  0.00000  0.10000  0.00000  0.00000  0.00000
18.43000  12.33148  10.94420 -0.58618  0.00000  0.10000  0.00000  0.00000  0.00000
18.44000  12.20673  9.36983 -0.36408  0.00000  0.10000  0.00000  0.00000  0.00000
18.45000  11.93926  9.35174 -0.43244  0.00000  0.10000  0.00000  0.00000  0.00000
18.46000  11.74838  9.98793 -0.58735  0.00000  0.10000  0.00000  0.00000  0.00000
18.47000  11.59198  8.50822 -0.58758  0.00000  0.10000  0.00000  0.00000  0.00000
18.48000  11.21883  7.66311 -0.67861  0.00000  0.10000  0.00000  0.00000  0.00000
18.49000  11.03630  6.63070 -0.87370  0.00000  0.10000  0.00000  0.00000  0.00000
18.50000  11.04670  7.55273 -0.99844  0.00000  0.10000  0.00000  0.00000  0.00000
18.51000  11.38176  7.36927 -0.58121  0.00000  0.10000  0.00000  0.00000  0.00000
18.52000  11.40030  6.25204 -0.58668  0.00000  0.10000  0.00000  0.00000  0.00000
18.53000  10.93605  6.25706 -0.72370  0.00000  0.10000  0.00000  0.00000  0.00000
18.54000  11.20688  4.61897 -0.64851  0.00000  0.10000  0.00000  0.00000  0.00000
18.55000  11.27965  3.40870 -0.63853  0.00000  0.10000  0.00000  0.00000  0.00000
18.56000  11.52796  6.18086 -1.00394  0.00000  0.10000  0.00000  0.00000  0.00000
18.57000  11.45728  6.98185 -0.91019  0.00000  0.10000  0.00000  0.00000  0.00000
18.58000  11.42433  8.52171 -1.46655  0.00000  0.10000  0.00000  0.00000  0.00000
18.59000  11.34624  9.80236 -1.17217  0.00000  0.10000  0.00000  0.00000  0.00000
18.60000  11.36113  8.98297 -0.99742  0.00000  0.10000  0.00000  0.00000  0.00000
18.61000  11.28939  7.24589 -1.34191  0.00000  0.10000  0.00000  0.00000  0.00000
18.62000  11.39473  8.43197 -1.50422  0.00000  0.10000  0.00000  0.00000  0.00000
18.63000  11.45905  7.48733 -0.94285  0.00000  0.10000  0.00000  0.00000  0.00000
18.64000  11.97892  7.33809 -1.41269  0.00000  0.10000  0.00000  0.00000  0.00000
18.65000  11.96374  7.96534 -0.74399  0.00000  0.10000  0.00000  0.00000  0.00000
18.66000  11.69226  8.95661 -1.01444  0.00000  0.10000  0.00000  0.00000  0.00000
18.67000  11.75862  8.45882 -0.79781  0.00000  0.10000  0.00000  0.00000  0.00000
18.68000  11.53279  7.79850 -1.06442  0.00000  0.10000  0.00000  0.00000  0.00000
18.69000  11.39210  8.14631 -0.96133  0.00000  0.10000  0.00000  0.00000  0.00000
18.70000  11.93888  8.41477 -0.89984  0.00000  0.10000  0.00000  0.00000  0.00000
18.71000  12.22383  8.95027 -0.97858  0.00000  0.10000  0.00000  0.00000  0.00000
18.72000  12.39349  9.08286 -1.32014  0.00000  0.10000  0.00000  0.00000  0.00000
18.73000  12.36999  7.97937 -1.21314  0.00000  0.10000  0.00000  0.00000  0.00000
18.74000  12.23077  8.57450 -1.15203  0.00000  0.10000  0.00000  0.00000  0.00000
18.75000  12.31458  8.02700 -1.62763  0.00000  0.10000  0.00000  0.00000  0.00000
18.76000  12.22107  9.64055 -1.38440  0.00000  0.10000  0.00000  0.00000  0.00000
18.77000  12.51275  8.56796 -1.13407  0.00000  0.10000  0.00000  0.00000  0.00000
18.78000  12.27148  7.25507 -1.30813  0.00000  0.10000  0.00000  0.00000  0.00000
18.79000  12.23479  9.35269 -1.56509  0.00000  0.10000  0.00000  0.00000  0.00000
18.80000  12.02853  9.91006 -1.53517  0.00000  0.10000  0.00000  0.00000  0.00000
18.81000  12.16802  10.67490 -1.40756  0.00000  0.10000  0.00000  0.00000  0.00000
18.82000  12.40926  10.10200 -1.50442  0.00000  0.10000  0.00000  0.00000  0.00000
18.83000  12.61271  12.17483 -1.11553  0.00000  0.10000  0.00000  0.00000  0.00000
18.84000  12.35681  13.06721 -0.63369  0.00000  0.10000  0.00000  0.00000  0.00000
18.85000  12.32597  12.41365 -0.91002  0.00000  0.10000  0.00000  0.00000  0.00000
18.86000  12.37687  12.18870 -0.85976  0.00000  0.10000  0.00000  0.00000  0.00000
18.87000  12.72913  12.28935 -0.97662  0.00000  0.10000  0.00000  0.00000  0.00000
18.88000  12.47425  11.42292 -1.19815  0.00000  0.10000  0.00000  0.00000  0.00000
18.89000  12.43516  10.35372 -0.97240  0.00000  0.10000  0.00000  0.00000  0.00000
18.90000  12.49435  12.54898 -1.07371  0.00000  0.10000  0.00000  0.00000  0.00000
18.91000  12.32564  12.43338 -1.08127  0.00000  0.10000  0.00000  0.00000  0.00000
18.92000  12.03294  12.57465 -1.50684  0.00000  0.10000  0.00000  0.00000  0.00000
18.93000  11.77022  11.14269 -1.32641  0.00000  0.10000  0.00000  0.00000  0.00000
18.94000  11.68468  10.47648 -1.11970  0.00000  0.10000  0.00000  0.00000  0.00000
18.95000  11.51971  10.07184 -1.25461  0.00000  0.10000  0.00000  0.00000  0.00000
18.96000  11.26577  11.44724 -1.37782  0.00000  0.10000  0.00000  0.00000  0.00000
18.97000  11.26704  9.37668 -1.28479  0.00000  0.10000  0.00000  0.00000  0.00000
18.98000  11.04577  8.50568 -1.23600  0.00000  0.10000  0.00000  0.00000  0.00000
18.99000  10.89630  10.01014 -1.56460  0.00000  0.10000  0.00000  0.00000  0.00000
19.00000  11.01335  10.09822 -1.75875  0.00000  0.10000  0.00000  0.00000  0.00000
19.01000  10.97708  9.11355 -1.87325  0.00000  0.10000  0.00000  0.00000  0.00000
19.02000  10.59666  9.44867 -1.90548  0.00000  0.10000  0.00000  0.00000  0.00000
19.03000  10.54278  10.89933 -2.12592  0.00000  0.10000  0.00000  0.00000  0.00000
19.04000  10.79568  10.01168 -1.86441  0.00000  0.10000  0.00000  0.00000  0.00000
19.05000  10.69683  10.47410 -2.08440  0.00000  0.10000  0.00000  0.00000  0.00000
19.06000  11.10449  8.14404 -1.84363  0.00000  0.10000  0.00000  0.00000  0.00000
19.07000  11.13352  7.66656 -1.87237  0.00000  0.10000  0.00000  0.00000  0.00000
19.08000  11.33303  8.60163 -1.72115  0.00000  0.10000  0.00000  0.00000  0.00000
19.09000  11.59041  9.55470 -1.94246  0.00000  0.10000  0.00000  0.00000  0.00000
19.10000  11.55880  9.10152 -1.97990  0.00000  0.10000  0.00000  0.00000  0.00000
19.11000  11.48223  7.94654 -1.46915  0.00000  0.10000  0.00000  0.00000  0.00000
19.12000  11.03399  8.51716 -1.04008  0.00000  0.10000  0.00000  0.00000  0.00000
19.13000  10.67422  6.57803 -1.04103  0.00000  0.10000  0.00000  0.00000  0.00000
19.14000  10.81291  6.90030 -0.93193  0.00000  0.10000  0.00000  0.00000  0.00000
19.15000  10.62079  4.40869 -1.20761  0.00000  0.10000  0.00000  0.00000  0.00000
19.16000  10.70488  3.47869 -1.28788  0.00000  0.10000  0.00000  0.00000  0.00000
19.17000  10.65415  4.30446 -1.33757  0.00000  0.10000  0.00000  0.00000  0.00000
19.18000  10.91283  4.04630 -0.95459  0.00000  0.10000  0.00000  0.00000  0.00000
19.19000  10.87548  3.62940 -0.79194  0.00000  0.10000  0.00000  0.00000  0.00000
19.20000  10.31749  4.34989 -1.24671  0.00000  0.10000  0.00000  0.00000  0.00000
19.21000  10.57691  3.29062 -1.47936  0.00000  0.10000  0.00000  0.00000  0.00000
19.22000  10.81660  4.48911 -1.44262  0.00000  0.10000  0.00000  0.00000  0.00000
19.23000  10.94802  3.89898 -1.03189  0.00000  0.10000  0.00000  0.00000  0.00000
19.24000  10.83159  3.37988 -1.52887  0.00000  0.10000  0.00000  0.00000  0.00000
19.25000  11.20884  3.17175 -0.85647  0.00000  0.10000  0.00000  0.00000  0.00000
19.26000  11.11720  5.65903 -1.05780  0.00000  0.10000  0.00000  0.00000  0.00000
19.27000  11.32196  5.34640 -0.87954  0.00000  0.10000  0.00000  0.00000  0.00000
19.28000  11.69223  4.94079 -1.37841  0.00000  0.10000  0.00000  0.00000  0.00000
19.29000  11.28344  4.61685 -1.36948  0.00000  0.10000  0.00000  0.00000  0.00000
19.30000  11.33953  5.57608 -0.68382  0.00000  0.10000  0.00000  0.00000  0.00000
19.31000  11.49131  6.14923 -0.81339  0.00000  0.10000  0.00000  0.00000  0.00000
19.32000  11.77489  4.33412 -0.76321  0.00000  0.10000  0.00000  0.00000  0.00000
19.33000  11.61431  4.86643 -1.15716  0.00000  0.10000  0.00000  0.00000  0.00000
19.34000  11.59258  5.27273 -0.65600  0.00000  0.10000  0.00000  0.00000  0.00000
19.35000  11.86883  6.67102 -0.85532  0.00000  0.10000  0.00000  0.00000  0.00000
19.36000  11.94313  7.54636 -0.97055  0.00000  0.10000  0.00000  0.00000  0.00000
19.37000  11.91353  6.45442 -0.91533  0.00000  0.10000  0.00000  0.00000  0.00000
19.38000  11.78256  6.45254 -0.47778  0.00000  0.10000  0.00000  0.00000  0.00000
19.39000  11.69894  7.33021 -0.21935  0.00000  0.10000  0.00000  0.00000  0.00000
19.40000  11.98778  6.94198 -0.01203  0.00000  0.10000  0.00000  0.00000  0.00000
19.41000  11.91022  6.49109 -0.08185  0.00000  0.10000  0.00000  0.00000  0.00000
19.42000  11.59606  8.28822 -0.25957  0.00000  0.10000  0.00000  0.00000  0.00000
19.43000  11.63119  7.84911 -0.77194  0.00000  0.10000  0.00000  0.00000  0.00000
19.44000  11.70059  6.94929 -0.74045  0.00000  0.10000  0.00000  0.00000  0.00000
19.45000  11.81668  8.02633 -0.38292  0.00000  0.10000  0.00000  0.00000  0.00000
19.46000  12.14998  7.37165 -0.60389  0.00000  0.10000  0.00000  0.00000  0.00000
19.47000  12.05974  5.20951 -0.71746  0.00000  0.10000  0.00000  0.00000  0.00000
19.48000  11.65730  7.49437 -0.45900  0.00000  0.10000  0.00000  0.00000  0.00000
19.49000  11.50144  5.65402 -0.72650  0.00000  0.10000  0.00000  0.00000  0.00000
19.50000  11.40073  6.26333 -0.82718  0.00000  0.10000  0.00000  0.00000  0.00000
19.51000  11.27515  4.98188 -0.71373  0.00000  0.10000  0.00000  0.00000  0.00000
19.52000  11.55612  3.42540 -0.08881  0.00000  0.10000  0.00000  0.00000  0.00000
19.53000  11.64280  3.69669 -0.34802  0.00000  0.10000  0.00000  0.00000  0.00000
19.54000  11.76309  4.67899 -0.23911  0.00000  0.10000  0.00000  0.00000  0.00000
19.55000  11.63129  4.97734  0.06963  0.00000  0.10000  0.00000  0.00000  0.00000
19.56000  11.82383  3.74769 -0.33407  0.00000  0.10000  0.00000  0.00000  0.00000
19.57000  11.93956  4.85946 -0.19928  0.00000  0.10000  0.00000  0.00000  0.00000
19.58000  12.13435  5.28510  0.20612  0.00000  0.10000  0.00000  0.00000  0.00000
19.59000  11.95781  4.41495  0.07622  0.00000  0.10000  0.00000  0.00000  0.00000
19.60000  12.19247  5.94640  0.06959  0.00000  0.10000  0.00000  0.00000  0.00000
19.61000  11.99037  5.43588  0.65754  0.00000  0.10000  0.00000  0.00000  0.00000
19.62000  12.05528  5.12737  0.69631  0.00000  0.10000  0.00000  0.00000  0.00000
19.63000  12.51940  6.03129  0.68610  0.00000  0.10000  0.00000  0.00000  0.00000
19.64000  12.45640  3.13589  0.57910  0.00000  0.10000  0.00000  0.00000  0.00000
19.65000  12.33774  4.94851  0.75174  0.00000  0.10000  0.00000  0.00000  0.00000
19.66000  12.17588  6.00312  0.54969  0.00000  0.10000  0.00000  0.00000  0.00000
19.67000  12.51232  7.41824 -0.00636  0.00000  0.10000  0.00000  0.00000  0.00000
19.68000  12.14636  6.29759  0.51237  0.00000  0.10000  0.00000  0.00000  0.00000
19.69000  12.28657  4.33775  0.16790  0.00000  0.10000  0.00000  0.00000  0.00000
19.70000  11.86207  5.53590  0.30213  0.00000  0.10000  0.00000  0.00000  0.00000
19.71000  11.77813  3.73369  0.08721  0.00000  0.10000  0.00000  0.00000  0.00000
19.72000  12.05680  4.14083  0.71460  0.00000  0.10000  0.00000  0.00000  0.00000
19.73000  11.58879  2.92546  0.88635  0.00000  0.10000  0.00000  0.00000  0.00000
19.74000  11.66156  1.68899  0.95555  0.00000  0.10000  0.00000  0.00000  0.00000
19.75000  11.23795  4.11229  0.91121  0.00000  0.10000  0.00000  0.00000  0.00000
19.76000  11.44861  5.44188  0.71639  0.00000  0.10000  0.00000  0.00000  0.00000
19.77000  11.61434  6.56492  0.95938  0.00000  0.10000  0.00000  0.00000  0.00000
19.78000  11.54700  6.27967  0.71031  0.00000  0.10000  0.00000  0.00000  0.00000
19.79000  11.21527  5.67770  0.53271  0.00000  0.10000  0.00000  0.00000  0.00000
19.80000  11.38123  3.57606  0.63272  0.00000  0.10000  0.00000  0.00000  0.00000
19.81000  11.33056  4.96938  0.67092  0.00000  0.10000  0.00000  0.00000  0.00000
19.82000  11.42658  5.12802  0.24503  0.00000  0.10000  0.00000  0.00000  0.00000
19.83000  11.53639  4.57065  0.10833  0.00000  0.10000  0.00000  0.00000  0.00000
19.84000  11.50170  3.06155  0.06462  0.00000  0.10000  0.00000  0.00000  0.00000
19.85000  11.62451  4.14109 -0.42583  0.00000  0.10000  0.00000  0.00000  0.00000
19.86000  11.64733  4.99483 -0.29033  0.00000  0.10000  0.00000  0.00000  0.00000
19.87000  11.53230  3.85419  0.16110  0.00000  0.10000  0.00000  0.00000  0.00000
19.88000  12.07205  3.12072  0.32181  0.00000  0.10000  0.00000  0.00000  0.00000
19.89000  11.64937  3.78741  0.55530  0.00000  0.10000  0.00000  0.00000  0.00000
19.90000  11.75418  1.60614  0.52340  0.00000  0.10000  0.00000  0.00000  0.00000
19.91000  11.90834  1.94795  0.45032  0.00000  0.10000  0.00000  0.00000  0.00000
19.92000  11.98217  3.12230  0.69942  0.00000  0.10000  0.00000  0.00000  0.00000
19.93000  12.25585  3.73341  0.59071  0.00000  0.10000  0.00000  0.00000  0.00000
19.94000  12.19188  3.76643  0.85733  0.00000  0.10000  0.00000  0.00000  0.00000
19.95000  12.22974  4.05074  0.77460  0.00000  0.10000  0.00000  0.00000  0.00000
19.96000  11.99797  3.06963  0.29245  0.00000  0.10000  0.00000  0.00000  0.00000
19.97000  11.83258  3.27446  0.33271  0.00000  0.10000  0.00000  0.00000  0.00000
19.98000  11.85218  3.97761  0.37321  0.00000  0.10000  0.00000  0.00000  0.00000
19.99000  12.16673  3.16528 -0.06537  0.00000  0.10000  0.00000  0.00000  0.00000
20.00000  11.93857  2.39324 -0.08564  0.00000  0.10000  0.00000  0.00000  0.00000
20.01000  12.21624  3.87959 -0.05004  0.00000  0.10000  0.00000  0.00000  0.00000
20.02000  11.81136  4.46380  0.01614  0.00000  0.10000  0.00000  0.00000  0.00000
20.03000  11.73360  4.45206  0.04006  0.00000  0.10000  0.00000  0.00000  0.00000
20.04000  11.39049  3.08038  0.01849  0.00000  0.10000  0.00000  0.00000  0.00000
20.05000  11.41929  2.24250 -0.18215  0.00000  0.10000  0.00000  0.00000  0.00000
20.06000  11.45894  4.51357 -0.23798  0.00000  0.10000  0.00000  0.00000  0.00000
20.07000  11.33864  5.81600 -0.20949  0.00000  0.10000  0.00000  0.00000  0.00000
20.08000  11.25715  5.06814 -0.04882  0.00000  0.10000  0.00000  0.00000  0.00000
20.09000  11.59063  5.96431 -1.02189  0.00000  0.10000  0.00000  0.00000  0.00000
20.10000  11.49858  4.79914 -1.19541  0.00000  0.10000  0.00000  0.00000  0.00000
20.11000  11.31916  6.90673 -1.45113  0.00000  0.10000  0.00000  0.00000  0.00000
20.12000  11.40382  6.65796 -0.55606  0.00000  0.10000  0.00000  0.00000  0.00000
20.13000  11.26562  4.30171 -0.31704  0.00000  0.10000  0.00000  0.00000  0.00000
20.14000  11.27508  2.23055  0.04451  0.00000  0.10000  0.00000  0.00000  0.00000
20.15000  11.04759  6.65696 -0.26270  0.00000  0.10000  0.00000  0.00000  0.00000
20.16000  11.06925  5.43723 -0.43091  0.00000  0.10000  0.00000  0.00000  0.00000
20.17000  11.18309  7.22186 -0.37545  0.00000  0.10000  0.00000  0.00000  0.00000
20.18000  11.11208  6.78309 -0.05189  0.00000  0.10000  0.00000  0.00000  0.00000
20.19000  11.28745  5.52721  0.01642  0.00000  0.10000  0.00000  0.00000  0.00000
20.20000  11.26943  5.27553  0.24954  0.00000  0.10000  0.00000  0.00000  0.00000
20.21000  11.43542  5.99366  0.34188  0.00000  0.10000  0.00000  0.00000  0.00000
20.22000  11.39281  7.10933  0.03216  0.00000  0.10000  0.00000  0.00000  0.00000
20.23000  11.87798  6.99346  0.15576  0.00000  0.10000  0.00000  0.00000  0.00000
20.24000  11.94783  6.80616  0.19137  0.00000  0.10000  0.00000  0.00000  0.00000
20.25000  12.33307  6.71489 -0.16164  0.00000  0.10000  0.00000  0.00000  0.00000
20.26000  11.82604  6.57194 -0.53180  0.00000  0.10000  0.00000  0.00000  0.00000
20.27000  11.81707  6.32301 -0.39976  0.00000  0.10000  0.00000  0.00000  0.00000
20.28000  12.03138  6.05355 -0.03061  0.00000  0.10000  0.00000  0.00000  0.00000
20.29000  11.85260  7.05013 -0.58198  0.00000  0.10000  0.00000  0.00000  0.00000
20.30000  11.94357  6.96035 -0.52580  0.00000  0.10000  0.00000  0.00000  0.00000
20.31000  11.95294  6.71213 -1.02862  0.00000  0.10000  0.00000  0.00000  0.00000
20.32000  12.13687  6.63024 -0.80239  0.00000  0.10000  0.00000  0.00000  0.00000
20.33000  12.24134  5.26982 -0.72419  0.00000  0.10000  0.00000  0.00000  0.00000
20.34000  12.44457  6.58675 -0.22608  0.00000  0.10000  0.00000  0.00000  0.00000
20.35000  12.73097  5.05951 -0.13870  0.00000  0.10000  0.00000  0.00000  0.00000
20.36000  12.58879  6.36811 -0.22679  0.00000  0.10000  0.00000  0.00000  0.00000
20.37000  12.63958  4.88519 -0.05928  0.00000  0.10000  0.00000  0.00000  0.00000
20.38000  12.55175  5.02282 -0.21771  0.00000  0.10000  0.00000  0.00000  0.00000
20.39000  12.41978  5.16886 -0.67108  0.00000  0.10000  0.00000  0.00000  0.00000
20.40000  11.93749  4.69902 -0.62321  0.00000  0.10000  0.00000  0.00000  0.00000
20.41000  12.42634  4.19816  0.00466  0.00000  0.10000  0.00000  0.00000  0.00000
20.42000  12.30943  6.59898  0.10036  0.00000  0.10000  0.00000  0.00000  0.00000
20.43000  12.46327  7.21842  0.42240  0.00000  0.10000  0.00000  0.00000  0.00000
20.44000  12.66895  6.26275  0.17896  0.00000  0.10000  0.00000  0.00000  0.00000
20.45000  12.28199  7.74413  0.03789  0.00000  0.10000  0.00000  0.00000  0.00000
20.46000  12.33542  7.46652  0.26428  0.00000  0.10000  0.00000  0.00000  0.00000
20.47000  12.03785  7.79759  0.28081  0.00000  0.10000  0.00000  0.00000  0.00000
20.48000  12.30025  7.68712  0.51027  0.00000  0.10000  0.00000  0.00000  0.00000
20.49000  12.10325  8.95568  0.70653  0.00000  0.10000  0.00000  0.00000  0.00000
20.50000  11.92000  7.42622  0.35122  0.00000  0.10000  0.00000  0.00000  0.00000
20.51000  12.57900  7.30077 -0.08848  0.00000  0.10000  0.00000  0.00000  0.00000
20.52000  12.66128  7.98261  0.20448  0.00000  0.10000  0.00000  0.00000  0.00000
20.53000  11.97612  7.34055 -0.11195  0.00000  0.10000  0.00000  0.00000  0.00000
20.54000  12.26896  7.12014 -0.06765  0.00000  0.10000  0.00000  0.00000  0.00000
20.55000  12.61767  8.39969 -0.02602  0.00000  0.10000  0.00000  0.00000  0.00000
20.56000  12.57115  9.19049 -0.20589  0.00000  0.10000  0.00000  0.00000  0.00000
20.57000  11.99247  9.17987 -0.05461  0.00000  0.10000  0.00000  0.00000  0.00000
20.58000  11.74889  9.40898  0.29354  0.00000  0.10000  0.00000  0.00000  0.00000
20.59000  11.44707  9.76813  0.00927  0.00000  0.10000  0.00000  0.00000  0.00000
20.60000  11.44944  9.16195  0.29122  0.00000  0.10000  0.00000  0.00000  0.00000
20.61000  11.34847  8.65779  0.18794  0.00000  0.10000  0.00000  0.00000  0.00000
20.62000  11.02663  8.23801  0.38472  0.00000  0.10000  0.00000  0.00000  0.00000
20.63000  10.98564  8.35977  0.32400  0.00000  0.10000  0.00000  0.00000  0.00000
20.64000  11.09131  7.21061  0.04752  0.00000  0.10000  0.00000  0.00000  0.00000
20.65000  11.48752  7.21939  0.24248  0.00000  0.10000  0.00000  0.00000  0.00000
20.66000  11.52748  9.40288  0.34997  0.00000  0.10000  0.00000  0.00000  0.00000
20.67000  11.45971  8.28844 -0.18835  0.00000  0.10000  0.00000  0.00000  0.00000
20.68000  11.96885  7.96170  0.47161  0.00000  0.10000  0.00000  0.00000  0.00000
20.69000  11.81248  9.07697  0.41616  0.00000  0.10000  0.00000  0.00000  0.00000
20.70000  11.45635  9.09803  0.26809  0.00000  0.10000  0.00000  0.00000  0.00000
20.71000  11.35834  7.10064  0.18186  0.00000  0.10000  0.00000  0.00000  0.00000
20.72000  11.59198  6.53798  0.31807  0.00000  0.10000  0.00000  0.00000  0.00000
20.73000  11.59860  6.44428  0.03792  0.00000  0.10000  0.00000  0.00000  0.00000
20.74000  11.69483  8.65060  0.14453  0.00000  0.10000  0.00000  0.00000  0.00000
20.75000  11.39234  6.92454  0.03030  0.00000  0.10000  0.00000  0.00000  0.00000
20.76000  11.75739  7.92195 -0.00086  0.00000  0.10000  0.00000  0.00000  0.00000
20.77000  11.74921  9.63827 -0.08486  0.00000  0.10000  0.00000  0.00000  0.00000
20.78000  11.94947  12.77951  0.13579  0.00000  0.10000  0.00000  0.00000  0.00000
20.79000  11.57155  13.02104 -0.30895  0.00000  0.10000  0.00000  0.00000  0.00000
20.80000  11.60091  9.99532  0.30031  0.00000  0.10000  0.00000  0.00000  0.00000
20.81000  11.62737  8.00466  0.01689  0.00000  0.10000  0.00000  0.00000  0.00000
20.82000  11.65340  7.27283 -0.00955  0.00000  0.10000  0.00000  0.00000  0.00000
20.83000  11.43310  9.73724  0.22284  0.00000  0.10000  0.00000  0.00000  0.00000
20.84000  11.21049  8.97630  0.27331  0.00000  0.10000  0.00000  0.00000  0.00000
20.85000  11.45437  9.02925  0.25376  0.00000  0.10000  0.00000  0.00000  0.00000
20.86000  11.37553  10.03910 -0.29930  0.00000  0.10000  0.00000  0.00000  0.00000
20.87000  11.46484  10.53614  0.12823  0.00000  0.10000  0.00000  0.00000  0.00000
20.88000  10.99046  9.42346 -0.02889  0.00000  0.10000  0.00000  0.00000  0.00000
20.89000  11.12500  8.17667 -0.01444  0.00000  0.10000  0.00000  0.00000  0.00000
20.90000  11.57357  8.17547 -0.02151  0.00000  0.10000  0.00000  0.00000  0.00000
20.91000  11.52947  7.88454  0.03217  0.00000  0.10000  0.00000  0.00000  0.00000
20.92000  11.42914  7.88388 -0.09059  0.00000  0.10000  0.00000  0.00000  0.00000
20.93000  11.41942  8.03609  0.05175  0.00000  0.10000  0.00000  0.00000  0.00000
20.94000  11.69398  8.74104 -0.49262  0.00000  0.10000  0.00000  0.00000  0.00000
20.95000  11.41150  8.70346 -0.23597  0.00000  0.10000  0.00000  0.00000  0.00000
20.96000  11.40380  9.43952 -0.50455  0.00000  0.10000  0.00000  0.00000  0.00000
20.97000  11.23814  8.84688 -1.03523  0.00000  0.10000  0.00000  0.00000  0.00000
20.98000  11.30111  10.98503 -0.91557  0.00000  0.10000  0.00000  0.00000  0.00000
20.99000  11.44475  11.13150 -0.80512  0.00000  0.10000  0.00000  0.00000  0.00000
21.00000  11.29006  11.28490 -0.56449  0.00000  0.10000  0.00000  0.00000  0.00000
21.01000  11.26870  11.80465 -0.48516  0.00000  0.10000  0.00000  0.00000  0.00000
21.02000  11.03422  9.16776 -0.66321  0.00000  0.10000  0.00000  0.00000  0.00000
21.03000  10.83994  11.03874 -0.42003  0.00000  0.10000  0.00000  0.00000  0.00000
21.04000  11.02938  10.29975 -0.29573  0.00000  0.10000  0.00000  0.00000  0.00000
21.05000  11.00045  9.31067 -0.46680  0.00000  0.10000  0.00000  0.00000  0.00000
21.06000  11.18671  11.51733 -0.74260  0.00000  0.10000  0.00000  0.00000  0.00000
21.07000  11.08485  8.92257 -0.98545  0.00000  0.10000  0.00000  0.00000  0.00000
21.08000  11.03903  8.39087 -1.04786  0.00000  0.10000  0.00000  0.00000  0.00000
21.09000  10.69307  8.77125 -0.71271  0.00000  0.10000  0.00000  0.00000  0.00000
21.10000  11.02104  10.83544 -0.79334  0.00000  0.10000  0.00000  0.00000  0.00000
21.11000  10.93742  12.19529 -0.85925  0.00000  0.10000  0.00000  0.00000  0.00000
21.12000  11.30097  11.90346 -1.17039  0.00000  0.10000  0.00000  0.00000  0.00000
21.13000  11.20199  13.01303 -1.00618  0.00000  0.10000  0.00000  0.00000  0.00000
21.14000  10.92069  10.89620 -0.63411  0.00000  0.10000  0.00000  0.00000  0.00000
21.15000  11.32144  10.09060 -0.51642  0.00000  0.10000  0.00000  0.00000  0.00000
21.16000  11.29730  12.34622 -1.11611  0.00000  0.10000  0.00000  0.00000  0.00000
21.17000  11.51015  9.48096 -1.14580  0.00000  0.10000  0.00000  0.00000  0.00000
21.18000  11.74204  10.46992 -1.29337  0.00000  0.10000  0.00000  0.00000  0.00000
21.19000  11.58204  10.94482 -1.36211  0.00000  0.10000  0.00000  0.00000  0.00000
21.20000  11.73802  9.45302 -1.16910  0.00000  0.10000  0.00000  0.00000  0.00000
21.21000  11.47585  10.13545 -1.36582  0.00000  0.10000  0.00000  0.00000  0.00000
21.22000  11.97245  12.32630 -1.53399  0.00000  0.10000  0.00000  0.00000  0.00000
21.23000  11.79670  12.20633 -1.62544  0.00000  0.10000  0.00000  0.00000  0.00000
21.24000  11.62015  13.42799 -1.37213  0.00000  0.10000  0.00000  0.00000  0.00000
21.25000  11.65671  14.32274 -0.94659  0.00000  0.10000  0.00000  0.00000  0.00000
21.26000  11.07697  11.47876 -0.91253  0.00000  0.10000  0.00000  0.00000  0.00000
21.27000  10.80591  11.28014 -0.95648  0.00000  0.10000  0.00000  0.00000  0.00000
21.28000  10.51557  10.42722 -1.43733  0.00000  0.10000  0.00000  0.00000  0.00000
21.29000  10.61886  11.17659 -1.63165  0.00000  0.10000  0.00000  0.00000  0.00000
21.30000  10.43817  10.28221 -1.33980  0.00000  0.10000  0.00000  0.00000  0.00000
21.31000  10.03422  8.92956 -1.59216  0.00000  0.10000  0.00000  0.00000  0.00000
21.32000  10.00144  6.56857 -1.77570  0.00000  0.10000  0.00000  0.00000  0.00000
21.33000  10.15349  7.09977 -1.62065  0.00000  0.10000  0.00000  0.00000  0.00000
21.34000  10.29242  8.47998 -1.95625  0.00000  0.10000  0.00000  0.00000  0.00000
21.35000  10.21567  10.55456 -2.00940  0.00000  0.10000  0.00000  0.00000  0.00000
21.36000  9.98800  9.79482 -1.87756  0.00000  0.10000  0.00000  0.00000  0.00000
21.37000  10.12722  10.80182 -2.22999  0.00000  0.10000  0.00000  0.00000  0.00000
21.38000  10.33519  11.56600 -2.47392  0.00000  0.10000  0.00000  0.00000  0.00000
21.39000  10.25888  10.27152 -2.48437  0.00000  0.10000  0.00000  0.00000  0.00000
21.40000  10.13765  10.45272 -2.20828  0.00000  0.10000  0.00000  0.00000  0.00000
21.41000  9.91459  8.56022 -2.18271  0.00000  0.10000  0.00000  0.00000  0.00000
21.42000  9.92099  9.56139 -1.85558  0.00000  0.10000  0.00000  0.00000  0.00000
21.43000  10.28090  9.77909 -2.09851  0.00000  0.10000  0.00000  0.00000  0.00000
21.44000  10.44608  11.48809 -1.89817  0.00000  0.10000  0.00000  0.00000  0.00000
21.45000  10.54123  12.30036 -2.05450  0.00000  0.10000  0.00000  0.00000  0.00000
21.46000  10.62653  11.93601 -1.63727  0.00000  0.10000  0.00000  0.00000  0.00000
21.47000  10.91570  13.42269 -1.63638  0.00000  0.10000  0.00000  0.00000  0.00000
21.48000  10.55334  13.59595 -1.89138  0.00000  0.10000  0.00000  0.00000  0.00000
21.49000  10.91238  13.33986 -1.78366  0.00000  0.10000  0.00000  0.00000  0.00000
21.50000  10.09882  11.17957 -1.64657  0.00000  0.10000  0.00000  0.00000  0.00000
21.51000  10.14592  12.08506 -1.89076  0.00000  0.10000  0.00000  0.00000  0.00000
21.52000  9.98225  11.59344 -2.14706  0.00000  0.10000  0.00000  0.00000  0.00000
21.53000  9.77595  8.17119 -2.00108  0.00000  0.10000  0.00000  0.00000  0.00000
21.54000  10.00776  9.35298 -2.07029  0.00000  0.10000  0.00000  0.00000  0.00000
21.55000  10.17387  12.03156 -1.94527  0.00000  0.10000  0.00000  0.00000  0.00000
21.56000  10.05006  10.62073 -2.11622  0.00000  0.10000  0.00000  0.00000  0.00000
21.57000  10.08137  11.17174 -1.96594  0.00000  0.10000  0.00000  0.00000  0.00000
21.58000  10.38196  10.88344 -1.70805  0.00000  0.10000  0.00000  0.00000  0.00000
21.59000  9.77084  10.65404 -1.67059  0.00000  0.10000  0.00000  0.00000  0.00000
21.60000  9.51666  7.45837 -1.78404  0.00000  0.10000  0.00000  0.00000  0.00000
21.61000  9.68447  7.21986 -2.18824  0.00000  0.10000  0.00000  0.00000  0.00000
21.62000  9.65670  10.61983 -2.07889  0.00000  0.10000  0.00000  0.00000  0.00000
21.63000  9.60534  10.90869 -1.71726  0.00000  0.10000  0.00000  0.00000  0.00000
21.64000  9.78326  7.92377 -1.31728  0.00000  0.10000  0.00000  0.00000  0.00000
21.65000  9.60177  10.41819 -1.52988  0.00000  0.10000  0.00000  0.00000  0.00000
21.66000  9.57211  10.95023 -1.55273  0.00000  0.10000  0.00000  0.00000  0.00000
21.67000  9.76896  9.16565 -1.81064  0.00000  0.10000  0.00000  0.00000  0.00000
21.68000  9.86740  7.69970 -1.70218  0.00000  0.10000  0.00000  0.00000  0.00000
21.69000  9.62143  8.79680 -1.72474  0.00000  0.10000  0.00000  0.00000  0.00000
21.70000  10.04310  8.55786 -1.67572  0.00000  0.10000  0.00000  0.00000  0.00000
21.71000  10.21689  9.83352 -1.71444  0.00000  0.10000  0.00000  0.00000  0.00000
21.72000  9.89539  8.35096 -1.54253  0.00000  0.10000  0.00000  0.00000  0.00000
21.73000  9.81397  8.31694 -1.30992  0.00000  0.10000  0.00000  0.00000  0.00000
21.74000  10.27655  8.94002 -1.58871  0.00000  0.10000  0.00000  0.00000  0.00000
21.75000  10.19313  9.56226 -1.70205  0.00000  0.10000  0.00000  0.00000  0.00000
21.76000  10.05614  9.54926 -1.50633  0.00000  0.10000  0.00000  0.00000  0.00000
21.77000  10.06711  8.18736 -1.76777  0.00000  0.10000  0.00000  0.00000  0.00000
21.78000  10.31048  8.33402 -1.34325  0.00000  0.10000  0.00000  0.00000  0.00000
21.79000  10.41156  7.78118 -1.21426  0.00000  0.10000  0.00000  0.00000  0.00000
21.80000  10.53276  6.95801 -1.02713  0.00000  0.10000  0.00000  0.00000  0.00000
21.81000  10.55905  8.05420 -1.12703  0.00000  0.10000  0.00000  0.00000  0.00000
21.82000  10.88432  6.32886 -0.89191  0.00000  0.10000  0.00000  0.00000  0.00000
21.83000  10.75314  6.87272 -0.73253  0.00000  0.10000  0.00000  0.00000  0.00000
21.84000  10.70730  5.90338 -0.82619  0.00000  0.10000  0.00000  0.00000  0.00000
21.85000  10.78004  3.50102 -0.92866  0.00000  0.10000  0.00000  0.00000  0.00000
21.86000  10.46630  1.74524 -0.62494  0.00000  0.10000  0.00000  0.00000  0.00000
21.87000  10.45605  0.91165 -0.88425  0.00000  0.10000  0.00000  0.00000  0.00000
21.88000  10.19616  2.09154 -0.68582  0.00000  0.10000  0.00000  0.00000  0.00000
21.89000  10.08872  0.80441 -0.97516  0.00000  0.10000  0.00000  0.00000  0.00000
21.90000  10.27276  2.79973 -0.79513  0.00000  0.10000  0.00000  0.00000  0.00000
21.91000  10.18942  4.43498 -0.79105  0.00000  0.10000  0.00000  0.00000  0.00000
21.92000  10.39424  4.37691 -0.98835  0.00000  0.10000  0.00000  0.00000  0.00000
21.93000  10.08589  5.63380 -1.04310  0.00000  0.10000  0.00000  0.00000  0.00000
21.94000  10.16953  7.65533 -0.99322  0.00000  0.10000  0.00000  0.00000  0.00000
21.95000  10.09947  8.69483 -1.33165  0.00000  0.10000  0.00000  0.00000  0.00000
21.96000  10.34012  9.79087 -1.05674  0.00000  0.10000  0.00000  0.00000  0.00000
21.97000  10.19833  9.71056 -0.92628  0.00000  0.10000  0.00000  0.00000  0.00000
21.98000  10.34889  7.76932 -1.16104  0.00000  0.10000  0.00000  0.00000  0.00000
21.99000  10.40483  8.66260 -0.87375  0.00000  0.10000  0.00000  0.00000  0.00000
22.00000  10.55686  10.10591 -0.82283  0.00000  0.10000  0.00000  0.00000  0.00000
22.01000  10.97797  9.80035 -1.11707  0.00000  0.10000  0.00000  0.00000  0.00000
22.02000  10.81498  10.38532 -1.06143  0.00000  0.10000  0.00000  0.00000  0.00000
22.03000  10.88524  12.48125 -0.62478  0.00000  0.10000  0.00000  0.00000  0.00000
22.04000  10.65963  11.13427 -0.55583  0.00000  0.10000  0.00000  0.00000  0.00000
22.05000  10.89378  11.55393 -0.23379  0.00000  0.10000  0.00000  0.00000  0.00000
22.06000  10.63180  11.00531 -0.40099  0.00000  0.10000  0.00000  0.00000  0.00000
22.07000  10.89909  10.36058 -0.18176  0.00000  0.10000  0.00000  0.00000  0.00000
22.08000  10.73710  11.40773 -0.06488  0.00000  0.10000  0.00000  0.00000  0.00000
22.09000  10.87976  12.18496 -0.11981  0.00000  0.10000  0.00000  0.00000  0.00000
22.10000  10.97907  10.89466 -0.37351  0.00000  0.10000  0.00000  0.00000  0.00000
22.11000  11.06463  12.22711 -0.34940  0.00000  0.10000  0.00000  0.00000  0.00000
22.12000  10.65953  11.93158 -0.12410  0.00000  0.10000  0.00000  0.00000  0.00000
22.13000  11.01683  11.19822 -0.04283  0.00000  0.10000  0.00000  0.00000  0.00000
22.14000  10.90074  13.06958 -0.29998  0.00000  0.10000  0.00000  0.00000  0.00000
22.15000  10.65707  11.51102 -0.44585  0.00000  0.10000  0.00000  0.00000  0.00000
22.16000  10.77032  14.08842 -0.11116  0.00000  0.10000  0.00000  0.00000  0.00000
22.17000  10.30869  11.85125 -0.26995  0.00000  0.10000  0.00000  0.00000  0.00000
22.18000  10.41814  12.21163 -0.39456  0.00000  0.10000  0.00000  0.00000  0.00000
22.19000  10.28804  11.37799 -0.56047  0.00000  0.10000  0.00000  0.00000  0.00000
22.20000  10.12213  12.08792 -0.67281  0.00000  0.10000  0.00000  0.00000  0.00000
22.21000  9.90510  12.77102 -0.27848  0.00000  0.10000  0.00000  0.00000  0.00000
22.22000  10.15836  12.58754 -0.68743  0.00000  0.10000  0.00000  0.00000  0.00000
22.23000  10.03104  11.52191 -0.63144  0.00000  0.10000  0.00000  0.00000  0.00000
22.24000  10.46529  10.83940 -0.23711  0.00000  0.10000  0.00000  0.00000  0.00000
22.25000  10.67322  10.85703 -0.20977  0.00000  0.10000  0.00000  0.00000  0.00000
22.26000  10.77389  11.17624 -0.15534  0.00000  0.10000  0.00000  0.00000  0.00000
22.27000  11.03197  12.57581 -0.49997  0.00000  0.10000  0.00000  0.00000  0.00000
22.28000  11.05789  12.32534 -0.56442  0.00000  0.10000  0.00000  0.00000  0.00000
22.29000  11.14325  13.97054 -0.31526  0.00000  0.10000  0.00000  0.00000  0.00000
22.30000  11.18669  13.22327 -0.66340  0.00000  0.10000  0.00000  0.00000  0.00000
22.31000  10.94174  13.34347 -0.35914  0.00000  0.10000  0.00000  0.00000  0.00000
22.32000  10.81473  13.83386 -0.56884  0.00000  0.10000  0.00000  0.00000  0.00000
22.33000  11.12611  15.62011  0.12120  0.00000  0.10000  0.00000  0.00000  0.00000
22.34000  10.91813  13.67808 -0.00641  0.00000  0.10000  0.00000  0.00000  0.00000
22.35000  11.05710  12.88794  0.35399  0.00000  0.10000  0.00000  0.00000  0.00000
22.36000  11.01167  11.90056  0.20672  0.00000  0.10000  0.00000  0.00000  0.00000
22.37000  10.95349  13.61085  0.07764  0.00000  0.10000  0.00000  0.00000  0.00000
22.38000  10.95284  13.71812 -0.02425  0.00000  0.10000  0.00000  0.00000  0.00000
22.39000  10.55233  14.35172  0.24878  0.00000  0.10000  0.00000  0.00000  0.00000
22.40000  10.97608  12.98480  0.16893  0.00000  0.10000  0.00000  0.00000  0.00000
22.41000  10.51364  12.77948  0.39370  0.00000  0.10000  0.00000  0.00000  0.00000
22.42000  10.63648  10.09327  0.43278  0.00000  0.10000  0.00000  0.00000  0.00000
22.43000  10.92486  9.92813  0.56094  0.00000  0.10000  0.00000  0.00000  0.00000
22.44000  10.79233  10.72819  0.39168  0.00000  0.10000  0.00000  0.00000  0.00000
22.45000  11.11565  9.44811 -0.01822  0.00000  0.10000  0.00000  0.00000  0.00000
22.46000  10.67461  7.34377  0.05510  0.00000  0.10000  0.00000  0.00000  0.00000
22.47000  10.79498  8.26664  0.17132  0.00000  0.10000  0.00000  0.00000  0.00000
22.48000  10.57965  7.25334  0.28543  0.00000  0.10000  0.00000  0.00000  0.00000
22.49000  10.70766  6.54941  0.45643  0.00000  0.10000  0.00000  0.00000  0.00000
22.50000  10.48841  6.21658  0.52066  0.00000  0.10000  0.00000  0.00000  0.00000
22.51000  10.25016  7.05091  0.22579  0.00000  0.10000  0.00000  0.00000  0.00000
22.52000  10.62204  9.46566  0.24403  0.00000  0.10000  0.00000  0.00000  0.00000
22.53000  10.24418  9.57873  0.20326  0.00000  0.10000  0.00000  0.00000  0.00000
22.54000  10.47423  8.69980  0.45996  0.00000  0.10000  0.00000  0.00000  0.00000
22.55000  10.46652  8.96825  0.25826  0.00000  0.10000  0.00000  0.00000  0.00000
22.56000  10.06233  9.96573  0.31925  0.00000  0.10000  0.00000  0.00000  0.00000
22.57000  10.38319  11.69104  0.11385  0.00000  0.10000  0.00000  0.00000  0.00000
22.58000  10.54599  12.05477  0.48731  0.00000  0.10000  0.00000  0.00000  0.00000
22.59000  10.31442  10.51865  0.80104  0.00000  0.10000  0.00000  0.00000  0.00000
22.60000  10.33064  11.43609  0.73583  0.00000  0.10000  0.00000  0.00000  0.00000
22.61000  10.03543  10.47787  0.73311  0.00000  0.10000  0.00000  0.00000  0.00000
22.62000  9.82990  9.70098  0.80125  0.00000  0.10000  0.00000  0.00000  0.00000
22.63000  9.85782  10.78005  1.05761  0.00000  0.10000  0.00000  0.00000  0.00000
22.64000  9.63136  10.99098  0.86817  0.00000  0.10000  0.00000  0.00000  0.00000
22.65000  9.70332  12.77421  0.72929  0.00000  0.10000  0.00000  0.00000  0.00000
22.66000  9.81551  13.54341  0.60080  0.00000  0.10000  0.00000  0.00000  0.00000
22.67000  9.83764  13.36081  0.66836  0.00000  0.10000  0.00000  0.00000  0.00000
22.68000  9.49302  13.11763  0.40373  0.00000  0.10000  0.00000  0.00000  0.00000
22.69000  9.62203  11.03753  0.31584  0.00000  0.10000  0.00000  0.00000  0.00000
22.70000  9.23698  13.37829  0.46066  0.00000  0.10000  0.00000  0.00000  0.00000
22.71000  9.50919  12.26040  0.59040  0.00000  0.10000  0.00000  0.00000  0.00000
22.72000  9.28200  11.85918  0.31044  0.00000  0.10000  0.00000  0.00000  0.00000
22.73000  9.04112  12.92447  0.33955  0.00000  0.10000  0.00000  0.00000  0.00000
22.74000  9.10788  12.17789  0.30498  0.00000  0.10000  0.00000  0.00000  0.00000
22.75000  9.07402  10.70333  0.11534  0.00000  0.10000  0.00000  0.00000  0.00000
22.76000  9.30737  11.70643  0.07240  0.00000  0.10000  0.00000  0.00000  0.00000
22.77000  9.38905  12.19696  0.06444  0.00000  0.10000  0.00000  0.00000  0.00000
22.78000  9.30737  10.68666  0.07082  0.00000  0.10000  0.00000  0.00000  0.00000
22.79000  9.24313  10.84970  0.13339  0.00000  0.10000  0.00000  0.00000  0.00000
22.80000  9.14450  9.32865  0.53177  0.00000  0.10000  0.00000  0.00000  0.00000
22.81000  9.47831  6.14118  0.96302  0.00000  0.10000  0.00000  0.00000  0.00000
22.82000  9.77981  6.42558  0.69238  0.00000  0.10000  0.00000  0.00000  0.00000
22.83000  9.72816  6.86796  1.05848  0.00000  0.10000  0.00000  0.00000  0.00000
22.84000  9.59280  5.17056  1.04044  0.00000  0.10000  0.00000  0.00000  0.00000
22.85000  9.55606  7.25627  0.66311  0.00000  0.10000  0.00000  0.00000  0.00000
22.86000  9.60375  9.38855  0.45137  0.00000  0.10000  0.00000  0.00000  0.00000
22.87000  9.83127  9.92486  0.34211  0.00000  0.10000  0.00000  0.00000  0.00000
22.88000  9.68614  9.58263  0.38987  0.00000  0.10000  0.00000  0.00000  0.00000
22.89000  9.73440  8.34318  0.37030  0.00000  0.10000  0.00000  0.00000  0.00000
22.90000  9.73128  7.70382  0.60749  0.00000  0.10000  0.00000  0.00000  0.00000
22.91000  9.76475  6.02737 -0.00334  0.00000  0.10000  0.00000  0.00000  0.00000
22.92000  9.57838  2.81336  0.02568  0.00000  0.10000  0.00000  0.00000  0.00000
22.93000  9.38154  1.30799 -0.09817  0.00000  0.10000  0.00000  0.00000  0.00000
22.94000  9.71471  1.19900  0.10235  0.00000  0.10000  0.00000  0.00000  0.00000
22.95000  9.94884  0.94551  0.07484  0.00000  0.10000  0.00000  0.00000  0.00000
22.96000  9.90582  1.17835  0.21905  0.00000  0.10000  0.00000  0.00000  0.00000
22.97000  9.82436  2.38183  0.45431  0.00000  0.10000  0.00000  0.00000  0.00000
22.98000  9.94109 -1.03332  0.49919  0.00000  0.10000  0.00000  0.00000  0.00000
22.99000  9.90539  1.71579  0.27369  0.00000  0.10000  0.00000  0.00000  0.00000
23.00000  9.59404 -0.07284  0.17865  0.00000  0.10000  0.00000  0.00000  0.00000
23.01000  9.08739  1.33366 -0.22519  0.00000  0.10000  0.00000  0.00000  0.00000
23.02000  9.10604  2.58595  0.30902  0.00000  0.10000  0.00000  0.00000  0.00000
23.03000  9.10527  1.87253  0.21427  0.00000  0.10000  0.00000  0.00000  0.00000
23.04000  9.21306  3.32764  0.09958  0.00000  0.10000  0.00000  0.00000  0.00000
23.05000  9.51473  2.58062 -0.13596  0.00000  0.10000  0.00000  0.00000  0.00000
23.06000  9.55131  4.05394 -0.16029  0.00000  0.10000  0.00000  0.00000  0.00000
23.07000  9.66004  4.04975 -0.43297  0.00000  0.10000  0.00000  0.00000  0.00000
23.08000  9.35308  2.69413 -0.20188  0.00000  0.10000  0.00000  0.00000  0.00000
23.09000  9.53170  5.47713 -0.35329  0.00000  0.10000  0.00000  0.00000  0.00000
23.10000  9.79158  3.57599 -0.22151  0.00000  0.10000  0.00000  0.00000  0.00000
23.11000  9.52091  3.24603 -0.51820  0.00000  0.10000  0.00000  0.00000  0.00000
23.12000  9.54921  1.77891 -0.50265  0.00000  0.10000  0.00000  0.00000  0.00000
23.13000  9.10170  4.44189 -0.93094  0.00000  0.10000  0.00000  0.00000  0.00000
23.14000  9.20320  3.01023 -0.61835  0.00000  0.10000  0.00000  0.00000  0.00000
23.15000  9.55332  0.95738 -0.69164  0.00000  0.10000  0.00000  0.00000  0.00000
23.16000  9.43888  0.46316 -0.47709  0.00000  0.10000  0.00000  0.00000  0.00000
23.17000  9.19284  0.02912 -0.52225  0.00000  0.10000  0.00000  0.00000  0.00000
23.18000  9.29587  0.96058 -1.21316  0.00000  0.10000  0.00000  0.00000  0.00000
23.19000  9.56039 -0.67764 -0.90065  0.00000  0.10000  0.00000  0.00000  0.00000
23.20000  9.61592 -2.27121 -1.18747  0.00000  0.10000  0.00000  0.00000  0.00000
23.21000  9.36830 -0.82285 -0.97040  0.00000  0.10000  0.00000  0.00000  0.00000
23.22000  9.31937  0.24987 -0.65717  0.00000  0.10000  0.00000  0.00000  0.00000
23.23000  9.61174 -0.20899 -0.70681  0.00000  0.10000  0.00000  0.00000  0.00000
23.24000  9.87586  1.81769 -0.64931  0.00000  0.10000  0.00000  0.00000  0.00000
23.25000  9.84758  2.47893 -0.49472  0.00000  0.10000  0.00000  0.00000  0.00000
23.26000  9.61407  1.80224 -0.66460  0.00000  0.10000  0.00000  0.00000  0.00000
23.27000  9.61152  1.16132 -0.49563  0.00000  0.10000  0.00000  0.00000  0.00000
23.28000  9.71672  1.84378 -0.44414  0.00000  0.10000  0.00000  0.00000  0.00000
23.29000  9.58882  1.67292 -0.83772  0.00000  0.10000  0.00000  0.00000  0.00000
23.30000  9.44202  1.15795 -0.74415  0.00000  0.10000  0.00000  0.00000  0.00000
23.31000  9.23239  2.28950 -0.88227  0.00000  0.10000  0.00000  0.00000  0.00000
23.32000  9.24742  3.66816 -1.33765  0.00000  0.10000  0.00000  0.00000  0.00000
23.33000  8.62442  2.09251 -0.91304  0.00000  0.10000  0.00000  0.00000  0.00000
23.34000  8.67052  2.46213 -0.54774  0.00000  0.10000  0.00000  0.00000  0.00000
23.35000  8.49049  3.83292 -0.77505  0.00000  0.10000  0.00000  0.00000  0.00000
23.36000  8.51281  4.55462 -0.93422  0.00000  0.10000  0.00000  0.00000  0.00000
23.37000  8.92225  1.13483 -0.65970  0.00000  0.10000  0.00000  0.00000  0.00000
23.38000  8.88966 -0.59746 -0.38266  0.00000  0.10000  0.00000  0.00000  0.00000
23.39000  8.85506  1.85272 -0.50489  0.00000  0.10000  0.00000  0.00000  0.00000
23.40000  8.78554  0.43161 -0.37174  0.00000  0.10000  0.00000  0.00000  0.00000
23.41000  8.66644 -0.99664  0.00546  0.00000  0.10000  0.00000  0.00000  0.00000
23.42000  8.59825 -1.80535 -0.46931  0.00000  0.10000  0.00000  0.00000  0.00000
23.43000  8.34139 -0.60694 -0.42562  0.00000  0.10000  0.00000  0.00000  0.00000
23.44000  8.75890 -0.08577 -0.64760  0.00000  0.10000  0.00000  0.00000  0.00000
23.45000  8.83577 -4.80875 -0.24318  0.00000  0.10000  0.00000  0.00000  0.00000
23.46000  9.00077 -4.74628 -0.55333  0.00000  0.10000  0.00000  0.00000  0.00000
23.47000  8.98410 -1.63693 -0.91934  0.00000  0.10000  0.00000  0.00000  0.00000
23.48000  9.25376 -4.05422 -0.84528  0.00000  0.10000  0.00000  0.00000  0.00000
23.49000  9.31021 -4.83041 -0.80667  0.00000  0.10000  0.00000  0.00000  0.00000
23.50000  9.31576 -3.71065 -0.95865  0.00000  0.10000  0.00000  0.00000  0.00000
23.51000  9.19025 -8.35643 -0.69425  0.00000  0.10000  0.00000  0.00000  0.00000
23.52000  9.07822 -6.14363 -0.77386  0.00000  0.10000  0.00000  0.00000  0.00000
23.53000  9.16130 -7.36264 -1.15698  0.00000  0.10000  0.00000  0.00000  0.00000
23.54000  9.24209 -6.78034 -0.87117  0.00000  0.10000  0.00000  0.00000  0.00000
23.55000  9.28558 -5.77879 -0.84713  0.00000  0.10000  0.00000  0.00000  0.00000
23.56000  9.55402 -5.27348 -0.71250  0.00000  0.10000  0.00000  0.00000  0.00000
23.57000  9.27484 -8.34279 -0.83316  0.00000  0.10000  0.00000  0.00000  0.00000
23.58000  9.20470 -8.26277 -0.51480  0.00000  0.10000  0.00000  0.00000  0.00000
23.59000  9.54136 -6.86462 -0.48204  0.00000  0.10000  0.00000  0.00000  0.00000
23.60000  9.51043 -3.98573 -0.61630  0.00000  0.10000  0.00000  0.00000  0.00000
23.61000  9.43577 -3.98694 -0.47856  0.00000  0.10000  0.00000  0.00000  0.00000
23.62000  9.19565 -5.16750 -0.72549  0.00000  0.10000  0.00000  0.00000  0.00000
23.63000  9.23810 -4.47864 -0.84963  0.00000  0.10000  0.00000  0.00000  0.00000
23.64000  9.25397 -6.38196 -1.19782  0.00000  0.10000  0.00000  0.00000  0.00000
23.65000  9.40221 -4.82982 -1.24002  0.00000  0.10000  0.00000  0.00000  0.00000
23.66000  9.40633 -3.95320 -1.51446  0.00000  0.10000  0.00000  0.00000  0.00000
23.67000  9.29029 -6.79223 -1.55919  0.00000  0.10000  0.00000  0.00000  0.00000
23.68000  9.57766 -5.96611 -1.51304  0.00000  0.10000  0.00000  0.00000  0.00000
23.69000  9.69419 -8.69866 -1.23979  0.00000  0.10000  0.00000  0.00000  0.00000
23.70000  9.58171 -9.49354 -1.24802  0.00000  0.10000  0.00000  0.00000  0.00000
23.71000  9.62745 -8.87741 -1.30135  0.00000  0.10000  0.00000  0.00000  0.00000
23.72000  9.67046 -8.98323 -1.48685  0.00000  0.10000  0.00000  0.00000  0.00000
23.73000  9.20038 -7.39349 -1.36545  0.00000  0.10000  0.00000  0.00000  0.00000
23.74000  9.36807 -7.32490 -1.23207  0.00000  0.10000  0.00000  0.00000  0.00000
23.75000  9.05262 -6.08880 -1.35983  0.00000  0.10000  0.00000  0.00000  0.00000
23.76000  9.41266 -8.44689 -1.67683  0.00000  0.10000  0.00000  0.00000  0.00000
23.77000  10.05347 -11.07719 -1.68081  0.00000  0.10000  0.00000  0.00000  0.00000
23.78000  9.70085 -7.89266 -1.19991  0.00000  0.10000  0.00000  0.00000  0.00000
23.79000  9.28407 -5.84664 -1.61858  0.00000  0.10000  0.00000  0.00000  0.00000
23.80000  9.58053 -5.15550 -1.12088  0.00000  0.10000  0.00000  0.00000  0.00000
23.81000  9.60954 -5.95889 -1.44415  0.00000  0.10000  0.00000  0.00000  0.00000
23.82000  9.65424 -5.61440 -1.27634  0.00000  0.10000  0.00000  0.00000  0.00000
23.83000  9.71662 -3.48786 -1.07293  0.00000  0.10000  0.00000  0.00000  0.00000
23.84000  9.64659 -4.03609 -1.22488  0.00000  0.10000  0.00000  0.00000  0.00000
23.85000  9.45634 -6.02877 -1.40237  0.00000  0.10000  0.00000  0.00000  0.00000
23.86000  9.27515 -4.94167 -1.65431  0.00000  0.10000  0.00000  0.00000  0.00000
23.87000  9.48897 -3.67576 -1.53209  0.00000  0.10000  0.00000  0.00000  0.00000
23.88000  9.85124 -6.76384 -1.08435  0.00000  0.10000  0.00000  0.00000  0.00000
23.89000  9.52350 -6.88520 -1.75675  0.00000  0.10000  0.00000  0.00000  0.00000
23.90000  9.63799 -9.20454 -1.85971  0.00000  0.10000  0.00000  0.00000  0.00000
23.91000  9.74857 -9.96920 -1.81452  0.00000  0.10000  0.00000  0.00000  0.00000
23.92000  9.57977 -9.72582 -1.49278  0.00000  0.10000  0.00000  0.00000  0.00000
23.93000  9.50067 -9.54449 -1.49123  0.00000  0.10000  0.00000  0.00000  0.00000
23.94000  9.77558 -9.95685 -1.66968  0.00000  0.10000  0.00000  0.00000  0.00000
23.95000  10.03101 -9.38775 -1.45080  0.00000  0.10000  0.00000  0.00000  0.00000
23.96000  10.07286 -8.47422 -1.08474  0.00000  0.10000  0.00000  0.00000  0.00000
23.97000  10.06865 -9.69071 -0.95866  0.00000  0.10000  0.00000  0.00000  0.00000
23.98000  10.00019 -9.02492 -1.01928  0.00000  0.10000  0.00000  0.00000  0.00000
23.99000  10.00171 -7.53815 -0.84463  0.00000  0.10000  0.00000  0.00000  0.00000
24.00000  10.08835 -8.83773 -0.78297  0.00000  0.10000  0.00000  0.00000  0.00000
24.01000  10.41305 -8.75979 -0.76800  0.00000  0.10000  0.00000  0.00000  0.00000
24.02000  10.77810 -8.68950 -0.51367  0.00000  0.10000  0.00000  0.00000  0.00000
24.03000  10.75628 -11.44650 -0.58986  0.00000  0.10000  0.00000  0.00000  0.00000
24.04000  10.44363 -11.33286 -0.56388  0.00000  0.10000  0.00000  0.00000  0.00000
24.05000  10.19775 -12.76682 -0.53902  0.00000  0.10000  0.00000  0.00000  0.00000
24.06000  10.37180 -10.14757 -1.07855  0.00000  0.10000  0.00000  0.00000  0.00000
24.07000  10.45848 -6.34624 -0.99825  0.00000  0.10000  0.00000  0.00000  0.00000
24.08000  10.62815 -7.15808 -1.16949  0.00000  0.10000  0.00000  0.00000  0.00000
24.09000  10.74409 -7.75702 -1.48210  0.00000  0.10000  0.00000  0.00000  0.00000
24.10000  10.70684 -6.85709 -1.19992  0.00000  0.10000  0.00000  0.00000  0.00000
24.11000  10.49281 -9.41097 -0.65140  0.00000  0.10000  0.00000  0.00000  0.00000
24.12000  10.28836 -9.76936 -0.82001  0.00000  0.10000  0.00000  0.00000  0.00000
24.13000  10.43299 -9.45922 -1.26666  0.00000  0.10000  0.00000  0.00000  0.00000
24.14000  10.43643 -8.75272 -1.20051  0.00000  0.10000  0.00000  0.00000  0.00000
24.15000  10.57470 -9.22762 -1.16881  0.00000  0.10000  0.00000  0.00000  0.00000
24.16000  10.87035 -9.12458 -0.73457  0.00000  0.10000  0.00000  0.00000  0.00000
24.17000  10.74432 -8.66237 -0.42954  0.00000  0.10000  0.00000  0.00000  0.00000
24.18000  10.63682 -5.82271 -0.10665  0.00000  0.10000  0.00000  0.00000  0.00000
24.19000  10.62369 -6.72373 -0.56244  0.00000  0.10000  0.00000  0.00000  0.00000
24.20000  10.61073 -8.05346 -0.58904  0.00000  0.10000  0.00000  0.00000  0.00000
24.21000  10.44356 -7.58242 -0.53958  0.00000  0.10000  0.00000  0.00000  0.00000
24.22000  10.25534 -6.51096 -0.52822  0.00000  0.10000  0.00000  0.00000  0.00000
24.23000  10.31795 -8.59036 -0.75177  0.00000  0.10000  0.00000  0.00000  0.00000
24.24000  10.57643 -8.88046 -0.31007  0.00000  0.10000  0.00000  0.00000  0.00000
24.25000  10.64131 -7.89311 -0.40485  0.00000  0.10000  0.00000  0.00000  0.00000
24.26000  10.70417 -8.48614 -0.50703  0.00000  0.10000  0.00000  0.00000  0.00000
24.27000  10.75426 -8.97172 -0.36684  0.00000  0.10000  0.00000  0.00000  0.00000
24.28000  10.74463 -10.39115 -0.61156  0.00000  0.10000  0.00000  0.00000  0.00000
24.29000  10.84032 -10.71090 -0.80675  0.00000  0.10000  0.00000  0.00000  0.00000
24.30000  10.92445 -9.78233 -0.82402  0.00000  0.10000  0.00000  0.00000  0.00000
24.31000  10.84958 -7.17057 -0.39883  0.00000  0.10000  0.00000  0.00000  0.00000
24.32000  10.97577 -9.11916 -0.78092  0.00000  0.10000  0.00000  0.00000  0.00000
24.33000  10.98528 -8.81325 -1.12089  0.00000  0.10000  0.00000  0.00000  0.00000
24.34000  10.95654 -8.35329 -1.09293  0.00000  0.10000  0.00000  0.00000  0.00000
24.35000  10.56488 -11.27753 -0.79850  0.00000  0.10000  0.00000  0.00000  0.00000
24.36000  10.66120 -8.58230 -0.76680  0.00000  0.10000  0.00000  0.00000  0.00000
24.37000  10.50573 -8.40457 -0.38260  0.00000  0.10000  0.00000  0.00000  0.00000
24.38000  10.46524 -9.22255 -0.63149  0.00000  0.10000  0.00000  0.00000  0.00000
24.39000  10.60102 -7.69220 -0.75951  0.00000  0.10000  0.00000  0.00000  0.00000
24.40000  10.37133 -9.74859 -0.99066  0.00000  0.10000  0.00000  0.00000  0.00000
24.41000  10.37621 -8.99940 -0.61904  0.00000  0.10000  0.00000  0.00000  0.00000
24.42000  10.19576 -9.20888 -0.69763  0.00000  0.10000  0.00000  0.00000  0.00000
24.43000  10.17201 -9.85865 -0.82664  0.00000  0.10000  0.00000  0.00000  0.00000
24.44000  10.64119 -9.33764 -0.66810  0.00000  0.10000  0.00000  0.00000  0.00000
24.45000  10.48793 -8.03540 -0.99816  0.00000  0.10000  0.00000  0.00000  0.00000
24.46000  10.37314 -9.59318 -1.19746  0.00000  0.10000  0.00000  0.00000  0.00000
24.47000  10.21461 -10.71516 -0.97441  0.00000  0.10000  0.00000  0.00000  0.00000
24.48000  10.29656 -8.17799 -0.80333  0.00000  0.10000  0.00000  0.00000  0.00000
24.49000  9.97793 -9.41358 -0.74998  0.00000  0.10000  0.00000  0.00000  0.00000
24.50000  10.27677 -11.07478 -0.88595  0.00000  0.10000  0.00000  0.00000  0.00000
24.51000  9.99044 -12.46549 -0.84235  0.00000  0.10000  0.00000  0.00000  0.00000
24.52000  10.24501 -11.83930 -0.85832  0.00000  0.10000  0.00000  0.00000  0.00000
24.53000  9.80133 -11.81263 -0.95399  0.00000  0.10000  0.00000  0.00000  0.00000
24.54000  10.08855 -14.90805 -1.08918  0.00000  0.10000  0.00000  0.00000  0.00000
24.55000  10.19577 -16.20951 -0.79476  0.00000  0.10000  0.00000  0.00000  0.00000
24.56000  10.35131 -17.23229 -0.91000  0.00000  0.10000  0.00000  0.00000  0.00000
24.57000  10.28116 -15.05489 -1.07037  0.00000  0.10000  0.00000  0.00000  0.00000
24.58000  10.40043 -13.50329 -1.21404  0.00000  0.10000  0.00000  0.00000  0.00000
24.59000  10.18113 -14.62717 -1.47021  0.00000  0.10000  0.00000  0.00000  0.00000
24.60000  10.13092 -14.74383 -1.29298  0.00000  0.10000  0.00000  0.00000  0.00000
24.61000  9.83007 -11.83613 -1.11424  0.00000  0.10000  0.00000  0.00000  0.00000
24.62000  10.09079 -10.59776 -1.18025  0.00000  0.10000  0.00000  0.00000  0.00000
24.63000  10.07083 -8.56384 -1.13250  0.00000  0.10000  0.00000  0.00000  0.00000
24.64000  9.92188 -8.27504 -0.81618  0.00000  0.10000  0.00000  0.00000  0.00000
24.65000  10.34439 -10.20197 -0.68114  0.00000  0.10000  0.00000  0.00000  0.00000
24.66000  10.46235 -10.71816 -1.03821  0.00000  0.10000  0.00000  0.00000  0.00000
24.67000  10.31969 -10.35573 -0.78058  0.00000  0.10000  0.00000  0.00000  0.00000
24.68000  10.42802 -8.41119 -0.40669  0.00000  0.10000  0.00000  0.00000  0.00000
24.69000  10.37829 -9.48542 -0.57088  0.00000  0.10000  0.00000  0.00000  0.00000
24.70000  10.85424 -11.61835 -0.86178  0.00000  0.10000  0.00000  0.00000  0.00000
24.71000  11.07748 -9.73251 -0.66868  0.00000  0.10000  0.00000  0.00000  0.00000
24.72000  10.97349 -9.64650 -0.77819  0.00000  0.10000  0.00000  0.00000  0.00000
24.73000  11.00730 -9.15594 -0.61044  0.00000  0.10000  0.00000  0.00000  0.00000
24.74000  11.23398 -7.92536 -0.71052  0.00000  0.10000  0.00000  0.00000  0.00000
24.75000  11.45362 -10.55142 -0.94602  0.00000  0.10000  0.00000  0.00000  0.00000
24.76000  10.92631 -9.81434 -0.61544  0.00000  0.10000  0.00000  0.00000  0.00000
24.77000  11.18929 -10.35635 -0.61559  0.00000  0.10000  0.00000  0.00000  0.00000
24.78000  10.97360 -11.25745 -0.79302  0.00000  0.10000  0.00000  0.00000  0.00000
24.79000  10.76143 -9.35277 -0.81114  0.00000  0.10000  0.00000  0.00000  0.00000
24.80000  10.42060 -9.80213 -0.78371  0.00000  0.10000  0.00000  0.00000  0.00000
24.81000  10.49822 -8.19669 -0.57111  0.00000  0.10000  0.00000  0.00000  0.00000
24.82000  10.37130 -7.35184 -0.90916  0.00000  0.10000  0.00000  0.00000  0.00000
24.83000  10.49651 -7.52284 -0.90153  0.00000  0.10000  0.00000  0.00000  0.00000
24.84000  10.32693 -10.56852 -0.96936  0.00000  0.10000  0.00000  0.00000  0.00000
24.85000  10.31481 -8.68176 -0.72938  0.00000  0.10000  0.00000  0.00000  0.00000
24.86000  10.46774 -7.78313 -0.73290  0.00000  0.10000  0.00000  0.00000  0.00000
24.87000  10.82556 -9.25307 -0.45669  0.00000  0.10000  0.00000  0.00000  0.00000
24.88000  10.76492 -9.03105  0.05958  0.00000  0.10000  0.00000  0.00000  0.00000
24.89000  10.72443 -8.71344  0.10941  0.00000  0.10000  0.00000  0.00000  0.00000
24.90000  11.02966 -10.18276 -0.00918  0.00000  0.10000  0.00000  0.00000  0.00000
24.91000  11.15499 -7.54029 -0.22392  0.00000  0.10000  0.00000  0.00000  0.00000
24.92000  10.89784 -5.21134 -0.12453  0.00000  0.10000  0.00000  0.00000  0.00000
24.93000  10.60917 -6.23082 -0.59046  0.00000  0.10000  0.00000  0.00000  0.00000
24.94000  10.36234 -7.30477 -0.62808  0.00000  0.10000  0.00000  0.00000  0.00000
24.95000  10.40079 -5.00918 -0.99940  0.00000  0.10000  0.00000  0.00000  0.00000
24.96000  10.28420 -7.96662 -0.79500  0.00000  0.10000  0.00000  0.00000  0.00000
24.97000  10.36501 -6.85863 -0.52996  0.00000  0.10000  0.00000  0.00000  0.00000
24.98000  10.35435 -4.75866 -0.93557  0.00000  0.10000  0.00000  0.00000  0.00000
24.99000  10.53671 -3.02959 -0.70750  0.00000  0.10000  0.00000  0.00000  0.00000
25.00000  10.41976 -5.57152 -0.49378  0.00000  0.10000  0.00000  0.00000  0.00000
25.01000  10.76204 -4.24233 -0.64611  0.00000  0.10000  0.00000  0.00000  0.00000
25.02000  10.70929 -4.63194 -0.73856  0.00000  0.10000  0.00000  0.00000  0.00000
25.03000  10.55006 -5.16707 -0.68506  0.00000  0.10000  0.00000  0.00000  0.00000
25.04000  10.50822 -5.09854 -0.84427  0.00000  0.10000  0.00000  0.00000  0.00000
25.05000  10.60837 -5.24236 -1.00901  0.00000  0.10000  0.00000  0.00000  0.00000
25.06000  10.40768 -8.76788 -0.69329  0.00000  0.10000  0.00000  0.00000  0.00000
25.07000  10.53810 -9.15606 -0.36191  0.00000  0.10000  0.00000  0.00000  0.00000
25.08000  10.49289 -8.74953 -0.51421  0.00000  0.10000  0.00000  0.00000  0.00000
25.09000  10.65806 -7.11487 -0.41817  0.00000  0.10000  0.00000  0.00000  0.00000
25.10000  10.91173 -5.95496 -0.43997  0.00000  0.10000  0.00000  0.00000  0.00000
25.11000  10.47727 -5.31171 -0.73232  0.00000  0.10000  0.00000  0.00000  0.00000
25.12000  10.66897 -5.07625 -0.87358  0.00000  0.10000  0.00000  0.00000  0.00000
25.13000  10.75577 -3.74060 -1.28174  0.00000  0.10000  0.00000  0.00000  0.00000
25.14000  11.05573 -6.54814 -1.36420  0.00000  0.10000  0.00000  0.00000  0.00000
25.15000  11.08194 -5.88468 -1.17988  0.00000  0.10000  0.00000  0.00000  0.00000
25.16000  11.09692 -8.15159 -0.61750  0.00000  0.10000  0.00000  0.00000  0.00000
25.17000  11.15837 -8.29271 -0.97743  0.00000  0.10000  0.00000  0.00000  0.00000
25.18000  11.06948 -9.13871 -0.61615  0.00000  0.10000  0.00000  0.00000  0.00000
25.19000  10.86167 -8.53393 -1.19597  0.00000  0.10000  0.00000  0.00000  0.00000
25.20000  10.97737 -8.68888 -0.84213  0.00000  0.10000  0.00000  0.00000  0.00000
25.21000  11.37655 -9.39187 -0.98581  0.00000  0.10000  0.00000  0.00000  0.00000
25.22000  11.50533 -10.90147 -1.09487  0.00000  0.10000  0.00000  0.00000  0.00000
25.23000  11.61563 -10.17645 -1.13801  0.00000  0.10000  0.00000  0.00000  0.00000
25.24000  11.57220 -10.10999 -0.66915  0.00000  0.10000  0.00000  0.00000  0.00000
25.25000  11.43338 -9.99768 -1.09890  0.00000  0.10000  0.00000  0.00000  0.00000
25.26000  11.01631 -10.56617 -0.92545  0.00000  0.10000  0.00000  0.00000  0.00000
25.27000  11.28632 -12.04823 -0.86354  0.00000  0.10000  0.00000  0.00000  0.00000
25.28000  11.29754 -13.43587 -1.09201  0.00000  0.10000  0.00000  0.00000  0.00000
25.29000  11.31237 -14.08250 -0.58304  0.00000  0.10000  0.00000  0.00000  0.00000
25.30000  11.42980 -12.55270 -0.71738  0.00000  0.10000  0.00000  0.00000  0.00000
25.31000  11.62955 -12.58930 -0.29104  0.00000  0.10000  0.00000  0.00000  0.00000
25.32000  11.66602 -10.85796 -0.46628  0.00000  0.10000  0.00000  0.00000  0.00000
25.33000  11.56849 -9.03455 -0.33124  0.00000  0.10000  0.00000  0.00000  0.00000
25.34000  11.99586 -7.91976 -0.39302  0.00000  0.10000  0.00000  0.00000  0.00000
25.35000  12.31166 -8.59467 -0.02481  0.00000  0.10000  0.00000  0.00000  0.00000
25.36000  12.11828 -8.10994  0.05038  0.00000  0.10000  0.00000  0.00000  0.00000
25.37000  11.85805 -7.86575  0.18417  0.00000  0.10000  0.00000  0.00000  0.00000
25.38000  11.86566 -6.48037  0.46001  0.00000  0.10000  0.00000  0.00000  0.00000
25.39000  12.19106 -6.32703  0.47867  0.00000  0.10000  0.00000  0.00000  0.00000
25.40000  12.08635 -8.04567  0.62307  0.00000  0.10000  0.00000  0.00000  0.00000
25.41000  11.89810 -9.02547  0.45599  0.00000  0.10000  0.00000  0.00000  0.00000
25.42000  12.09577 -9.35138  0.21377  0.00000  0.10000  0.00000  0.00000  0.00000
25.43000  11.61810 -7.96344  0.77253  0.00000  0.10000  0.00000  0.00000  0.00000
25.44000  11.59908 -8.19286  0.54705  0.00000  0.10000  0.00000  0.00000  0.00000
25.45000  11.06005 -6.93170  0.44179  0.00000  0.10000  0.00000  0.00000  0.00000
25.46000  11.20585 -6.55412  0.60771  0.00000  0.10000  0.00000  0.00000  0.00000
25.47000  11.26876 -8.37173 -0.00175  0.00000  0.10000  0.00000  0.00000  0.00000
25.48000  11.31208 -6.81496  0.76853  0.00000  0.10000  0.00000  0.00000  0.00000
25.49000  11.45726 -5.10625  0.40811  0.00000  0.10000  0.00000  0.00000  0.00000
25.50000  11.30067 -3.07685  0.39790  0.00000  0.10000  0.00000  0.00000  0.00000
25.51000  11.39612 -4.19751  0.62956  0.00000  0.10000  0.00000  0.00000  0.00000
25.52000  11.61190 -3.70987  0.52750  0.00000  0.10000  0.00000  0.00000  0.00000
25.53000  11.44581 -3.35548  0.49170  0.00000  0.10000  0.00000  0.00000  0.00000
25.54000  11.24148 -3.77618  0.37904  0.00000  0.10000  0.00000  0.00000  0.00000
25.55000  11.45756 -5.16665  0.12891  0.00000  0.10000  0.00000  0.00000  0.00000
25.56000  11.41278 -4.02814  0.40340  0.00000  0.10000  0.00000  0.00000  0.00000
25.57000  11.80326 -3.06359  0.06955  0.00000  0.10000  0.00000  0.00000  0.00000
25.58000  11.69637 -2.70232  0.41838  0.00000  0.10000  0.00000  0.00000  0.00000
25.59000  11.76648 -3.54972  0.45372  0.00000  0.10000  0.00000  0.00000  0.00000
25.60000  11.05681 -4.94059  0.71635  0.00000  0.10000  0.00000  0.00000  0.00000
25.61000  11.30587 -4.28435  0.24554  0.00000  0.10000  0.00000  0.00000  0.00000
25.62000  11.38783 -4.82894  0.24783  0.00000  0.10000  0.00000  0.00000  0.00000
25.63000  11.21889 -4.90372 -0.14493  0.00000  0.10000  0.00000  0.00000  0.00000
25.64000  11.24739 -4.87925 -0.28746  0.00000  0.10000  0.00000  0.00000  0.00000
25.65000  11.03021 -3.09978 -0.20277  0.00000  0.10000  0.00000  0.00000  0.00000
25.66000  11.47115 -3.28216 -0.15752  0.00000  0.10000  0.00000  0.00000  0.00000
25.67000  11.67414 -4.08830  0.02216  0.00000  0.10000  0.00000  0.00000  0.00000
25.68000  11.94115 -3.97094  0.01067  0.00000  0.10000  0.00000  0.00000  0.00000
25.69000  11.88047 -4.84650 -0.00263  0.00000  0.10000  0.00000  0.00000  0.00000
25.70000  11.83780 -4.76241 -0.44925  0.00000  0.10000  0.00000  0.00000  0.00000
25.71000  11.76411 -6.25406 -0.19412  0.00000  0.10000  0.00000  0.00000  0.00000
25.72000  11.75993 -4.15780 -0.21376  0.00000  0.10000  0.00000  0.00000  0.00000
25.73000  11.67092 -5.67298 -0.35973  0.00000  0.10000  0.00000  0.00000  0.00000
25.74000  11.60450 -5.23929 -0.14066  0.00000  0.10000  0.00000  0.00000  0.00000
25.75000  11.90884 -4.58148 -0.28917  0.00000  0.10000  0.00000  0.00000  0.00000
25.76000  11.93472 -2.81203 -0.58235  0.00000  0.10000  0.00000  0.00000  0.00000
25.77000  11.71684 -4.01967 -0.48144  0.00000  0.10000  0.00000  0.00000  0.00000
25.78000  11.88955 -5.01321 -0.36995  0.00000  0.10000  0.00000  0.00000  0.00000
25.79000  12.06704 -4.42493 -0.89033  0.00000  0.10000  0.00000  0.00000  0.00000
25.80000  12.00862 -6.17274 -0.57586  0.00000  0.10000  0.00000  0.00000  0.00000
25.81000  11.87119 -4.77860 -0.70226  0.00000  0.10000  0.00000  0.00000  0.00000
25.82000  12.13191 -3.80910 -1.05140  0.00000  0.10000  0.00000  0.00000  0.00000
25.83000  12.11136 -4.61237 -0.93202  0.00000  0.10000  0.00000  0.00000  0.00000
25.84000  12.20996 -4.05062 -0.62189  0.00000  0.10000  0.00000  0.00000  0.00000
25.85000  11.84149 -3.49502 -0.28069  0.00000  0.10000  0.00000  0.00000  0.00000
25.86000  11.96824 -3.30784 -0.58373  0.00000  0.10000  0.00000  0.00000  0.00000
25.87000  12.22805 -1.80410 -0.43965  0.00000  0.10000  0.00000  0.00000  0.00000
25.88000  12.12090 -4.41616 -0.35527  0.00000  0.10000  0.00000  0.00000  0.00000
25.89000  12.39346 -4.54960 -0.18552  0.00000  0.10000  0.00000  0.00000  0.00000
25.90000  12.37985 -4.36852  0.20068  0.00000  0.10000  0.00000  0.00000  0.00000
25.91000  12.47745 -2.13790 -0.23760  0.00000  0.10000  0.00000  0.00000  0.00000
25.92000  12.26191 -2.15841 -0.48419  0.00000  0.10000  0.00000  0.00000  0.00000
25.93000  12.35500 -1.24065 -0.57976  0.00000  0.10000  0.00000  0.00000  0.00000
25.94000  12.23711 -3.68463 -0.79073  0.00000  0.10000  0.00000  0.00000  0.00000
25.95000  12.37451 -2.40661 -0.93326  0.00000  0.10000  0.00000  0.00000  0.00000
25.96000  12.62854 -4.08986 -0.80920  0.00000  0.10000  0.00000  0.00000  0.00000
25.97000  12.56888 -2.51036 -1.17821  0.00000  0.10000  0.00000  0.00000  0.00000
25.98000  12.48649 -3.68176 -0.81382  0.00000  0.10000  0.00000  0.00000  0.00000
25.99000  12.49349 -4.40364 -1.35173  0.00000  0.10000  0.00000  0.00000  0.00000
26.00000  12.16813 -4.98297 -0.77831  0.00000  0.10000  0.00000  0.00000  0.00000
26.01000  12.04850 -4.93877 -0.77475  0.00000  0.10000  0.00000  0.00000  0.00000
26.02000  12.23824 -3.80459 -0.49020  0.00000  0.10000  0.00000  0.00000  0.00000
26.03000  12.20438 -5.42482 -0.55772  0.00000  0.10000  0.00000  0.00000  0.00000
26.04000  12.31216 -5.45088 -0.74326  0.00000  0.10000  0.00000  0.00000  0.00000
26.05000  12.33689 -2.90189 -0.90017  0.00000  0.10000  0.00000  0.00000  0.00000
26.06000  12.45701 -2.07857 -0.88532  0.00000  0.10000  0.00000  0.00000  0.00000
26.07000  12.03979 -1.10531 -0.90902  0.00000  0.10000  0.00000  0.00000  0.00000
26.08000  12.32493 -2.36873 -0.34322  0.00000  0.10000  0.00000  0.00000  0.00000
26.09000  11.95989 -3.08056 -0.41257  0.00000  0.10000  0.00000  0.00000  0.00000
26.10000  12.05709 -4.24835 -0.11852  0.00000  0.10000  0.00000  0.00000  0.00000
26.11000  12.52924 -3.33356 -0.73789  0.00000  0.10000  0.00000  0.00000  0.00000
26.12000  12.40389 -3.01375 -0.77522  0.00000  0.10000  0.00000  0.00000  0.00000
26.13000  11.92745 -4.31703 -0.93998  0.00000  0.10000  0.00000  0.00000  0.00000
26.14000  11.65259 -4.72092 -0.83822  0.00000  0.10000  0.00000  0.00000  0.00000
26.15000  11.57911 -4.94666 -1.04406  0.00000  0.10000  0.00000  0.00000  0.00000
26.16000  12.14344 -4.63486 -0.62881  0.00000  0.10000  0.00000  0.00000  0.00000
26.17000  12.29758 -5.08546 -1.06780  0.00000  0.10000  0.00000  0.00000  0.00000
26.18000  12.23748 -5.75512 -1.37355  0.00000  0.10000  0.00000  0.00000  0.00000
26.19000  12.44295 -4.60513 -1.32089  0.00000  0.10000  0.00000  0.00000  0.00000
26.20000  12.35791 -5.02652 -1.31977  0.00000  0.10000  0.00000  0.00000  0.00000
26.21000  11.98771 -4.91164 -1.16461  0.00000  0.10000  0.00000  0.00000  0.00000
26.22000  11.98580 -5.30218 -0.58711  0.00000  0.10000  0.00000  0.00000  0.00000
26.23000  12.10070 -5.15882 -0.55289  0.00000  0.10000  0.00000  0.00000  0.00000
26.24000  11.97881 -4.90022 -0.42770  0.00000  0.10000  0.00000  0.00000  0.00000
26.25000  12.26899 -4.17861 -0.35361  0.00000  0.10000  0.00000  0.00000  0.00000
26.26000  12.19646 -3.26088 -0.52807  0.00000  0.10000  0.00000  0.00000  0.00000
26.27000  12.27852 -2.25044 -0.40788  0.00000  0.10000  0.00000  0.00000  0.00000
26.28000  12.16293 -1.77537 -0.29762  0.00000  0.10000  0.00000  0.00000  0.00000
26.29000  12.52948 -1.97511 -0.68548  0.00000  0.10000  0.00000  0.00000  0.00000
26.30000  12.30021 -1.04043 -0.74112  0.00000  0.10000  0.00000  0.00000  0.00000
26.31000  12.09758 -2.20992 -1.00187  0.00000  0.10000  0.00000  0.00000  0.00000
26.32000  12.07061 -2.43872 -0.71612  0.00000  0.10000  0.00000  0.00000  0.00000
26.33000  12.24052 -2.50556 -0.95293  0.00000  0.10000  0.00000  0.00000  0.00000
26.34000  12.62772 -3.73341 -0.71375  0.00000  0.10000  0.00000  0.00000  0.00000
26.35000  12.47755 -2.95681 -0.91099  0.00000  0.10000  0.00000  0.00000  0.00000
26.36000  12.22277 -2.95469 -0.90854  0.00000  0.10000  0.00000  0.00000  0.00000
26.37000  12.07073 -2.35525 -1.20248  0.00000  0.10000  0.00000  0.00000  0.00000
26.38000  11.73300  0.31137 -1.05725  0.00000  0.10000  0.00000  0.00000  0.00000
26.39000  11.43772 -2.44085 -1.00158  0.00000  0.10000  0.00000  0.00000  0.00000
26.40000  12.10590 -2.75458 -0.89502  0.00000  0.10000  0.00000  0.00000  0.00000
26.41000  12.22729 -2.40323 -0.80271  0.00000  0.10000  0.00000  0.00000  0.00000
26.42000  12.08705 -6.09996 -0.42169  0.00000  0.10000  0.00000  0.00000  0.00000
26.43000  11.66041 -5.94784 -0.59381  0.00000  0.10000  0.00000  0.00000  0.00000
26.44000  11.46723 -2.34327 -0.73530  0.00000  0.10000  0.00000  0.00000  0.00000
26.45000  11.66363 -5.31966 -0.85548  0.00000  0.10000  0.00000  0.00000  0.00000
26.46000  11.64647 -3.54367 -0.53198  0.00000  0.10000  0.00000  0.00000  0.00000
26.47000  11.73593 -4.37958 -0.74780  0.00000  0.10000  0.00000  0.00000  0.00000
26.48000  11.76407 -6.18674 -0.67374  0.00000  0.10000  0.00000  0.00000  0.00000
26.49000  11.71010 -3.78157 -1.04956  0.00000  0.10000  0.00000  0.00000  0.00000
26.50000  11.76676 -3.83667 -0.76746  0.00000  0.10000  0.00000  0.00000  0.00000
26.51000  11.96557 -3.61857 -0.94351  0.00000  0.10000  0.00000  0.00000  0.00000
26.52000  11.77032 -4.70243 -0.23454  0.00000  0.10000  0.00000  0.00000  0.00000
26.53000  11.84014 -2.69064 -0.30958  0.00000  0.10000  0.00000  0.00000  0.00000
26.54000  11.98416 -2.53144 -0.02157  0.00000  0.10000  0.00000  0.00000  0.00000
26.55000  11.88338 -3.26938 -0.42281  0.00000  0.10000  0.00000  0.00000  0.00000
26.56000  11.93962 -2.43338 -0.63099  0.00000  0.10000  0.00000  0.00000  0.00000
26.57000  12.18087 -4.03349 -0.86933  0.00000  0.10000  0.00000  0.00000  0.00000
26.58000  12.55388 -5.51468 -0.37859  0.00000  0.10000  0.00000  0.00000  0.00000
26.59000  12.15458 -3.57097 -0.33237  0.00000  0.10000  0.00000  0.00000  0.00000
26.60000  12.12008 -3.78211 -0.71436  0.00000  0.10000  0.00000  0.00000  0.00000
26.61000  11.87188 -5.42773 -0.83771  0.00000  0.10000  0.00000  0.00000  0.00000
26.62000  12.08224 -4.92517 -0.93519  0.00000  0.10000  0.00000  0.00000  0.00000
26.63000  11.96447 -3.46310 -0.89413  0.00000  0.10000  0.00000  0.00000  0.00000
26.64000  11.97572 -6.05910 -0.59169  0.00000  0.10000  0.00000  0.00000  0.00000
26.65000  11.89421 -5.40643 -0.53893  0.00000  0.10000  0.00000  0.00000  0.00000
26.66000  12.17185 -3.79375 -0.64533  0.00000  0.10000  0.00000  0.00000  0.00000
26.67000  12.22052 -2.85508 -0.87657  0.00000  0.10000  0.00000  0.00000  0.00000
26.68000  12.37756 -4.04383 -1.03095  0.00000  0.10000  0.00000  0.00000  0.00000
26.69000  12.43350 -4.34940 -0.74653  0.00000  0.10000  0.00000  0.00000  0.00000
26.70000  12.38760 -3.74791 -0.98115  0.00000  0.10000  0.00000  0.00000  0.00000
26.71000  12.61004 -4.16917 -1.00293  0.00000  0.10000  0.00000  0.00000  0.00000
26.72000  12.74300 -4.47165 -0.73144  0.00000  0.10000  0.00000  0.00000  0.00000
26.73000  13.08741 -5.67059 -1.00600  0.00000  0.10000  0.00000  0.00000  0.00000
26.74000  13.07708 -7.43599 -0.97116  0.00000  0.10000  0.00000  0.00000  0.00000
26.75000  12.93268 -5.81112 -1.14442  0.00000  0.10000  0.00000  0.00000  0.00000
26.76000  13.29318 -6.02829 -0.89408  0.00000  0.10000  0.00000  0.00000  0.00000
26.77000  13.12293 -6.95793 -0.83107  0.00000  0.10000  0.00000  0.00000  0.00000
26.78000  12.88791 -7.36518 -0.71742  0.00000  0.10000  0.00000  0.00000  0.00000
26.79000  12.40244 -6.23531 -0.53654  0.00000  0.10000  0.00000  0.00000  0.00000
26.80000  12.84173 -6.75265 -0.48429  0.00000  0.10000  0.00000  0.00000  0.00000
26.81000  12.69254 -5.35479 -0.43644  0.00000  0.10000  0.00000  0.00000  0.00000
26.82000  12.33405 -6.47624 -0.53537  0.00000  0.10000  0.00000  0.00000  0.00000
26.83000  12.37335 -7.47452 -1.12858  0.00000  0.10000  0.00000  0.00000  0.00000
26.84000  12.37646 -3.11445 -0.86499  0.00000  0.10000  0.00000  0.00000  0.00000
26.85000  12.20974 -2.52365 -0.99176  0.00000  0.10000  0.00000  0.00000  0.00000
26.86000  12.07995 -1.29929 -1.11361  0.00000  0.10000  0.00000  0.00000  0.00000
26.87000  12.33022 -1.92686 -1.31480  0.00000  0.10000  0.00000  0.00000  0.00000
26.88000  12.45183 -0.73669 -1.11391  0.00000  0.10000  0.00000  0.00000  0.00000
26.89000  12.46435 -1.44727 -1.01053  0.00000  0.10000  0.00000  0.00000  0.00000
26.90000  12.30054 -3.84600 -0.65445  0.00000  0.10000  0.00000  0.00000  0.00000
26.91000  11.76244 -0.58403 -0.82640  0.00000  0.10000  0.00000  0.00000  0.00000
26.92000  12.08488 -3.20118 -1.04416  0.00000  0.10000  0.00000  0.00000  0.00000
26.93000  12.11362 -3.18655 -0.99164  0.00000  0.10000  0.00000  0.00000  0.00000
26.94000  12.10340 -3.69120 -0.82061  0.00000  0.10000  0.00000  0.00000  0.00000
26.95000  12.18885 -4.58614 -0.97564  0.00000  0.10000  0.00000  0.00000  0.00000
26.96000  12.18257 -3.84809 -1.08862  0.00000  0.10000  0.00000  0.00000  0.00000
26.97000  12.47916 -4.57228 -0.72065  0.00000  0.10000  0.00000  0.00000  0.00000
26.98000  12.36159 -3.03642 -1.22295  0.00000  0.10000  0.00000  0.00000  0.00000
26.99000  12.11191 -4.96273 -1.09686  0.00000  0.10000  0.00000  0.00000  0.00000
27.00000  12.26205 -3.11818 -0.90039  0.00000  0.10000  0.00000  0.00000  0.00000
27.01000  12.21457 -2.06618 -0.86806  0.00000  0.10000  0.00000  0.00000  0.00000
27.02000  12.13730 -2.06602 -0.79680  0.00000  0.10000  0.00000  0.00000  0.00000
27.03000  11.97688  0.04017 -1.18653  0.00000  0.10000  0.00000  0.00000  0.00000
27.04000  12.14065 -0.19307 -1.00326  0.00000  0.10000  0.00000  0.00000  0.00000
27.05000  12.00212  0.90950 -1.09024  0.00000  0.10000  0.00000  0.00000  0.00000
27.06000  12.03609  1.79865 -1.52656  0.00000  0.10000  0.00000  0.00000  0.00000
27.07000  11.88983  0.10599 -1.70945  0.00000  0.10000  0.00000  0.00000  0.00000
27.08000  11.93832  1.16871 -1.49194  0.00000  0.10000  0.00000  0.00000  0.00000
27.09000  12.12488 -1.05967 -1.72274  0.00000  0.10000  0.00000  0.00000  0.00000
27.10000  11.61509 -1.73901 -1.75022  0.00000  0.10000  0.00000  0.00000  0.00000
27.11000  11.71972 -0.24807 -1.96839  0.00000  0.10000  0.00000  0.00000  0.00000
27.12000  11.48547 -0.89489 -1.96625  0.00000  0.10000  0.00000  0.00000  0.00000
27.13000  11.10252  0.85509 -1.73127  0.00000  0.10000  0.00000  0.00000  0.00000
27.14000  11.15815  0.17108 -2.07007  0.00000  0.10000  0.00000  0.00000  0.00000
27.15000  10.94806  0.87648 -1.73552  0.00000  0.10000  0.00000  0.00000  0.00000
27.16000  10.94254 -0.96484 -1.74169  0.00000  0.10000  0.00000  0.00000  0.00000
27.17000  11.04521  0.19561 -1.74101  0.00000  0.10000  0.00000  0.00000  0.00000
27.18000  10.74374  0.83721 -1.95996  0.00000  0.10000  0.00000  0.00000  0.00000
27.19000  11.05462  0.02331 -2.28656  0.00000  0.10000  0.00000  0.00000  0.00000
27.20000  10.93752  1.37262 -2.23962  0.00000  0.10000  0.00000  0.00000  0.00000
27.21000  10.65254  0.93988 -1.75419  0.00000  0.10000  0.00000  0.00000  0.00000
27.22000  10.67621  2.65368 -1.88167  0.00000  0.10000  0.00000  0.00000  0.00000
27.23000  10.81690  2.57962 -1.77220  0.00000  0.10000  0.00000  0.00000  0.00000
27.24000  10.63885  4.06109 -1.82142  0.00000  0.10000  0.00000  0.00000  0.00000
27.25000  10.91583  3.36439 -1.82347  0.00000  0.10000  0.00000  0.00000  0.00000
27.26000  10.76153  2.09725 -1.66146  0.00000  0.10000  0.00000  0.00000  0.00000
27.27000  10.70290  1.67765 -1.25318  0.00000  0.10000  0.00000  0.00000  0.00000
27.28000  10.64387  3.38145 -1.57300  0.00000  0.10000  0.00000  0.00000  0.00000
27.29000  10.42458  2.98233 -1.27435  0.00000  0.10000  0.00000  0.00000  0.00000
27.30000  10.82757  3.82800 -1.17906  0.00000  0.10000  0.00000  0.00000  0.00000
27.31000  10.86891  2.12753 -1.37491  0.00000  0.10000  0.00000  0.00000  0.00000
27.32000  10.44847  2.59381 -1.41012  0.00000  0.10000  0.00000  0.00000  0.00000
27.33000  10.67530  1.05834 -1.54051  0.00000  0.10000  0.00000  0.00000  0.00000
27.34000  11.12325  1.71335 -1.83242  0.00000  0.10000  0.00000  0.00000  0.00000
27.35000  11.18142  1.36161 -1.96445  0.00000  0.10000  0.00000  0.00000  0.00000
27.36000  11.39685  2.03069 -1.79539  0.00000  0.10000  0.00000  0.00000  0.00000
27.37000  11.21499  3.85632 -1.89261  0.00000  0.10000  0.00000  0.00000  0.00000
27.38000  10.96677  3.15571 -1.41073  0.00000  0.10000  0.00000  0.00000  0.00000
27.39000  11.07832  1.65545 -1.53182  0.00000  0.10000  0.00000  0.00000  0.00000
27.40000  10.86523  2.15108 -1.80883  0.00000  0.10000  0.00000  0.00000  0.00000
27.41000  11.02798  1.96347 -1.52431  0.00000  0.10000  0.00000  0.00000  0.00000
27.42000  11.07762  2.52405 -1.36419  0.00000  0.10000  0.00000  0.00000  0.00000
27.43000  10.96014  3.30207 -1.27860  0.00000  0.10000  0.00000  0.00000  0.00000
27.44000  11.13800  2.84700 -1.54309  0.00000  0.10000  0.00000  0.00000  0.00000
27.45000  10.87910  1.79387 -2.31366  0.00000  0.10000  0.00000  0.00000  0.00000
27.46000  11.04615  1.26497 -1.81698  0.00000  0.10000  0.00000  0.00000  0.00000
27.47000  10.47950  1.22078 -1.78792  0.00000  0.10000  0.00000  0.00000  0.00000
27.48000  10.65297  0.16381 -2.19551  0.00000  0.10000  0.00000  0.00000  0.00000
27.49000  10.41035 -0.77074 -2.33912  0.00000  0.10000  0.00000  0.00000  0.00000
27.50000  10.09202 -0.09419 -2.22238  0.00000  0.10000  0.00000  0.00000  0.00000
27.51000  10.03095 -0.74855 -1.49170  0.00000  0.10000  0.00000  0.00000  0.00000
27.52000  10.08560  1.38249 -1.75219  0.00000  0.10000  0.00000  0.00000  0.00000
27.53000  10.26751  1.12060 -2.02090  0.00000  0.10000  0.00000  0.00000  0.00000
27.54000  10.11244  0.76391 -2.02531  0.00000  0.10000  0.00000  0.00000  0.00000
27.55000  10.13082  3.90948 -1.86950  0.00000  0.10000  0.00000  0.00000  0.00000
27.56000  10.39159  2.30466 -1.84541  0.00000  0.10000  0.00000  0.00000  0.00000
27.57000  10.28156  4.58765 -1.81484  0.00000  0.10000  0.00000  0.00000  0.00000
27.58000  10.28837  2.40014 -1.71184  0.00000  0.10000  0.00000  0.00000  0.00000
27.59000  10.62589  1.51295 -1.50220  0.00000  0.10000  0.00000  0.00000  0.00000
27.60000  10.59444  2.83448 -1.42439  0.00000  0.10000  0.00000  0.00000  0.00000
27.61000  10.66965  2.50181 -1.71788  0.00000  0.10000  0.00000  0.00000  0.00000
27.62000  10.85434  2.46774 -1.45383  0.00000  0.10000  0.00000  0.00000  0.00000
27.63000  10.71544  2.70643 -1.29368  0.00000  0.10000  0.00000  0.00000  0.00000
27.64000  10.63149  1.74196 -0.93032  0.00000  0.10000  0.00000  0.00000  0.00000
27.65000  10.80091  3.20024 -0.99509  0.00000  0.10000  0.00000  0.00000  0.00000
27.66000  10.72267  0.45984 -0.95022  0.00000  0.10000  0.00000  0.00000  0.00000
27.67000  11.20180  0.50065 -1.27958  0.00000  0.10000  0.00000  0.00000  0.00000
27.68000  11.09179  0.67802 -0.85627  0.00000  0.10000  0.00000  0.00000  0.00000
27.69000  11.35293  0.36307 -0.94144  0.00000  0.10000  0.00000  0.00000  0.00000
27.70000  11.39621  0.51911 -1.17064  0.00000  0.10000  0.00000  0.00000  0.00000
27.71000  11.17714  0.12226 -1.68375  0.00000  0.10000  0.00000  0.00000  0.00000
27.72000  11.26719  0.29007 -1.76283  0.00000  0.10000  0.00000  0.00000  0.00000
27.73000  10.87582  2.40669 -1.64541  0.00000  0.10000  0.00000  0.00000  0.00000
27.74000  10.71898  1.14883 -1.89523  0.00000  0.10000  0.00000  0.00000  0.00000
27.75000  10.72262 -2.35654 -1.86226  0.00000  0.10000  0.00000  0.00000  0.00000
27.76000  10.54983 -0.64211 -1.77055  0.00000  0.10000  0.00000  0.00000  0.00000
27.77000  10.62998 -0.73026 -1.70560  0.00000  0.10000  0.00000  0.00000  0.00000
27.78000  10.59697 -2.02904 -1.67260  0.00000  0.10000  0.00000  0.00000  0.00000
27.79000  10.62274 -4.52639 -1.67832  0.00000  0.10000  0.00000  0.00000  0.00000
27.80000  10.29050 -4.30316 -1.71532  0.00000  0.10000  0.00000  0.00000  0.00000
27.81000  10.54710 -2.11060 -1.73987  0.00000  0.10000  0.00000  0.00000  0.00000
27.82000  10.29416 -2.80283 -1.57954  0.00000  0.10000  0.00000  0.00000  0.00000
27.83000  10.22003 -2.78368 -1.49396  0.00000  0.10000  0.00000  0.00000  0.00000
27.84000  10.53585 -4.64977 -1.48366  0.00000  0.10000  0.00000  0.00000  0.00000
27.85000  10.63266 -4.50970 -1.09756  0.00000  0.10000  0.00000  0.00000  0.00000
27.86000  10.69144 -3.97531 -1.70256  0.00000  0.10000  0.00000  0.00000  0.00000
27.87000  10.65333 -3.18035 -1.56775  0.00000  0.10000  0.00000  0.00000  0.00000
27.88000  10.57752 -1.50037 -1.32290  0.00000  0.10000  0.00000  0.00000  0.00000
27.89000  10.68858 -1.22225 -1.07691  0.00000  0.10000  0.00000  0.00000  0.00000
27.90000  10.72292 -1.44429 -1.25447  0.00000  0.10000  0.00000  0.00000  0.00000
27.91000  11.03042 -3.54760 -1.19239  0.00000  0.10000  0.00000  0.00000  0.00000
27.92000  11.05074 -4.69886 -1.39857  0.00000  0.10000  0.00000  0.00000  0.00000
27.93000  10.82311 -7.78670 -1.67553  0.00000  0.10000  0.00000  0.00000  0.00000
27.94000  10.34293 -6.45859 -1.09496  0.00000  0.10000  0.00000  0.00000  0.00000
27.95000  10.19456 -6.95208 -1.37978  0.00000  0.10000  0.00000  0.00000  0.00000
27.96000  10.13492 -9.33903 -1.16276  0.00000  0.10000  0.00000  0.00000  0.00000
27.97000  10.12998 -10.04644 -1.04764  0.00000  0.10000  0.00000  0.00000  0.00000
27.98000  10.58079 -7.95804 -1.14921  0.00000  0.10000  0.00000  0.00000  0.00000
27.99000  10.63716 -6.89857 -1.22826  0.00000  0.10000  0.00000  0.00000  0.00000
28.00000  10.80369 -10.84599 -1.09133  0.00000  0.10000  0.00000  0.00000  0.00000
28.01000  10.52064 -11.81191 -0.96493  0.00000  0.10000  0.00000  0.00000  0.00000
28.02000  10.72803 -12.02345 -1.11365  0.00000  0.10000  0.00000  0.00000  0.00000
28.03000  10.53201 -9.35101 -1.12998  0.00000  0.10000  0.00000  0.00000  0.00000
28.04000  10.37149 -9.15922 -0.86682  0.00000  0.10000  0.00000  0.00000  0.00000
28.05000  10.42692 -7.90069 -0.96243  0.00000  0.10000  0.00000  0.00000  0.00000
28.06000  10.28786 -7.34351 -0.95637  0.00000  0.10000  0.00000  0.00000  0.00000
28.07000  10.23628 -6.11520 -1.61278  0.00000  0.10000  0.00000  0.00000  0.00000
28.08000  10.66501 -5.38177 -1.65487  0.00000  0.10000  0.00000  0.00000  0.00000
28.09000  10.62428 -6.54150 -1.13354  0.00000  0.10000  0.00000  0.00000  0.00000
28.10000  10.68831 -7.08269 -1.32538  0.00000  0.10000  0.00000  0.00000  0.00000
28.11000  10.79370 -7.97257 -1.46162  0.00000  0.10000  0.00000  0.00000  0.00000
28.12000  10.26123 -6.07520 -1.08467  0.00000  0.10000  0.00000  0.00000  0.00000
28.13000  10.68038 -5.81080 -0.97361  0.00000  0.10000  0.00000  0.00000  0.00000
28.14000  10.62251 -6.16972 -0.57948  0.00000  0.10000  0.00000  0.00000  0.00000
28.15000  10.39002 -7.28043 -1.23510  0.00000  0.10000  0.00000  0.00000  0.00000
28.16000  10.51592 -5.43393 -1.17445  0.00000  0.10000  0.00000  0.00000  0.00000
28.17000  10.28171 -2.42883 -0.75876  0.00000  0.10000  0.00000  0.00000  0.00000
28.18000  10.61099 -1.62533 -0.77888  0.00000  0.10000  0.00000  0.00000  0.00000
28.19000  11.00066 -1.23438 -0.69131  0.00000  0.10000  0.00000  0.00000  0.00000
28.20000  11.22580 -1.69612 -0.99977  0.00000  0.10000  0.00000  0.00000  0.00000
28.21000  11.23286  0.31370 -0.87538  0.00000  0.10000  0.00000  0.00000  0.00000
28.22000  11.38718  0.55823 -0.70560  0.00000  0.10000  0.00000  0.00000  0.00000
28.23000  11.47174  0.28969 -0.47277  0.00000  0.10000  0.00000  0.00000  0.00000
28.24000  11.47302 -0.97595 -0.82565  0.00000  0.10000  0.00000  0.00000  0.00000
28.25000  11.59380 -3.29355 -0.79527  0.00000  0.10000  0.00000  0.00000  0.00000
28.26000  11.35924 -2.01277 -0.65786  0.00000  0.10000  0.00000  0.00000  0.00000
28.27000  11.43264  1.14600 -0.50849  0.00000  0.10000  0.00000  0.00000  0.00000
28.28000  11.09814 -1.60826 -0.86638  0.00000  0.10000  0.00000  0.00000  0.00000
28.29000  11.28843 -2.16250 -1.01425  0.00000  0.10000  0.00000  0.00000  0.00000
28.30000  11.19928 -1.64753 -1.46585  0.00000  0.10000  0.00000  0.00000  0.00000
28.31000  11.45880 -1.55798 -1.27849  0.00000  0.10000  0.00000  0.00000  0.00000
28.32000  11.48002 -0.68726 -1.01138  0.00000  0.10000  0.00000  0.00000  0.00000
28.33000  11.20334 -2.32100 -0.84380  0.00000  0.10000  0.00000  0.00000  0.00000
28.34000  11.34071 -0.31481 -0.86443  0.00000  0.10000  0.00000  0.00000  0.00000
28.35000  11.49165 -1.08452 -0.81967  0.00000  0.10000  0.00000  0.00000  0.00000
28.36000  10.80195 -2.44573 -0.83134  0.00000  0.10000  0.00000  0.00000  0.00000
28.37000  10.95350 -1.42660 -0.78064  0.00000  0.10000  0.00000  0.00000  0.00000
28.38000  11.07767 -0.98242 -0.87912  0.00000  0.10000  0.00000  0.00000  0.00000
28.39000  10.95062  0.28472 -0.74407  0.00000  0.10000  0.00000  0.00000  0.00000
28.40000  10.84662 -1.74480 -0.69215  0.00000  0.10000  0.00000  0.00000  0.00000
28.41000  10.68923 -2.04387 -0.52403  0.00000  0.10000  0.00000  0.00000  0.00000
28.42000  10.97078 -1.48232 -0.98446  0.00000  0.10000  0.00000  0.00000  0.00000
28.43000  10.73017 -1.09075 -0.84500  0.00000  0.10000  0.00000  0.00000  0.00000
28.44000  10.83625 -2.49116 -0.71038  0.00000  0.10000  0.00000  0.00000  0.00000
28.45000  11.25817 -2.08383 -0.54075  0.00000  0.10000  0.00000  0.00000  0.00000
28.46000  11.10202 -3.63963 -0.76526  0.00000  0.10000  0.00000  0.00000  0.00000
28.47000  11.20541 -5.73065 -1.05124  0.00000  0.10000  0.00000  0.00000  0.00000
28.48000  11.18974 -4.07752 -0.93979  0.00000  0.10000  0.00000  0.00000  0.00000
28.49000  11.05223 -3.16436 -0.78080  0.00000  0.10000  0.00000  0.00000  0.00000
28.50000  10.79489 -4.51759 -0.89324  0.00000  0.10000  0.00000  0.00000  0.00000
28.51000  10.90755 -4.61596 -0.67479  0.00000  0.10000  0.00000  0.00000  0.00000
28.52000  10.93347 -7.18811 -0.67431  0.00000  0.10000  0.00000  0.00000  0.00000
28.53000  11.07873 -5.72528 -0.89014  0.00000  0.10000  0.00000  0.00000  0.00000
28.54000  11.10823 -5.51664 -0.98754  0.00000  0.10000  0.00000  0.00000  0.00000
28.55000  11.28305 -7.81323 -1.14826  0.00000  0.10000  0.00000  0.00000  0.00000
28.56000  10.77762 -6.88580 -1.13231  0.00000  0.10000  0.00000  0.00000  0.00000
28.57000  10.98131 -5.47511 -1.23813  0.00000  0.10000  0.00000  0.00000  0.00000
28.58000  11.18276 -6.24557 -1.20630  0.00000  0.10000  0.00000  0.00000  0.00000
28.59000  10.66822 -6.16017 -1.10174  0.00000  0.10000  0.00000  0.00000  0.00000
28.60000  10.71379 -6.75918 -0.83561  0.00000  0.10000  0.00000  0.00000  0.00000
28.61000  11.27086 -6.67482 -0.62705  0.00000  0.10000  0.00000  0.00000  0.00000
28.62000  11.74103 -8.15606 -0.45550  0.00000  0.10000  0.00000  0.00000  0.00000
28.63000  11.61281 -7.86443 -0.46604  0.00000  0.10000  0.00000  0.00000  0.00000
28.64000  11.66363 -5.14313 -0.58903  0.00000  0.10000  0.00000  0.00000  0.00000
28.65000  11.77055 -5.09841 -0.69271  0.00000  0.10000  0.00000  0.00000  0.00000
28.66000  11.75358 -5.37973 -1.36977  0.00000  0.10000  0.00000  0.00000  0.00000
28.67000  11.66539 -4.45645 -1.20892  0.00000  0.10000  0.00000  0.00000  0.00000
28.68000  11.62205 -4.56936 -0.81970  0.00000  0.10000  0.00000  0.00000  0.00000
28.69000  11.96189 -2.69725 -0.60791  0.00000  0.10000  0.00000  0.00000  0.00000
28.70000  11.96520 -3.96105 -0.09649  0.00000  0.10000  0.00000  0.00000  0.00000
28.71000  11.64167 -4.88557 -0.40257  0.00000  0.10000  0.00000  0.00000  0.00000
28.72000  11.39459 -3.95056 -0.77168  0.00000  0.10000  0.00000  0.00000  0.00000
28.73000  11.41808 -2.47728 -0.66970  0.00000  0.10000  0.00000  0.00000  0.00000
28.74000  11.20895 -3.27848 -0.39378  0.00000  0.10000  0.00000  0.00000  0.00000
28.75000  11.24636 -2.71083 -0.76820  0.00000  0.10000  0.00000  0.00000  0.00000
28.76000  11.34092 -4.09094 -0.73105  0.00000  0.10000  0.00000  0.00000  0.00000
28.77000  11.07464 -3.47318 -0.52494  0.00000  0.10000  0.00000  0.00000  0.00000
28.78000  11.23895 -5.28116 -0.31571  0.00000  0.10000  0.00000  0.00000  0.00000
28.79000  11.19638 -5.35690 -0.19568  0.00000  0.10000  0.00000  0.00000  0.00000
28.80000  11.47923 -3.50186 -0.04550  0.00000  0.10000  0.00000  0.00000  0.00000
28.81000  11.46606 -4.88653 -0.05220  0.00000  0.10000  0.00000  0.00000  0.00000
28.82000  11.19620 -6.32780  0.14884  0.00000  0.10000  0.00000  0.00000  0.00000
28.83000  10.82734 -7.72864  0.12482  0.00000  0.10000  0.00000  0.00000  0.00000
28.84000  10.46031 -8.27142 -0.11127  0.00000  0.10000  0.00000  0.00000  0.00000
28.85000  11.01690 -7.94117 -0.64712  0.00000  0.10000  0.00000  0.00000  0.00000
28.86000  10.48409 -6.31875 -0.32378  0.00000  0.10000  0.00000  0.00000  0.00000
28.87000  10.63266 -7.68448 -0.56920  0.00000  0.10000  0.00000  0.00000  0.00000
28.88000  10.24738 -7.56485 -0.62539  0.00000  0.10000  0.00000  0.00000  0.00000
28.89000  10.76569 -6.78881 -0.89628  0.00000  0.10000  0.00000  0.00000  0.00000
28.90000  10.77164 -5.91102 -0.80123  0.00000  0.10000  0.00000  0.00000  0.00000
28.91000  10.64258 -6.36208 -0.70563  0.00000  0.10000  0.00000  0.00000  0.00000
28.92000  10.45373 -6.92007 -0.46186  0.00000  0.10000  0.00000  0.00000  0.00000
28.93000  10.83692 -6.91608 -0.67307  0.00000  0.10000  0.00000  0.00000  0.00000
28.94000  10.90880 -7.10788 -0.81381  0.00000  0.10000  0.00000  0.00000  0.00000
28.95000  10.85068 -9.13514 -0.97796  0.00000  0.10000  0.00000  0.00000  0.00000
28.96000  10.75182 -8.21816 -0.81410  0.00000  0.10000  0.00000  0.00000  0.00000
28.97000  11.29660 -8.05021 -1.06728  0.00000  0.10000  0.00000  0.00000  0.00000
28.98000  11.05039 -9.39561 -1.22160  0.00000  0.10000  0.00000  0.00000  0.00000
28.99000  11.36315 -9.88694 -1.32377  0.00000  0.10000  0.00000  0.00000  0.00000
29.00000  11.51408 -9.85652 -1.42405  0.00000  0.10000  0.00000  0.00000  0.00000
29.01000  11.26654 -7.44353 -1.49983  0.00000  0.10000  0.00000  0.00000  0.00000
29.02000  11.41379 -7.40679 -1.24591  0.00000  0.10000  0.00000  0.00000  0.00000
29.03000  10.77320 -7.31641 -1.20688  0.00000  0.10000  0.00000  0.00000  0.00000
29.04000  11.05924 -9.19224 -1.17407  0.00000  0.10000  0.00000  0.00000  0.00000
29.05000  11.02944 -8.05652 -1.41614  0.00000  0.10000  0.00000  0.00000  0.00000
29.06000  10.99930 -7.74856 -1.31868  0.00000  0.10000  0.00000  0.00000  0.00000
29.07000  11.17730 -8.03440 -1.13509  0.00000  0.10000  0.00000  0.00000  0.00000
29.08000  10.91338 -6.81515 -1.14185  0.00000  0.10000  0.00000  0.00000  0.00000
29.09000  10.57559 -6.98814 -1.37475  0.00000  0.10000  0.00000  0.00000  0.00000
29.10000  10.39422 -9.10866 -1.45006  0.00000  0.10000  0.00000  0.00000  0.00000
29.11000  10.57038 -9.29376 -1.19029  0.00000  0.10000  0.00000  0.00000  0.00000
29.12000  10.38342 -8.75845 -0.90782  0.00000  0.10000  0.00000  0.00000  0.00000
29.13000  10.48603 -8.55470 -1.04226  0.00000  0.10000  0.00000  0.00000  0.00000
29.14000  10.63895 -8.60976 -1.30822  0.00000  0.10000  0.00000  0.00000  0.00000
29.15000  11.21185 -10.59410 -1.37295  0.00000  0.10000  0.00000  0.00000  0.00000
29.16000  11.21348 -8.52406 -1.17558  0.00000  0.10000  0.00000  0.00000  0.00000
29.17000  11.10204 -9.12414 -1.02310  0.00000  0.10000  0.00000  0.00000  0.00000
29.18000  11.18554 -8.16267 -1.40834  0.00000  0.10000  0.00000  0.00000  0.00000
29.19000  11.38876 -8.77698 -1.20547  0.00000  0.10000  0.00000  0.00000  0.00000
29.20000  11.63505 -7.70761 -0.91436  0.00000  0.10000  0.00000  0.00000  0.00000
29.21000  11.60565 -6.72746 -0.69759  0.00000  0.10000  0.00000  0.00000  0.00000
29.22000  11.54197 -6.19790 -0.93640  0.00000  0.10000  0.00000  0.00000  0.00000
29.23000  11.66218 -7.16544 -0.79255  0.00000  0.10000  0.00000  0.00000  0.00000
29.24000  11.77361 -7.89887 -0.64557  0.00000  0.10000  0.00000  0.00000  0.00000
29.25000  11.91411 -8.08626 -0.59049  0.00000  0.10000  0.00000  0.00000  0.00000
29.26000  12.07511 -6.26218 -1.26868  0.00000  0.10000  0.00000  0.00000  0.00000
29.27000  11.77619 -7.72775 -1.26687  0.00000  0.10000  0.00000  0.00000  0.00000
29.28000  11.40946 -8.06352 -1.40049  0.00000  0.10000  0.00000  0.00000  0.00000
29.29000  11.47522 -7.54629 -1.60819  0.00000  0.10000  0.00000  0.00000  0.00000
29.30000  11.22958 -7.37204 -1.39961  0.00000  0.10000  0.00000  0.00000  0.00000
29.31000  11.07754 -8.17615 -1.55903  0.00000  0.10000  0.00000  0.00000  0.00000
29.32000  11.43428 -6.51529 -1.61041  0.00000  0.10000  0.00000  0.00000  0.00000
29.33000  11.01566 -7.03770 -1.10827  0.00000  0.10000  0.00000  0.00000  0.00000
29.34000  11.31351 -7.50340 -0.99957  0.00000  0.10000  0.00000  0.00000  0.00000
29.35000  11.05484 -8.78799 -0.51285  0.00000  0.10000  0.00000  0.00000  0.00000
29.36000  11.49470 -8.06826 -0.60680  0.00000  0.10000  0.00000  0.00000  0.00000
29.37000  11.57529 -8.88879 -0.70157  0.00000  0.10000  0.00000  0.00000  0.00000
29.38000  11.17808 -8.24859 -0.89677  0.00000  0.10000  0.00000  0.00000  0.00000
29.39000  11.00721 -5.52639 -0.63678  0.00000  0.10000  0.00000  0.00000  0.00000
29.40000  11.11448 -4.79105 -0.35449  0.00000  0.10000  0.00000  0.00000  0.00000
29.41000  10.74270 -5.70884 -0.68360  0.00000  0.10000  0.00000  0.00000  0.00000
29.42000  10.83555 -6.52039 -0.55712  0.00000  0.10000  0.00000  0.00000  0.00000
29.43000  10.58041 -4.02063 -0.50931  0.00000  0.10000  0.00000  0.00000  0.00000
29.44000  10.79284 -2.83231 -0.19873  0.00000  0.10000  0.00000  0.00000  0.00000
29.45000  10.79058 -4.17986 -0.32830  0.00000  0.10000  0.00000  0.00000  0.00000
29.46000  10.87158 -3.47381 -0.23620  0.00000  0.10000  0.00000  0.00000  0.00000
29.47000  10.62206 -3.05942 -0.36276  0.00000  0.10000  0.00000  0.00000  0.00000
29.48000  10.26003 -3.12260 -0.39535  0.00000  0.10000  0.00000  0.00000  0.00000
29.49000  10.49059 -5.55730 -0.39477  0.00000  0.10000  0.00000  0.00000  0.00000
29.50000  10.64682 -2.71973 -0.35838  0.00000  0.10000  0.00000  0.00000  0.00000
29.51000  10.59926 -2.01163 -0.06371  0.00000  0.10000  0.00000  0.00000  0.00000
29.52000  10.48530 -0.55649 -0.24539  0.00000  0.10000  0.00000  0.00000  0.00000
29.53000  10.30141 -0.05932 -0.12732  0.00000  0.10000  0.00000  0.00000  0.00000
29.54000  10.82800  0.27178  0.16420  0.00000  0.10000  0.00000  0.00000  0.00000
29.55000  10.89360 -0.13365  0.34814  0.00000  0.10000  0.00000  0.00000  0.00000
29.56000  10.77897 -0.86791  0.03913  0.00000  0.10000  0.00000  0.00000  0.00000
29.57000  10.89088 -1.01131  0.37697  0.00000  0.10000  0.00000  0.00000  0.00000
29.58000  10.83666 -1.50367 -0.03373  0.00000  0.10000  0.00000  0.00000  0.00000
29.59000  10.82288 -2.75638 -0.32111  0.00000  0.10000  0.00000  0.00000  0.00000
29.60000  10.63441 -1.11846 -0.06789  0.00000  0.10000  0.00000  0.00000  0.00000
29.61000  10.86479 -4.64243 -0.05975  0.00000  0.10000  0.00000  0.00000  0.00000
29.62000  10.91478 -3.65959 -0.00038  0.00000  0.10000  0.00000  0.00000  0.00000
29.63000  11.02962 -2.50750 -0.20769  0.00000  0.10000  0.00000  0.00000  0.00000
29.64000  10.89891 -2.41709 -0.80201  0.00000  0.10000  0.00000  0.00000  0.00000
29.65000  10.87866 -1.99264 -0.33057  0.00000  0.10000  0.00000  0.00000  0.00000
29.66000  10.61357 -2.14958 -0.27671  0.00000  0.10000  0.00000  0.00000  0.00000
29.67000  10.74043 -4.78841  0.03854  0.00000  0.10000  0.00000  0.00000  0.00000
29.68000  10.66573 -1.61471 -0.04218  0.00000  0.10000  0.00000  0.00000  0.00000
29.69000  10.79671 -2.29639 -0.01652  0.00000  0.10000  0.00000  0.00000  0.00000
29.70000  10.50281 -1.25946 -0.25488  0.00000  0.10000  0.00000  0.00000  0.00000
29.71000  10.90750  0.30867 -0.32215  0.00000  0.10000  0.00000  0.00000  0.00000
29.72000  11.17201  0.42648 -0.33626  0.00000  0.10000  0.00000  0.00000  0.00000
29.73000  10.97506  2.83819 -0.33994  0.00000  0.10000  0.00000  0.00000  0.00000
29.74000  11.12225  0.30502 -0.29383  0.00000  0.10000  0.00000  0.00000  0.00000
29.75000  11.52044 -0.42832 -0.22223  0.00000  0.10000  0.00000  0.00000  0.00000
29.76000  11.11252 -0.39710 -0.05588  0.00000  0.10000  0.00000  0.00000  0.00000
29.77000  11.02865  0.67167 -0.14408  0.00000  0.10000  0.00000  0.00000  0.00000
29.78000  11.44677 -0.32612 -0.53011  0.00000  0.10000  0.00000  0.00000  0.00000
29.79000  11.26357 -0.64087 -0.64979  0.00000  0.10000  0.00000  0.00000  0.00000
29.80000  10.99808  0.09903 -0.75347  0.00000  0.10000  0.00000  0.00000  0.00000
29.81000  10.60864  0.68382 -0.87771  0.00000  0.10000  0.00000  0.00000  0.00000
29.82000  10.18532 -0.95910 -1.23172  0.00000  0.10000  0.00000  0.00000  0.00000
29.83000  10.59573  0.72419 -1.07307  0.00000  0.10000  0.00000  0.00000  0.00000
29.84000  10.70472  1.25114 -1.17718  0.00000  0.10000  0.00000  0.00000  0.00000
29.85000  10.43114  1.34248 -1.35988  0.00000  0.10000  0.00000  0.00000  0.00000
29.86000  10.29747  0.57927 -1.56727  0.00000  0.10000  0.00000  0.00000  0.00000
29.87000  10.30884  0.67100 -1.59047  0.00000  0.10000  0.00000  0.00000  0.00000
29.88000  10.57339  1.47343 -1.26106  0.00000  0.10000  0.00000  0.00000  0.00000
29.89000  10.53786  3.11679 -1.36942  0.00000  0.10000  0.00000  0.00000  0.00000
29.90000  10.28371  3.07541 -1.33482  0.00000  0.10000  0.00000  0.00000  0.00000
29.91000  10.37207  2.51321 -1.15897  0.00000  0.10000  0.00000  0.00000  0.00000
29.92000  10.31208  0.81197 -1.07793  0.00000  0.10000  0.00000  0.00000  0.00000
29.93000  10.30992  0.88872 -1.32095  0.00000  0.10000  0.00000  0.00000  0.00000
29.94000  10.39433  0.27771 -1.24766  0.00000  0.10000  0.00000  0.00000  0.00000
29.95000  10.53425 -0.77135 -0.82378  0.00000  0.10000  0.00000  0.00000  0.00000
29.96000  10.46327 -1.47686 -0.98015  0.00000  0.10000  0.00000  0.00000  0.00000
29.97000  10.33028  2.59436 -0.86462  0.00000  0.10000  0.00000  0.00000  0.00000
29.98000  10.69176  2.97006 -0.74054  0.00000  0.10000  0.00000  0.00000  0.00000
29.99000  10.80651  3.65810 -1.15867  0.00000  0.10000  0.00000  0.00000  0.00000
30.00000  10.67910  0.51127 -1.04587  0.00000  0.10000  0.00000  0.00000  0.00000
30.01000  10.85150  0.97651 -1.15084  0.00000  0.10000  0.00000  0.00000  0.00000
30.02000  11.06854  0.14268 -1.00815  0.00000  0.10000  0.00000  0.00000  0.00000
30.03000  11.13415 -0.63069 -1.22422  0.00000  0.10000  0.00000  0.00000  0.00000
30.04000  11.17399  0.46303 -1.18443  0.00000  0.10000  0.00000  0.00000  0.00000
30.05000  10.92301 -0.37097 -0.64339  0.00000  0.10000  0.00000  0.00000  0.00000
30.06000  11.05213 -1.17459 -1.07167  0.00000  0.10000  0.00000  0.00000  0.00000
30.07000  11.22688 -1.79784 -1.45104  0.00000  0.10000  0.00000  0.00000  0.00000
30.08000  11.06206 -3.93409 -0.96586  0.00000  0.10000  0.00000  0.00000  0.00000
30.09000  11.45427 -4.84212 -1.25164  0.00000  0.10000  0.00000  0.00000  0.00000
30.10000  11.52931 -5.74757 -1.18112  0.00000  0.10000  0.00000  0.00000  0.00000
30.11000  11.64447 -4.86466 -1.00045  0.00000  0.10000  0.00000  0.00000  0.00000
30.12000  11.66731 -4.97554 -0.85990  0.00000  0.10000  0.00000  0.00000  0.00000
30.13000  12.06630 -3.09984 -0.91178  0.00000  0.10000  0.00000  0.00000  0.00000
30.14000  12.09052 -3.56635 -0.72515  0.00000  0.10000  0.00000  0.00000  0.00000
30.15000  11.76723 -2.81784 -0.74549  0.00000  0.10000  0.00000  0.00000  0.00000
30.16000  11.72208 -4.45359 -0.71695  0.00000  0.10000  0.00000  0.00000  0.00000
30.17000  11.46125 -3.70245 -0.70497  0.00000  0.10000  0.00000  0.00000  0.00000
30.18000  11.47216 -2.27648 -0.61312  0.00000  0.10000  0.00000  0.00000  0.00000
30.19000  11.32699 -3.06584 -0.26915  0.00000  0.10000  0.00000  0.00000  0.00000
30.20000  11.46595 -1.17973 -0.67442  0.00000  0.10000  0.00000  0.00000  0.00000
30.21000  11.83152 -1.63902 -0.64849  0.00000  0.10000  0.00000  0.00000  0.00000
30.22000  12.02095 -1.72866 -0.75472  0.00000  0.10000  0.00000  0.00000  0.00000
30.23000  11.97655 -3.45076 -1.19001  0.00000  0.10000  0.00000  0.00000  0.00000
30.24000  11.99844 -3.95809 -0.85046  0.00000  0.10000  0.00000  0.00000  0.00000
30.25000  11.92784 -4.75515 -0.72303  0.00000  0.10000  0.00000  0.00000  0.00000
30.26000  11.72089 -6.00195 -0.84666  0.00000  0.10000  0.00000  0.00000  0.00000
30.27000  11.59019 -5.49565 -0.57978  0.00000  0.10000  0.00000  0.00000  0.00000
30.28000  11.61852 -5.86819 -0.57617  0.00000  0.10000  0.00000  0.00000  0.00000
30.29000  11.70061 -5.91648 -0.32583  0.00000  0.10000  0.00000  0.00000  0.00000
30.30000  11.65710 -6.54387 -0.22088  0.00000  0.10000  0.00000  0.00000  0.00000
30.31000  12.00879 -6.31835 -0.21487  0.00000  0.10000  0.00000  0.00000  0.00000
30.32000  11.90014 -6.84915 -0.24881  0.00000  0.10000  0.00000  0.00000  0.00000
30.33000  11.77810 -6.71529 -0.41307  0.00000  0.10000  0.00000  0.00000  0.00000
30.34000  11.73568 -6.58531 -0.57415  0.00000  0.10000  0.00000  0.00000  0.00000
30.35000  11.67378 -6.10895 -0.55897  0.00000  0.10000  0.00000  0.00000  0.00000
30.36000  11.54869 -6.70540 -0.66438  0.00000  0.10000  0.00000  0.00000  0.00000
30.37000  11.48930 -6.94179 -0.25239  0.00000  0.10000  0.00000  0.00000  0.00000
30.38000  11.90889 -6.95191 -0.58036  0.00000  0.10000  0.00000  0.00000  0.00000
30.39000  11.96091 -5.57061 -0.53491  0.00000  0.10000  0.00000  0.00000  0.00000
30.40000  11.97544 -6.27843 -0.53942  0.00000  0.10000  0.00000  0.00000  0.00000
30.41000  11.76825 -4.12796 -0.74638  0.00000  0.10000  0.00000  0.00000  0.00000
30.42000  11.96912 -4.61281 -0.83376  0.00000  0.10000  0.00000  0.00000  0.00000
30.43000  11.80150 -4.89201 -0.65088  0.00000  0.10000  0.00000  0.00000  0.00000
30.44000  11.95590 -5.80594 -0.57349  0.00000  0.10000  0.00000  0.00000  0.00000
30.45000  11.96965 -6.33613 -0.98012  0.00000  0.10000  0.00000  0.00000  0.00000
30.46000  11.74567 -6.03950 -1.23588  0.00000  0.10000  0.00000  0.00000  0.00000
30.47000  11.83868 -5.98747 -1.11470  0.00000  0.10000  0.00000  0.00000  0.00000
30.48000  11.80925 -5.43716 -0.98598  0.00000  0.10000  0.00000  0.00000  0.00000
30.49000  11.90729 -3.73139 -0.98524  0.00000  0.10000  0.00000  0.00000  0.00000
30.50000  12.13826 -3.67679 -1.16517  0.00000  0.10000  0.00000  0.00000  0.00000
30.51000  12.06475 -4.54405 -0.72174  0.00000  0.10000  0.00000  0.00000  0.00000
30.52000  11.88268 -2.43914 -0.53517  0.00000  0.10000  0.00000  0.00000  0.00000
30.53000  11.83618 -0.82205 -0.50218  0.00000  0.10000  0.00000  0.00000  0.00000
30.54000  11.81740 -1.61049 -0.31746  0.00000  0.10000  0.00000  0.00000  0.00000
30.55000  11.62037 -2.10364 -0.55363  0.00000  0.10000  0.00000  0.00000  0.00000
30.56000  11.55419 -3.43126 -0.62942  0.00000  0.10000  0.00000  0.00000  0.00000
30.57000  11.40623 -2.62272 -0.67703  0.00000  0.10000  0.00000  0.00000  0.00000
30.58000  11.67642 -2.75493 -0.23577  0.00000  0.10000  0.00000  0.00000  0.00000
30.59000  11.75078 -1.33328 -0.44103  0.00000  0.10000  0.00000  0.00000  0.00000
30.60000  11.60827 -2.62605 -0.27189  0.00000  0.10000  0.00000  0.00000  0.00000
30.61000  11.65042 -2.05380 -0.42607  0.00000  0.10000  0.00000  0.00000  0.00000
30.62000  11.55791 -2.32288 -0.32160  0.00000  0.10000  0.00000  0.00000  0.00000
30.63000  11.66454 -1.92474 -0.48496  0.00000  0.10000  0.00000  0.00000  0.00000
30.64000  11.71757 -3.07391 -0.11820  0.00000  0.10000  0.00000  0.00000  0.00000
30.65000  12.29368 -3.12189 -0.06529  0.00000  0.10000  0.00000  0.00000  0.00000
30.66000  12.00717 -2.11128 -0.48568  0.00000  0.10000  0.00000  0.00000  0.00000
30.67000  12.15061 -2.92065 -0.61111  0.00000  0.10000  0.00000  0.00000  0.00000
30.68000  11.94920 -4.20384 -0.60368  0.00000  0.10000  0.00000  0.00000  0.00000
30.69000  11.53217 -7.63015 -0.23744  0.00000  0.10000  0.00000  0.00000  0.00000
30.70000  11.55007 -6.64658 -0.07229  0.00000  0.10000  0.00000  0.00000  0.00000
30.71000  11.85193 -5.08849  0.22622  0.00000  0.10000  0.00000  0.00000  0.00000
30.72000  12.27930 -4.75562  0.47685  0.00000  0.10000  0.00000  0.00000  0.00000
30.73000  11.95194 -3.82344  0.54619  0.00000  0.10000  0.00000  0.00000  0.00000
30.74000  12.25597 -4.53436  0.23828  0.00000  0.10000  0.00000  0.00000  0.00000
30.75000  11.88265 -6.46506  0.69257  0.00000  0.10000  0.00000  0.00000  0.00000
30.76000  11.67222 -6.80568  0.42070  0.00000  0.10000  0.00000  0.00000  0.00000
30.77000  11.43392 -6.64247  0.41944  0.00000  0.10000  0.00000  0.00000  0.00000
30.78000  11.27537 -8.27174  0.43144  0.00000  0.10000  0.00000  0.00000  0.00000
30.79000  11.58371 -9.19073  0.44168  0.00000  0.10000  0.00000  0.00000  0.00000
30.80000  11.67554 -8.80240  0.68868  0.00000  0.10000  0.00000  0.00000  0.00000
30.81000  11.66695 -9.60651  0.83990  0.00000  0.10000  0.00000  0.00000  0.00000
30.82000  11.29346 -7.30480  0.92994  0.00000  0.10000  0.00000  0.00000  0.00000
30.83000  11.58147 -7.47846  0.65713  0.00000  0.10000  0.00000  0.00000  0.00000
30.84000  11.26953 -4.58140  0.50484  0.00000  0.10000  0.00000  0.00000  0.00000
30.85000  11.31720 -3.83606  0.71379  0.00000  0.10000  0.00000  0.00000  0.00000
30.86000  11.51814 -6.33649  0.79055  0.00000  0.10000  0.00000  0.00000  0.00000
30.87000  11.52414 -4.18498  0.66973  0.00000  0.10000  0.00000  0.00000  0.00000
30.88000  11.28112 -2.73235  0.94017  0.00000  0.10000  0.00000  0.00000  0.00000
30.89000  11.02083 -2.35898  0.53687  0.00000  0.10000  0.00000  0.00000  0.00000
30.90000  11.09896 -2.85932  1.16312  0.00000  0.10000  0.00000  0.00000  0.00000
30.91000  10.85491 -4.03508  0.88180  0.00000  0.10000  0.00000  0.00000  0.00000
30.92000  10.60554 -3.89416  0.96073  0.00000  0.10000  0.00000  0.00000  0.00000
30.93000  10.40012 -4.02519  0.74613  0.00000  0.10000  0.00000  0.00000  0.00000
30.94000  10.45118 -3.50036  0.68828  0.00000  0.10000  0.00000  0.00000  0.00000
30.95000  10.80571 -2.81816  0.81090  0.00000  0.10000  0.00000  0.00000  0.00000
30.96000  10.80412 -2.31141  0.62203  0.00000  0.10000  0.00000  0.00000  0.00000
30.97000  10.84798 -3.73470  0.26292  0.00000  0.10000  0.00000  0.00000  0.00000
30.98000  10.92393 -2.75165  0.78915  0.00000  0.10000  0.00000  0.00000  0.00000
30.99000  10.92692 -2.73761  0.50112  0.00000  0.10000  0.00000  0.00000  0.00000
31.00000  11.23498 -3.48704  0.59359  0.00000  0.10000  0.00000  0.00000  0.00000
31.01000  10.99632 -7.73039  0.43889  0.00000  0.10000  0.00000  0.00000  0.00000
31.02000  11.17372 -7.34306  0.11412  0.00000  0.10000  0.00000  0.00000  0.00000
31.03000  11.01790 -7.76688 -0.00299  0.00000  0.10000  0.00000  0.00000  0.00000
31.04000  10.94811 -5.98305 -0.08637  0.00000  0.10000  0.00000  0.00000  0.00000
31.05000  11.19918 -6.58134 -0.02814  0.00000  0.10000  0.00000  0.00000  0.00000
31.06000  11.07206 -8.07329 -0.02976  0.00000  0.10000  0.00000  0.00000  0.00000
31.07000  11.12962 -9.84850  0.03268  0.00000  0.10000  0.00000  0.00000  0.00000
31.08000  11.32897 -8.55905 -0.09062  0.00000  0.10000  0.00000  0.00000  0.00000
31.09000  11.22045 -8.41692 -0.01810  0.00000  0.10000  0.00000  0.00000  0.00000
31.10000  11.13543 -9.37494  0.22759  0.00000  0.10000  0.00000  0.00000  0.00000
31.11000  11.43305 -9.28977  0.44841  0.00000  0.10000  0.00000  0.00000  0.00000
31.12000  11.22526 -9.66518  0.33978  0.00000  0.10000  0.00000  0.00000  0.00000
31.13000  10.77936 -8.83717  0.23622  0.00000  0.10000  0.00000  0.00000  0.00000
31.14000  10.64830 -6.75755  0.30647  0.00000  0.10000  0.00000  0.00000  0.00000
31.15000  10.79817 -7.97266 -0.02450  0.00000  0.10000  0.00000  0.00000  0.00000
31.16000  11.06502 -7.87122 -0.17369  0.00000  0.10000  0.00000  0.00000  0.00000
31.17000  11.14635 -8.13309 -0.06262  0.00000  0.10000  0.00000  0.00000  0.00000
31.18000  10.84382 -8.83811  0.15858  0.00000  0.10000  0.00000  0.00000  0.00000
31.19000  10.97703 -7.96666  0.46211  0.00000  0.10000  0.00000  0.00000  0.00000
31.20000  10.88965 -7.94777  0.72326  0.00000  0.10000  0.00000  0.00000  0.00000
31.21000  10.78289 -8.21473  0.68270  0.00000  0.10000  0.00000  0.00000  0.00000
31.22000  10.85568 -8.07480  0.81734  0.00000  0.10000  0.00000  0.00000  0.00000
31.23000  11.04138 -9.52452  0.77484  0.00000  0.10000  0.00000  0.00000  0.00000
31.24000  11.42937 -9.14199  1.43725  0.00000  0.10000  0.00000  0.00000  0.00000
31.25000  11.08187 -9.64466  0.75478  0.00000  0.10000  0.00000  0.00000  0.00000
31.26000  11.18533 -7.33196  0.85905  0.00000  0.10000  0.00000  0.00000  0.00000
31.27000  11.16460 -8.07660  0.86444  0.00000  0.10000  0.00000  0.00000  0.00000
31.28000  11.29316 -5.05855  0.51631  0.00000  0.10000  0.00000  0.00000  0.00000
31.29000  10.87621 -2.57099  0.74123  0.00000  0.10000  0.00000  0.00000  0.00000
31.30000  10.84076 -3.58797  0.30698  0.00000  0.10000  0.00000  0.00000  0.00000
31.31000  10.83176 -2.08456  0.48322  0.00000  0.10000  0.00000  0.00000  0.00000
31.32000  10.89368 -2.97324 -0.11382  0.00000  0.10000  0.00000  0.00000  0.00000
31.33000  10.82207 -5.81477 -0.10445  0.00000  0.10000  0.00000  0.00000  0.00000
31.34000  11.00310 -7.15049 -0.00584  0.00000  0.10000  0.00000  0.00000  0.00000
31.35000  10.82385 -7.77572  0.39416  0.00000  0.10000  0.00000  0.00000  0.00000
31.36000  10.61185 -6.81999  0.28224  0.00000  0.10000  0.00000  0.00000  0.00000
31.37000  11.10129 -4.45238  0.02572  0.00000  0.10000  0.00000  0.00000  0.00000
31.38000  11.16342 -4.24143 -0.31950  0.00000  0.10000  0.00000  0.00000  0.00000
31.39000  11.06544 -4.20181 -0.31419  0.00000  0.10000  0.00000  0.00000  0.00000
31.40000  11.16698 -3.88699 -0.15506  0.00000  0.10000  0.00000  0.00000  0.00000
31.41000  11.01778 -3.41752 -0.29589  0.00000  0.10000  0.00000  0.00000  0.00000
31.42000  11.22331 -6.60140 -0.34272  0.00000  0.10000  0.00000  0.00000  0.00000
31.43000  11.06462 -5.33994 -0.03769  0.00000  0.10000  0.00000  0.00000  0.00000
31.44000  11.00905 -4.16181  0.06760  0.00000  0.10000  0.00000  0.00000  0.00000
31.45000  10.96918 -3.81918  0.28362  0.00000  0.10000  0.00000  0.00000  0.00000
31.46000  10.98293 -3.34610  0.28232  0.00000  0.10000  0.00000  0.00000  0.00000
31.47000  10.66484 -2.97861  0.13732  0.00000  0.10000  0.00000  0.00000  0.00000
31.48000  10.50847 -2.25378  0.75635  0.00000  0.10000  0.00000  0.00000  0.00000
31.49000  10.57220 -2.21811  0.80774  0.00000  0.10000  0.00000  0.00000  0.00000
31.50000  10.68137 -3.09569  0.88530  0.00000  0.10000  0.00000  0.00000  0.00000
31.51000  10.86208 -1.66573  0.88575  0.00000  0.10000  0.00000  0.00000  0.00000
31.52000  10.84931 -1.90408  0.62332  0.00000  0.10000  0.00000  0.00000  0.00000
31.53000  10.38625 -1.86379  0.94718  0.00000  0.10000  0.00000  0.00000  0.00000
31.54000  10.23547 -2.96726  0.88378  0.00000  0.10000  0.00000  0.00000  0.00000
31.55000  10.19915 -2.04258  0.70080  0.00000  0.10000  0.00000  0.00000  0.00000
31.56000  10.29430 -3.01355  0.45437  0.00000  0.10000  0.00000  0.00000  0.00000
31.57000  10.24013 -2.03892  0.18043  0.00000  0.10000  0.00000  0.00000  0.00000
31.58000  10.26167 -1.76141  0.44881  0.00000  0.10000  0.00000  0.00000  0.00000
31.59000  10.47182 -0.64980 -0.06177  0.00000  0.10000  0.00000  0.00000  0.00000
31.60000  10.75094 -1.72682 -0.02964  0.00000  0.10000  0.00000  0.00000  0.00000
31.61000  10.70030 -2.63398  0.24674  0.00000  0.10000  0.00000  0.00000  0.00000
31.62000  10.84588 -2.10548  0.34312  0.00000  0.10000  0.00000  0.00000  0.00000
31.63000  10.81027 -1.99355  0.40809  0.00000  0.10000  0.00000  0.00000  0.00000
31.64000  10.78247 -1.75130  0.53441  0.00000  0.10000  0.00000  0.00000  0.00000
31.65000  10.74822 -0.24844  0.52597  0.00000  0.10000  0.00000  0.00000  0.00000
31.66000  10.63011 -0.91368  0.53301  0.00000  0.10000  0.00000  0.00000  0.00000
31.67000  10.78365 -2.11270  0.82037  0.00000  0.10000  0.00000  0.00000  0.00000
31.68000  10.79527 -2.02928  0.82090  0.00000  0.10000  0.00000  0.00000  0.00000
31.69000  10.97598 -2.39239  0.56794  0.00000  0.10000  0.00000  0.00000  0.00000
31.70000  10.91874 -2.32556  0.37234  0.00000  0.10000  0.00000  0.00000  0.00000
31.71000  11.54104 -3.90637  0.49842  0.00000  0.10000  0.00000  0.00000  0.00000
31.72000  11.61178 -2.51139  0.59116  0.00000  0.10000  0.00000  0.00000  0.00000
31.73000  11.40136 -3.86486  0.69833  0.00000  0.10000  0.00000  0.00000  0.00000
31.74000  11.45816 -4.10662  0.64668  0.00000  0.10000  0.00000  0.00000  0.00000
31.75000  11.26359 -4.25454  0.32557  0.00000  0.10000  0.00000  0.00000  0.00000
31.76000  10.88743 -4.62151  0.31460  0.00000  0.10000  0.00000  0.00000  0.00000
31.77000  10.46440 -4.77894  0.33326  0.00000  0.10000  0.00000  0.00000  0.00000
31.78000  10.85115 -6.85077  0.28127  0.00000  0.10000  0.00000  0.00000  0.00000
31.79000  11.07002 -8.08771  0.17906  0.00000  0.10000  0.00000  0.00000  0.00000
31.80000  11.22902 -7.33004  0.40542  0.00000  0.10000  0.00000  0.00000  0.00000
31.81000  10.91346 -5.64722  0.63424  0.00000  0.10000  0.00000  0.00000  0.00000
31.82000  11.15507 -7.30235  1.04145  0.00000  0.10000  0.00000  0.00000  0.00000
31.83000  10.85235 -7.69813  0.41384  0.00000  0.10000  0.00000  0.00000  0.00000
31.84000  10.79932 -5.12463  0.76333  0.00000  0.10000  0.00000  0.00000  0.00000
31.85000  11.29907 -5.75099  0.66789  0.00000  0.10000  0.00000  0.00000  0.00000
31.86000  11.13437 -4.25245  0.55998  0.00000  0.10000  0.00000  0.00000  0.00000
31.87000  11.01311 -4.00726  0.45481  0.00000  0.10000  0.00000  0.00000  0.00000
31.88000  10.91765 -4.51314  0.80157  0.00000  0.10000  0.00000  0.00000  0.00000
31.89000  11.03670 -4.56302  0.83947  0.00000  0.10000  0.00000  0.00000  0.00000
31.90000  10.63183 -4.86131  0.70464  0.00000  0.10000  0.00000  0.00000  0.00000
31.91000  10.62650 -4.72348  0.91727  0.00000  0.10000  0.00000  0.00000  0.00000
31.92000  10.03607 -5.93964  0.95589  0.00000  0.10000  0.00000  0.00000  0.00000
31.93000  10.09779 -4.54991  0.75478  0.00000  0.10000  0.00000  0.00000  0.00000
31.94000  9.99160 -3.07645  0.69884  0.00000  0.10000  0.00000  0.00000  0.00000
31.95000  10.34192 -3.61806  0.56905  0.00000  0.10000  0.00000  0.00000  0.00000
31.96000  9.99382 -2.53555  0.64936  0.00000  0.10000  0.00000  0.00000  0.00000
31.97000  10.20578 -3.45334  0.97892  0.00000  0.10000  0.00000  0.00000  0.00000
31.98000  10.01559 -3.49704  0.89474  0.00000  0.10000  0.00000  0.00000  0.00000
31.99000  10.13595 -7.20876  0.75267  0.00000  0.10000  0.00000  0.00000  0.00000
32.00000  10.03987 -9.46509  0.38657  0.00000  0.10000  0.00000  0.00000  0.00000
32.01000  9.91848 -7.39748  0.39785  0.00000  0.10000  0.00000  0.00000  0.00000
32.02000  10.26578 -6.43704  0.02110  0.00000  0.10000  0.00000  0.00000  0.00000
32.03000  10.15112 -6.43007  0.14542  0.00000  0.10000  0.00000  0.00000  0.00000
32.04000  10.02640 -6.41150  0.44356  0.00000  0.10000  0.00000  0.00000  0.00000
32.05000  10.45990 -4.41125  0.56571  0.00000  0.10000  0.00000  0.00000  0.00000
32.06000  10.54653 -3.71421  0.76440  0.00000  0.10000  0.00000  0.00000  0.00000
32.07000  10.12311 -2.61233  0.89475  0.00000  0.10000  0.00000  0.00000  0.00000
32.08000  10.59259 -3.16149  1.20154  0.00000  0.10000  0.00000  0.00000  0.00000
32.09000  10.42488 -2.62230  0.97695  0.00000  0.10000  0.00000  0.00000  0.00000
32.10000  10.19978 -4.89000  1.13685  0.00000  0.10000  0.00000  0.00000  0.00000
32.11000  10.34020 -7.68269  0.94282  0.00000  0.10000  0.00000  0.00000  0.00000
32.12000  10.39432 -6.49245  0.60985  0.00000  0.10000  0.00000  0.00000  0.00000
32.13000  10.45442 -6.95987  0.75406  0.00000  0.10000  0.00000  0.00000  0.00000
32.14000  10.39365 -6.72716  0.90834  0.00000  0.10000  0.00000  0.00000  0.00000
32.15000  10.59442 -9.34123  1.14730  0.00000  0.10000  0.00000  0.00000  0.00000
32.16000  10.29873 -9.16652  1.39661  0.00000  0.10000  0.00000  0.00000  0.00000
32.17000  10.05384 -7.58867  0.89345  0.00000  0.10000  0.00000  0.00000  0.00000
32.18000  10.37045 -9.64243  1.04751  0.00000  0.10000  0.00000  0.00000  0.00000
32.19000  10.81021 -10.26499  1.11484  0.00000  0.10000  0.00000  0.00000  0.00000
32.20000  10.92879 -11.32013  1.35974  0.00000  0.10000  0.00000  0.00000  0.00000
32.21000  11.02261 -11.77356  0.94648  0.00000  0.10000  0.00000  0.00000  0.00000
32.22000  10.90806 -13.80423  1.29797  0.00000  0.10000  0.00000  0.00000  0.00000
32.23000  10.66048 -12.93705  0.76896  0.00000  0.10000  0.00000  0.00000  0.00000
32.24000  10.70465 -13.68928  0.50423  0.00000  0.10000  0.00000  0.00000  0.00000
32.25000  10.40668 -10.97986  0.79410  0.00000  0.10000  0.00000  0.00000  0.00000
32.26000  10.62877 -14.99386  0.84604  0.00000  0.10000  0.00000  0.00000  0.00000
32.27000  10.28987 -14.23411  0.45151  0.00000  0.10000  0.00000  0.00000  0.00000
32.28000  10.48606 -13.53783  0.70576  0.00000  0.10000  0.00000  0.00000  0.00000
32.29000  10.10107 -12.95112  0.07217  0.00000  0.10000  0.00000  0.00000  0.00000
32.30000  10.44934 -11.11121  0.23420  0.00000  0.10000  0.00000  0.00000  0.00000
32.31000  10.83304 -13.48621  0.51689  0.00000  0.10000  0.00000  0.00000  0.00000
32.32000  11.25758 -10.63825  0.48185  0.00000  0.10000  0.00000  0.00000  0.00000
32.33000  11.26663 -8.90598  0.66575  0.00000  0.10000  0.00000  0.00000  0.00000
32.34000  11.26803 -9.34131  0.62598  0.00000  0.10000  0.00000  0.00000  0.00000
32.35000  11.44597 -7.84559  0.80343  0.00000  0.10000  0.00000  0.00000  0.00000
32.36000  11.85272 -8.78464  0.95356  0.00000  0.10000  0.00000  0.00000  0.00000
32.37000  11.82607 -8.05221  0.75888  0.00000  0.10000  0.00000  0.00000  0.00000
32.38000  11.58040 -8.03429  0.82519  0.00000  0.10000  0.00000  0.00000  0.00000
32.39000  11.78233 -7.66195  0.78610  0.00000  0.10000  0.00000  0.00000  0.00000
32.40000  12.03062 -10.07179  0.82874  0.00000  0.10000  0.00000  0.00000  0.00000
32.41000  11.94971 -10.11895  0.58820  0.00000  0.10000  0.00000  0.00000  0.00000
32.42000  12.14864 -8.35183  0.83634  0.00000  0.10000  0.00000  0.00000  0.00000
32.43000  11.79617 -8.28898  0.65637  0.00000  0.10000  0.00000  0.00000  0.00000
32.44000  11.72381 -9.14266  0.80774  0.00000  0.10000  0.00000  0.00000  0.00000
32.45000  11.87535 -7.76462  0.67262  0.00000  0.10000  0.00000  0.00000  0.00000
32.46000  11.41652 -8.57823  0.32652  0.00000  0.10000  0.00000  0.00000  0.00000
32.47000  11.13788 -8.02242  0.49142  0.00000  0.10000  0.00000  0.00000  0.00000
32.48000  11.64694 -6.44943  0.72539  0.00000  0.10000  0.00000  0.00000  0.00000
32.49000  11.26583 -8.02497  0.78658  0.00000  0.10000  0.00000  0.00000  0.00000
32.50000  11.16814 -8.60257  0.59714  0.00000  0.10000  0.00000  0.00000  0.00000
32.51000  11.57024 -5.84215  0.31838  0.00000  0.10000  0.00000  0.00000  0.00000
32.52000  11.21433 -6.66665  0.38920  0.00000  0.10000  0.00000  0.00000  0.00000
32.53000  11.54887 -6.18330  0.78591  0.00000  0.10000  0.00000  0.00000  0.00000
32.54000  11.65697 -5.78520  0.83159  0.00000  0.10000  0.00000  0.00000  0.00000
32.55000  11.85742 -4.80889  0.63957  0.00000  0.10000  0.00000  0.00000  0.00000
32.56000  11.70531 -3.13507  0.39693  0.00000  0.10000  0.00000  0.00000  0.00000
32.57000  11.32311 -2.45618  0.47967  0.00000  0.10000  0.00000  0.00000  0.00000
32.58000  11.76722 -3.09648  0.71608  0.00000  0.10000  0.00000  0.00000  0.00000
32.59000  11.68488 -4.38035  0.54890  0.00000  0.10000  0.00000  0.00000  0.00000
32.60000  11.76488 -3.14533  0.68067  0.00000  0.10000  0.00000  0.00000  0.00000
32.61000  11.60817 -3.05756  1.02915  0.00000  0.10000  0.00000  0.00000  0.00000
32.62000  11.26856 -4.53406  0.50208  0.00000  0.10000  0.00000  0.00000  0.00000
32.63000  11.27311 -4.07652 -0.21442  0.00000  0.10000  0.00000  0.00000  0.00000
32.64000  11.59318 -3.10232 -0.00885  0.00000  0.10000  0.00000  0.00000  0.00000
32.65000  11.14876 -3.06999 -0.27227  0.00000  0.10000  0.00000  0.00000  0.00000
32.66000  11.11479 -2.75031 -0.11205  0.00000  0.10000  0.00000  0.00000  0.00000
32.67000  11.14669 -4.09681 -0.30990  0.00000  0.10000  0.00000  0.00000  0.00000
32.68000  11.01020 -6.50065 -0.30089  0.00000  0.10000  0.00000  0.00000  0.00000
32.69000  11.20225 -6.07918 -0.03954  0.00000  0.10000  0.00000  0.00000  0.00000
32.70000  11.06056 -6.81905  0.10134  0.00000  0.10000  0.00000  0.00000  0.00000
32.71000  11.20713 -6.31821 -0.09102  0.00000  0.10000  0.00000  0.00000  0.00000
32.72000  11.28517 -3.95073 -0.25502  0.00000  0.10000  0.00000  0.00000  0.00000
32.73000  11.08241 -3.31621 -0.15362  0.00000  0.10000  0.00000  0.00000  0.00000
32.74000  11.69134 -4.74378 -0.34210  0.00000  0.10000  0.00000  0.00000  0.00000
32.75000  11.98006 -6.11516 -0.43346  0.00000  0.10000  0.00000  0.00000  0.00000
32.76000  12.09692 -6.75650 -0.43631  0.00000  0.10000  0.00000  0.00000  0.00000
32.77000  11.79172 -7.18143 -0.47487  0.00000  0.10000  0.00000  0.00000  0.00000
32.78000  11.34879 -9.21899 -0.34343  0.00000  0.10000  0.00000  0.00000  0.00000
32.79000  11.35494 -7.37133 -0.45173  0.00000  0.10000  0.00000  0.00000  0.00000
32.80000  11.19367 -6.70256 -0.52988  0.00000  0.10000  0.00000  0.00000  0.00000
32.81000  10.88138 -9.29461 -0.76546  0.00000  0.10000  0.00000  0.00000  0.00000
32.82000  10.80674 -8.01589 -0.80900  0.00000  0.10000  0.00000  0.00000  0.00000
32.83000  10.60492 -8.39739 -0.55416  0.00000  0.10000  0.00000  0.00000  0.00000
32.84000  10.32029 -9.45991 -0.50479  0.00000  0.10000  0.00000  0.00000  0.00000
32.85000  10.73208 -7.26028 -0.30699  0.00000  0.10000  0.00000  0.00000  0.00000
32.86000  11.20316 -8.76857 -0.30411  0.00000  0.10000  0.00000  0.00000  0.00000
32.87000  11.13682 -7.50988 -0.54472  0.00000  0.10000  0.00000  0.00000  0.00000
32.88000  10.99399 -7.66109 -0.65037  0.00000  0.10000  0.00000  0.00000  0.00000
32.89000  11.08166 -7.48509 -0.11331  0.00000  0.10000  0.00000  0.00000  0.00000
32.90000  11.15410 -6.63250  0.00238  0.00000  0.10000  0.00000  0.00000  0.00000
32.91000  11.12110 -7.62390  0.07592  0.00000  0.10000  0.00000  0.00000  0.00000
32.92000  11.19860 -8.83770 -0.08955  0.00000  0.10000  0.00000  0.00000  0.00000
32.93000  11.06945 -7.79995  0.05995  0.00000  0.10000  0.00000  0.00000  0.00000
32.94000  10.54957 -5.79734  0.24184  0.00000  0.10000  0.00000  0.00000  0.00000
32.95000  10.45814 -5.48866 -0.01157  0.00000  0.10000  0.00000  0.00000  0.00000
32.96000  10.46332 -3.90392  0.19702  0.00000  0.10000  0.00000  0.00000  0.00000
32.97000  10.75440 -3.96001 -0.14321  0.00000  0.10000  0.00000  0.00000  0.00000
32.98000  10.44962 -3.07524 -0.36926  0.00000  0.10000  0.00000  0.00000  0.00000
32.99000  10.72520 -1.81632 -0.62378  0.00000  0.10000  0.00000  0.00000  0.00000
33.00000  10.49805 -0.59986 -0.30223  0.00000  0.10000  0.00000  0.00000  0.00000
33.01000  10.72829 -1.13825 -0.28378  0.00000  0.10000  0.00000  0.00000  0.00000
33.02000  10.36957 -1.66966  0.14449  0.00000  0.10000  0.00000  0.00000  0.00000
33.03000  10.00487 -1.37433 -0.28290  0.00000  0.10000  0.00000  0.00000  0.00000
33.04000  9.77142 -3.33509 -0.26639  0.00000  0.10000  0.00000  0.00000  0.00000
33.05000  9.56443 -3.89888 -0.20957  0.00000  0.10000  0.00000  0.00000  0.00000
33.06000  9.67482 -2.90261 -0.51301  0.00000  0.10000  0.00000  0.00000  0.00000
33.07000  9.64246 -5.42840 -0.23645  0.00000  0.10000  0.00000  0.00000  0.00000
33.08000  9.62223 -7.33153 -0.13488  0.00000  0.10000  0.00000  0.00000  0.00000
33.09000  10.04895 -8.97154 -0.01155  0.00000  0.10000  0.00000  0.00000  0.00000
33.10000  10.04908 -9.36014  0.13432  0.00000  0.10000  0.00000  0.00000  0.00000
33.11000  10.06551 -10.08797 -0.00531  0.00000  0.10000  0.00000  0.00000  0.00000
33.12000  9.78805 -10.94355 -0.15226  0.00000  0.10000  0.00000  0.00000  0.00000
33.13000  9.92217 -9.96714 -0.44464  0.00000  0.10000  0.00000  0.00000  0.00000
33.14000  9.99638 -9.28879 -0.50095  0.00000  0.10000  0.00000  0.00000  0.00000
33.15000  9.85189 -11.05325  0.07364  0.00000  0.10000  0.00000  0.00000  0.00000
33.16000  9.98759 -10.63929 -0.19209  0.00000  0.10000  0.00000  0.00000  0.00000
33.17000  9.85249 -11.62434 -0.14244  0.00000  0.10000  0.00000  0.00000  0.00000
33.18000  9.87993 -10.02255 -0.33280  0.00000  0.10000  0.00000  0.00000  0.00000
33.19000  9.93038 -11.80313 -0.50391  0.00000  0.10000  0.00000  0.00000  0.00000
33.20000  10.07795 -11.98009 -0.50908  0.00000  0.10000  0.00000  0.00000  0.00000
33.21000  10.23283 -11.62222 -0.41817  0.00000  0.10000  0.00000  0.00000  0.00000
33.22000  10.47613 -10.99967 -0.97296  0.00000  0.10000  0.00000  0.00000  0.00000
33.23000  10.68551 -12.90700 -0.55076  0.00000  0.10000  0.00000  0.00000  0.00000
33.24000  10.46729 -11.20272 -0.30213  0.00000  0.10000  0.00000  0.00000  0.00000
33.25000  10.51398 -11.66986  0.10877  0.00000  0.10000  0.00000  0.00000  0.00000
33.26000  10.23153 -12.65118 -0.13709  0.00000  0.10000  0.00000  0.00000  0.00000
33.27000  10.90980 -10.97000  0.14584  0.00000  0.10000  0.00000  0.00000  0.00000
33.28000  10.80130 -9.64850  0.16226  0.00000  0.10000  0.00000  0.00000  0.00000
33.29000  10.67184 -10.43096  0.20342  0.00000  0.10000  0.00000  0.00000  0.00000
33.30000  10.76071 -10.34806  0.10374  0.00000  0.10000  0.00000  0.00000  0.00000
33.31000  10.61053 -11.43695 -0.19541  0.00000  0.10000  0.00000  0.00000  0.00000
33.32000  10.58675 -10.90434  0.04383  0.00000  0.10000  0.00000  0.00000  0.00000
33.33000  10.41732 -12.14874 -0.04469  0.00000  0.10000  0.00000  0.00000  0.00000
33.34000  10.26215 -13.37180 -0.62726  0.00000  0.10000  0.00000  0.00000  0.00000
33.35000  10.56022 -15.46189 -0.25990  0.00000  0.10000  0.00000  0.00000  0.00000
33.36000  10.67625 -16.36320  0.22177  0.00000  0.10000  0.00000  0.00000  0.00000
33.37000  10.12295 -13.85659  0.24187  0.00000  0.10000  0.00000  0.00000  0.00000
33.38000  10.00752 -13.68854  0.05352  0.00000  0.10000  0.00000  0.00000  0.00000
33.39000  10.35053 -12.78932  0.04674  0.00000  0.10000  0.00000  0.00000  0.00000
33.40000  10.58365 -12.09479  0.36669  0.00000  0.10000  0.00000  0.00000  0.00000
33.41000  10.58911 -12.20375  0.47346  0.00000  0.10000  0.00000  0.00000  0.00000
33.42000  10.59605 -14.04780  0.31409  0.00000  0.10000  0.00000  0.00000  0.00000
33.43000  10.49556 -12.78360  0.25610  0.00000  0.10000  0.00000  0.00000  0.00000
33.44000  10.45231 -12.47899  0.54889  0.00000  0.10000  0.00000  0.00000  0.00000
33.45000  10.29390 -11.06861  0.43405  0.00000  0.10000  0.00000  0.00000  0.00000
33.46000  10.41815 -9.23154  0.34004  0.00000  0.10000  0.00000  0.00000  0.00000
33.47000  10.17482 -9.18141  0.07525  0.00000  0.10000  0.00000  0.00000  0.00000
33.48000  9.90250 -8.93825 -0.35787  0.00000  0.10000  0.00000  0.00000  0.00000
33.49000  9.85893 -7.09145 -0.14241  0.00000  0.10000  0.00000  0.00000  0.00000
33.50000  9.93472 -6.60082 -0.24991  0.00000  0.10000  0.00000  0.00000  0.00000
33.51000  10.09581 -6.60781 -0.33419  0.00000  0.10000  0.00000  0.00000  0.00000
33.52000  9.55942 -6.14747  0.05085  0.00000  0.10000  0.00000  0.00000  0.00000
33.53000  9.84247 -3.12761 -0.23540  0.00000  0.10000  0.00000  0.00000  0.00000
33.54000  9.96715 -5.24522  0.13188  0.00000  0.10000  0.00000  0.00000  0.00000
33.55000  10.15366 -5.66833  0.24995  0.00000  0.10000  0.00000  0.00000  0.00000
33.56000  10.06022 -5.83331  0.02457  0.00000  0.10000  0.00000  0.00000  0.00000
33.57000  10.26796 -7.26747  0.07310  0.00000  0.10000  0.00000  0.00000  0.00000
33.58000  10.01875 -6.69148  0.35989  0.00000  0.10000  0.00000  0.00000  0.00000
33.59000  10.08902 -6.85022  0.10958  0.00000  0.10000  0.00000  0.00000  0.00000
33.60000  10.02932 -5.71903  0.06319  0.00000  0.10000  0.00000  0.00000  0.00000
33.61000  10.28820 -3.99503  0.16349  0.00000  0.10000  0.00000  0.00000  0.00000
33.62000  10.01914 -3.25790  0.07064  0.00000  0.10000  0.00000  0.00000  0.00000
33.63000  9.98065 -6.96486 -0.10180  0.00000  0.10000  0.00000  0.00000  0.00000
33.64000  9.53358 -4.97353  0.41043  0.00000  0.10000  0.00000  0.00000  0.00000
33.65000  9.57090 -3.50616  0.52514  0.00000  0.10000  0.00000  0.00000  0.00000
33.66000  10.10332 -4.99940  0.18458  0.00000  0.10000  0.00000  0.00000  0.00000
33.67000  10.32473 -3.76899 -0.19003  0.00000  0.10000  0.00000  0.00000  0.00000
33.68000  10.39865 -4.51483 -0.05830  0.00000  0.10000  0.00000  0.00000  0.00000
33.69000  10.20695 -3.16191 -0.11845  0.00000  0.10000  0.00000  0.00000  0.00000
33.70000  10.49530 -2.50897 -0.09178  0.00000  0.10000  0.00000  0.00000  0.00000
33.71000  10.57097 -3.51847 -0.36541  0.00000  0.10000  0.00000  0.00000  0.00000
33.72000  10.30464 -3.15703 -0.18087  0.00000  0.10000  0.00000  0.00000  0.00000
33.73000  10.56392 -3.19485 -0.35434  0.00000  0.10000  0.00000  0.00000  0.00000
33.74000  10.48906 -5.01523 -0.28910  0.00000  0.10000  0.00000  0.00000  0.00000
33.75000  10.10259 -6.11709 -0.11267  0.00000  0.10000  0.00000  0.00000  0.00000
33.76000  10.06734 -5.16967 -0.08785  0.00000  0.10000  0.00000  0.00000  0.00000
33.77000  10.25260 -4.06796 -0.18264  0.00000  0.10000  0.00000  0.00000  0.00000
33.78000  10.20290 -3.91630  0.09762  0.00000  0.10000  0.00000  0.00000  0.00000
33.79000  9.79202 -1.31921 -0.48672  0.00000  0.10000  0.00000  0.00000  0.00000
33.80000  9.81784 -2.87147 -0.57677  0.00000  0.10000  0.00000  0.00000  0.00000
33.81000  9.70647 -1.94891 -0.63627  0.00000  0.10000  0.00000  0.00000  0.00000
33.82000  10.07967 -3.00779 -0.66195  0.00000  0.10000  0.00000  0.00000  0.00000
33.83000  9.81101 -3.14613 -0.45665  0.00000  0.10000  0.00000  0.00000  0.00000
33.84000  9.73884 -4.47841 -0.40712  0.00000  0.10000  0.00000  0.00000  0.00000
33.85000  10.07595 -0.96371 -0.38134  0.00000  0.10000  0.00000  0.00000  0.00000
33.86000  10.08682 -2.11469 -0.21085  0.00000  0.10000  0.00000  0.00000  0.00000
33.87000  10.29312 -2.38921  0.02828  0.00000  0.10000  0.00000  0.00000  0.00000
33.88000  10.91490 -3.55728 -0.24835  0.00000  0.10000  0.00000  0.00000  0.00000
33.89000  10.50372 -4.68369 -0.20835  0.00000  0.10000  0.00000  0.00000  0.00000
33.90000  10.43648 -6.26785 -0.41178  0.00000  0.10000  0.00000  0.00000  0.00000
33.91000  10.39629 -7.90742 -0.40219  0.00000  0.10000  0.00000  0.00000  0.00000
33.92000  10.58791 -7.79536 -0.11291  0.00000  0.10000  0.00000  0.00000  0.00000
33.93000  10.41243 -10.03900 -0.28271  0.00000  0.10000  0.00000  0.00000  0.00000
33.94000  10.51791 -9.23562 -0.17900  0.00000  0.10000  0.00000  0.00000  0.00000
33.95000  10.42923 -8.45830 -0.00630  0.00000  0.10000  0.00000  0.00000  0.00000
33.96000  10.40097 -11.39505 -0.01355  0.00000  0.10000  0.00000  0.00000  0.00000
33.97000  10.23423 -10.49731 -0.07734  0.00000  0.10000  0.00000  0.00000  0.00000
33.98000  10.44531 -9.09722  0.23535  0.00000  0.10000  0.00000  0.00000  0.00000
33.99000  10.66284 -9.27102  0.46330  0.00000  0.10000  0.00000  0.00000  0.00000
34.00000  10.78167 -8.54094  0.73853  0.00000  0.10000  0.00000  0.00000  0.00000
34.01000  10.94016 -9.40957  1.04085  0.00000  0.10000  0.00000  0.00000  0.00000
34.02000  10.91381 -9.58508  0.89927  0.00000  0.10000  0.00000  0.00000  0.00000
34.03000  11.00390 -10.07569  0.68920  0.00000  0.10000  0.00000  0.00000  0.00000
34.04000  10.97908 -7.60121  0.69457  0.00000  0.10000  0.00000  0.00000  0.00000
34.05000  11.29031 -7.83741  0.79708  0.00000  0.10000  0.00000  0.00000  0.00000
34.06000  10.91279 -7.33382  0.59669  0.00000  0.10000  0.00000  0.00000  0.00000
34.07000  11.15661 -8.38056  0.45390  0.00000  0.10000  0.00000  0.00000  0.00000
34.08000  10.83069 -7.15504  0.57315  0.00000  0.10000  0.00000  0.00000  0.00000
34.09000  11.09689 -7.74911  0.28977  0.00000  0.10000  0.00000  0.00000  0.00000
34.10000  10.88493 -7.50177  0.45608  0.00000  0.10000  0.00000  0.00000  0.00000
34.11000  11.15734 -6.97289  0.73252  0.00000  0.10000  0.00000  0.00000  0.00000
34.12000  11.12665 -8.63531  0.50122  0.00000  0.10000  0.00000  0.00000  0.00000
34.13000  11.42653 -6.72699  0.59763  0.00000  0.10000  0.00000  0.00000  0.00000
34.14000  11.70751 -6.30599  0.60966  0.00000  0.10000  0.00000  0.00000  0.00000
34.15000  11.17312 -6.70108  0.35802  0.00000  0.10000  0.00000  0.00000  0.00000
34.16000  11.26648 -9.49785  0.06574  0.00000  0.10000  0.00000  0.00000  0.00000
34.17000  11.30879 -7.51648  0.31417  0.00000  0.10000  0.00000  0.00000  0.00000
34.18000  11.31187 -6.93214  0.65025  0.00000  0.10000  0.00000  0.00000  0.00000
34.19000  11.46544 -6.76532  0.97237  0.00000  0.10000  0.00000  0.00000  0.00000
34.20000  11.34350 -7.33876  0.71838  0.00000  0.10000  0.00000  0.00000  0.00000
34.21000  11.29407 -7.24199  0.68550  0.00000  0.10000  0.00000  0.00000  0.00000
34.22000  11.21357 -9.23682  0.55986  0.00000  0.10000  0.00000  0.00000  0.00000
34.23000  11.06819 -10.07733  1.14540  0.00000  0.10000  0.00000  0.00000  0.00000
34.24000  11.15613 -10.15483  0.78842  0.00000  0.10000  0.00000  0.00000  0.00000
34.25000  10.76644 -10.45575  0.41221  0.00000  0.10000  0.00000  0.00000  0.00000
34.26000  10.66170 -8.47624  0.61379  0.00000  0.10000  0.00000  0.00000  0.00000
34.27000  11.11923 -11.26872  0.05052  0.00000  0.10000  0.00000  0.00000  0.00000
34.28000  11.28142 -11.40501  0.53383  0.00000  0.10000  0.00000  0.00000  0.00000
34.29000  11.31901 -12.14194  0.42321  0.00000  0.10000  0.00000  0.00000  0.00000
34.30000  11.26891 -13.94246  0.59503  0.00000  0.10000  0.00000  0.00000  0.00000
34.31000  11.44227 -13.82635  0.72489  0.00000  0.10000  0.00000  0.00000  0.00000
34.32000  11.76429 -14.67091  0.88905  0.00000  0.10000  0.00000  0.00000  0.00000
34.33000  11.77349 -13.93000  0.98496  0.00000  0.10000  0.00000  0.00000  0.00000
34.34000  10.99211 -12.56936  1.07862  0.00000  0.10000  0.00000  0.00000  0.00000
34.35000  11.28027 -12.31572  0.52675  0.00000  0.10000  0.00000  0.00000  0.00000
34.36000  11.44184 -12.57462  0.85749  0.00000  0.10000  0.00000  0.00000  0.00000
34.37000  11.11473 -11.62421  1.28839  0.00000  0.10000  0.00000  0.00000  0.00000
34.38000  11.18295 -14.19080  1.43928  0.00000  0.10000  0.00000  0.00000  0.00000
34.39000  10.95996 -13.32552  1.33426  0.00000  0.10000  0.00000  0.00000  0.00000
34.40000  10.95116 -14.57235  1.22435  0.00000  0.10000  0.00000  0.00000  0.00000
34.41000  10.93455 -12.87126  1.56408  0.00000  0.10000  0.00000  0.00000  0.00000
34.42000  11.12422 -11.14852  1.56580  0.00000  0.10000  0.00000  0.00000  0.00000
34.43000  10.91338 -11.42876  1.13617  0.00000  0.10000  0.00000  0.00000  0.00000
34.44000  10.97801 -11.40673  1.51555  0.00000  0.10000  0.00000  0.00000  0.00000
34.45000  10.78874 -12.18537  1.00925  0.00000  0.10000  0.00000  0.00000  0.00000
34.46000  10.83877 -12.27715  1.75760  0.00000  0.10000  0.00000  0.00000  0.00000
34.47000  10.80774 -11.16346  1.82245  0.00000  0.10000  0.00000  0.00000  0.00000
34.48000  11.01565 -8.50601  1.92763  0.00000  0.10000  0.00000  0.00000  0.00000
34.49000  10.98259 -8.67364  1.32687  0.00000  0.10000  0.00000  0.00000  0.00000
34.50000  11.21611 -7.69571  1.30176  0.00000  0.10000  0.00000  0.00000  0.00000
34.51000  10.82159 -8.19698  1.41933  0.00000  0.10000  0.00000  0.00000  0.00000
34.52000  10.91534 -9.39803  1.20009  0.00000  0.10000  0.00000  0.00000  0.00000
34.53000  11.02922 -10.53627  1.40392  0.00000  0.10000  0.00000  0.00000  0.00000
34.54000  11.62401 -8.18189  1.38994  0.00000  0.10000  0.00000  0.00000  0.00000
34.55000  11.95022 -8.00319  1.50048  0.00000  0.10000  0.00000  0.00000  0.00000
34.56000  11.81012 -7.19909  1.44602  0.00000  0.10000  0.00000  0.00000  0.00000
34.57000  11.87930 -8.25475  1.76001  0.00000  0.10000  0.00000  0.00000  0.00000
34.58000  11.36289 -8.37709  1.34567  0.00000  0.10000  0.00000  0.00000  0.00000
34.59000  11.68482 -8.22680  1.02166  0.00000  0.10000  0.00000  0.00000  0.00000
34.60000  11.83280 -7.88074  1.18495  0.00000  0.10000  0.00000  0.00000  0.00000
34.61000  12.09411 -8.59816  1.43550  0.00000  0.10000  0.00000  0.00000  0.00000
34.62000  12.28908 -9.63009  1.24833  0.00000  0.10000  0.00000  0.00000  0.00000
34.63000  12.60070 -9.48043  1.50640  0.00000  0.10000  0.00000  0.00000  0.00000
34.64000  11.98128 -7.13076  1.46853  0.00000  0.10000  0.00000  0.00000  0.00000
34.65000  11.61037 -6.79964  1.40914  0.00000  0.10000  0.00000  0.00000  0.00000
34.66000  11.62719 -8.08588  1.45947  0.00000  0.10000  0.00000  0.00000  0.00000
34.67000  11.46127 -7.32304  1.07496  0.00000  0.10000  0.00000  0.00000  0.00000
34.68000  11.71274 -5.34711  1.13254  0.00000  0.10000  0.00000  0.00000  0.00000
34.69000  11.37096 -7.25866  1.37350  0.00000  0.10000  0.00000  0.00000  0.00000
34.70000  11.27551 -5.96974  1.30620  0.00000  0.10000  0.00000  0.00000  0.00000
34.71000  11.24839 -6.09051  1.41074  0.00000  0.10000  0.00000  0.00000  0.00000
34.72000  11.05818 -4.93166  1.43468  0.00000  0.10000  0.00000  0.00000  0.00000
34.73000  11.18341 -4.87130  1.54877  0.00000  0.10000  0.00000  0.00000  0.00000
34.74000  11.54445 -5.14771  1.38643  0.00000  0.10000  0.00000  0.00000  0.00000
34.75000  11.33558 -4.22596  1.55997  0.00000  0.10000  0.00000  0.00000  0.00000
34.76000  11.15242 -3.65931  1.68504  0.00000  0.10000  0.00000  0.00000  0.00000
34.77000  11.17988 -6.10855  1.77056  0.00000  0.10000  0.00000  0.00000  0.00000
34.78000  11.38429 -4.40806  1.88771  0.00000  0.10000  0.00000  0.00000  0.00000
34.79000  11.52495 -4.28863  1.75310  0.00000  0.10000  0.00000  0.00000  0.00000
34.80000  11.69846 -5.64191  1.70379  0.00000  0.10000  0.00000  0.00000  0.00000
34.81000  11.44347 -6.34219  1.71177  0.00000  0.10000  0.00000  0.00000  0.00000
34.82000  11.54670 -6.25943  1.99719  0.00000  0.10000  0.00000  0.00000  0.00000
34.83000  11.46224 -3.14269  1.89019  0.00000  0.10000  0.00000  0.00000  0.00000
34.84000  11.52283 -3.16780  1.86942  0.00000  0.10000  0.00000  0.00000  0.00000
34.85000  11.53427 -3.26537  1.85987  0.00000  0.10000  0.00000  0.00000  0.00000
34.86000  11.23604 -4.76637  1.77424  0.00000  0.10000  0.00000  0.00000  0.00000
34.87000  11.20256 -4.60356  2.18365  0.00000  0.10000  0.00000  0.00000  0.00000
34.88000  10.95299 -4.14722  2.32344  0.00000  0.10000  0.00000  0.00000  0.00000
34.89000  11.23149 -4.68615  2.26840  0.00000  0.10000  0.00000  0.00000  0.00000
34.90000  11.29004 -5.13267  2.12459  0.00000  0.10000  0.00000  0.00000  0.00000
34.91000  11.14351 -3.39002  2.22121  0.00000  0.10000  0.00000  0.00000  0.00000
34.92000  11.20019 -2.64742  2.25708  0.00000  0.10000  0.00000  0.00000  0.00000
34.93000  11.04246 -2.09566  2.49464  0.00000  0.10000  0.00000  0.00000  0.00000
34.94000  10.78053 -2.20908  2.60946  0.00000  0.10000  0.00000  0.00000  0.00000
34.95000  10.63676 -2.82132  2.70467  0.00000  0.10000  0.00000  0.00000  0.00000
34.96000  10.49226 -4.05960  2.86161  0.00000  0.10000  0.00000  0.00000  0.00000
34.97000  10.62322 -5.89579  2.66601  0.00000  0.10000  0.00000  0.00000  0.00000
34.98000  10.87108 -5.72852  2.57678  0.00000  0.10000  0.00000  0.00000  0.00000
34.99000  10.85969 -6.01852  2.43388  0.00000  0.10000  0.00000  0.00000  0.00000
35.00000  11.16301 -6.60097  2.79021  0.00000  0.10000  0.00000  0.00000  0.00000
35.01000  10.92248 -6.29409  2.41889  0.00000  0.10000  0.00000  0.00000  0.00000
35.02000  11.10078 -6.08785  2.51699  0.00000  0.10000  0.00000  0.00000  0.00000
35.03000  11.11601 -5.93883  2.50226  0.00000  0.10000  0.00000  0.00000  0.00000
35.04000  10.91971 -5.04900  2.27321  0.00000  0.10000  0.00000  0.00000  0.00000
35.05000  10.83738 -5.36307  2.20491  0.00000  0.10000  0.00000  0.00000  0.00000
35.06000  11.04618 -3.13588  1.90820  0.00000  0.10000  0.00000  0.00000  0.00000
35.07000  11.03076 -4.06620  2.34232  0.00000  0.10000  0.00000  0.00000  0.00000
35.08000  11.09017 -2.59156  1.87105  0.00000  0.10000  0.00000  0.00000  0.00000
35.09000  10.96715 -2.04492  1.44174  0.00000  0.10000  0.00000  0.00000  0.00000
35.10000  10.90709 -3.10787  1.20882  0.00000  0.10000  0.00000  0.00000  0.00000
35.11000  11.07391 -3.34142  1.18122  0.00000  0.10000  0.00000  0.00000  0.00000
35.12000  10.91317 -2.37133  1.28887  0.00000  0.10000  0.00000  0.00000  0.00000
35.13000  10.61841 -2.79250  1.38163  0.00000  0.10000  0.00000  0.00000  0.00000
35.14000  10.69484 -2.01821  1.23537  0.00000  0.10000  0.00000  0.00000  0.00000
35.15000  10.86537 -2.18324  1.49542  0.00000  0.10000  0.00000  0.00000  0.00000
35.16000  10.84532 -3.02451  1.16640  0.00000  0.10000  0.00000  0.00000  0.00000
35.17000  11.05954 -2.28000  1.11441  0.00000  0.10000  0.00000  0.00000  0.00000
35.18000  11.32222 -1.70492  1.39232  0.00000  0.10000  0.00000  0.00000  0.00000
35.19000  11.55582 -3.00305  1.12541  0.00000  0.10000  0.00000  0.00000  0.00000
35.20000  11.45747 -4.26148  1.10440  0.00000  0.10000  0.00000  0.00000  0.00000
35.21000  11.74069 -5.27631  1.07549  0.00000  0.10000  0.00000  0.00000  0.00000
35.22000  11.77699 -5.79049  1.16733  0.00000  0.10000  0.00000  0.00000  0.00000
35.23000  11.65647 -4.47055  1.33050  0.00000  0.10000  0.00000  0.00000  0.00000
35.24000  12.03244 -4.71501  1.63755  0.00000  0.10000  0.00000  0.00000  0.00000
35.25000  11.86587 -3.80691  1.57933  0.00000  0.10000  0.00000  0.00000  0.00000
35.26000  11.80122 -2.48412  1.50833  0.00000  0.10000  0.00000  0.00000  0.00000
35.27000  11.38388 -3.59824  1.72076  0.00000  0.10000  0.00000  0.00000  0.00000
35.28000  11.85936 -4.89569  1.76831  0.00000  0.10000  0.00000  0.00000  0.00000
35.29000  11.80698 -3.73359  1.78833  0.00000  0.10000  0.00000  0.00000  0.00000
35.30000  11.72188 -3.88150  1.65889  0.00000  0.10000  0.00000  0.00000  0.00000
35.31000  11.91127 -4.96015  1.29316  0.00000  0.10000  0.00000  0.00000  0.00000
35.32000  11.60533 -3.84393  1.22324  0.00000  0.10000  0.00000  0.00000  0.00000
35.33000  11.47606 -3.50270  1.00234  0.00000  0.10000  0.00000  0.00000  0.00000
35.34000  11.55986 -3.02084  0.84096  0.00000  0.10000  0.00000  0.00000  0.00000
35.35000  11.25578 -2.39911  1.20905  0.00000  0.10000  0.00000  0.00000  0.00000
35.36000  11.50076 -4.80049  0.95308  0.00000  0.10000  0.00000  0.00000  0.00000
35.37000  11.33661 -3.77379  0.50071  0.00000  0.10000  0.00000  0.00000  0.00000
35.38000  11.28819 -2.85993  0.87518  0.00000  0.10000  0.00000  0.00000  0.00000
35.39000  11.28549 -1.89855  0.85321  0.00000  0.10000  0.00000  0.00000  0.00000
35.40000  11.52048 -2.52266  1.04005  0.00000  0.10000  0.00000  0.00000  0.00000
35.41000  11.39077 -2.22611  1.03663  0.00000  0.10000  0.00000  0.00000  0.00000
35.42000  11.01212 -1.80354  1.01081  0.00000  0.10000  0.00000  0.00000  0.00000
35.43000  11.11656 -0.73724  1.66030  0.00000  0.10000  0.00000  0.00000  0.00000
35.44000  10.74013 -2.15229  1.52037  0.00000  0.10000  0.00000  0.00000  0.00000
35.45000  10.77635 -2.45115  1.68048  0.00000  0.10000  0.00000  0.00000  0.00000
35.46000  10.73508 -2.96833  2.06262  0.00000  0.10000  0.00000  0.00000  0.00000
35.47000  10.81425 -1.03063  1.76256  0.00000  0.10000  0.00000  0.00000  0.00000
35.48000  10.77132 -3.54976  1.48655  0.00000  0.10000  0.00000  0.00000  0.00000
35.49000  10.77132 -4.28935  1.25263  0.00000  0.10000  0.00000  0.00000  0.00000
35.50000  10.70825 -5.62827  1.48175  0.00000  0.10000  0.00000  0.00000  0.00000
35.51000  10.70988 -5.94699  1.49439  0.00000  0.10000  0.00000  0.00000  0.00000
35.52000  10.82227 -4.76942  1.51054  0.00000  0.10000  0.00000  0.00000  0.00000
35.53000  10.84554 -3.06672  1.92958  0.00000  0.10000  0.00000  0.00000  0.00000
35.54000  10.96589 -2.91036  1.94137  0.00000  0.10000  0.00000  0.00000  0.00000
35.55000  10.81159 -4.90585  1.59364  0.00000  0.10000  0.00000  0.00000  0.00000
35.56000  10.84977 -2.87871  1.29735  0.00000  0.10000  0.00000  0.00000  0.00000
35.57000  10.76016 -3.62225  0.95589  0.00000  0.10000  0.00000  0.00000  0.00000
35.58000  10.86288 -4.01401  1.49936  0.00000  0.10000  0.00000  0.00000  0.00000
35.59000  11.35570 -2.09357  1.58126  0.00000  0.10000  0.00000  0.00000  0.00000
35.60000  10.93923 -2.22861  1.90026  0.00000  0.10000  0.00000  0.00000  0.00000
35.61000  11.26822 -3.59495  1.85902  0.00000  0.10000  0.00000  0.00000  0.00000
35.62000  11.28995 -3.02272  1.82047  0.00000  0.10000  0.00000  0.00000  0.00000
35.63000  10.77455 -3.68591  1.87319  0.00000  0.10000  0.00000  0.00000  0.00000
35.64000  10.48299 -4.96478  1.55207  0.00000  0.10000  0.00000  0.00000  0.00000
35.65000  10.59170 -4.37555  1.53625  0.00000  0.10000  0.00000  0.00000  0.00000
35.66000  10.75075 -3.32838  1.33421  0.00000  0.10000  0.00000  0.00000  0.00000
35.67000  10.53229 -2.45645  1.14043  0.00000  0.10000  0.00000  0.00000  0.00000
35.68000  10.92819 -4.40657  1.15836  0.00000  0.10000  0.00000  0.00000  0.00000
35.69000  10.86341 -4.62040  1.37490  0.00000  0.10000  0.00000  0.00000  0.00000
35.70000  11.04162 -6.60925  1.15046  0.00000  0.10000  0.00000  0.00000  0.00000
35.71000  11.36511 -6.94396  1.10894  0.00000  0.10000  0.00000  0.00000  0.00000
35.72000  11.41273 -6.86646  1.21153  0.00000  0.10000  0.00000  0.00000  0.00000
35.73000  11.68422 -6.13559  1.08176  0.00000  0.10000  0.00000  0.00000  0.00000
35.74000  11.54310 -5.09832  1.18380  0.00000  0.10000  0.00000  0.00000  0.00000
35.75000  11.57020 -4.06712  1.13102  0.00000  0.10000  0.00000  0.00000  0.00000
35.76000  11.52633 -4.35484  1.45122  0.00000  0.10000  0.00000  0.00000  0.00000
35.77000  11.29240 -5.18600  1.74623  0.00000  0.10000  0.00000  0.00000  0.00000
35.78000  11.36611 -4.67205  1.92313  0.00000  0.10000  0.00000  0.00000  0.00000
35.79000  11.53935 -6.10086  1.68032  0.00000  0.10000  0.00000  0.00000  0.00000
35.80000  11.68698 -5.38896  2.13222  0.00000  0.10000  0.00000  0.00000  0.00000
35.81000  12.07174 -5.45270  1.84361  0.00000  0.10000  0.00000  0.00000  0.00000
35.82000  12.12710 -6.20328  1.32069  0.00000  0.10000  0.00000  0.00000  0.00000
35.83000  12.11158 -7.73649  1.80507  0.00000  0.10000  0.00000  0.00000  0.00000
35.84000  12.06822 -6.72043  2.07215  0.00000  0.10000  0.00000  0.00000  0.00000
35.85000  12.22079 -5.63896  1.69921  0.00000  0.10000  0.00000  0.00000  0.00000
35.86000  12.02698 -4.80577  1.21920  0.00000  0.10000  0.00000  0.00000  0.00000
35.87000  12.04688 -6.01146  1.70571  0.00000  0.10000  0.00000  0.00000  0.00000
35.88000  11.75979 -5.22015  2.05291  0.00000  0.10000  0.00000  0.00000  0.00000
35.89000  11.90208 -4.40939  1.97992  0.00000  0.10000  0.00000  0.00000  0.00000
35.90000  11.94255 -4.76234  2.09040  0.00000  0.10000  0.00000  0.00000  0.00000
35.91000  12.04979 -2.19551  2.09071  0.00000  0.10000  0.00000  0.00000  0.00000
35.92000  12.00254 -3.58282  1.92187  0.00000  0.10000  0.00000  0.00000  0.00000
35.93000  12.29311 -3.42933  1.75478  0.00000  0.10000  0.00000  0.00000  0.00000
35.94000  11.87348 -4.40560  1.85804  0.00000  0.10000  0.00000  0.00000  0.00000
35.95000  11.95063 -5.00728  1.83370  0.00000  0.10000  0.00000  0.00000  0.00000
35.96000  11.71586 -4.79377  1.58427  0.00000  0.10000  0.00000  0.00000  0.00000
35.97000  11.70928 -4.93734  1.52952  0.00000  0.10000  0.00000  0.00000  0.00000
35.98000  11.62378 -6.29055  1.46336  0.00000  0.10000  0.00000  0.00000  0.00000
35.99000  11.93008 -7.44576  1.17165  0.00000  0.10000  0.00000  0.00000  0.00000
36.00000  11.99254 -7.82429  1.35238  0.00000  0.10000  0.00000  0.00000  0.00000
36.01000  12.16897 -6.33257  1.46678  0.00000  0.10000  0.00000  0.00000  0.00000
36.02000  11.85381 -3.63808  1.53003  0.00000  0.10000  0.00000  0.00000  0.00000
36.03000  11.65074 -3.14386  1.36013  0.00000  0.10000  0.00000  0.00000  0.00000
36.04000  11.38474 -1.28684  1.36874  0.00000  0.10000  0.00000  0.00000  0.00000
36.05000  11.10988 -0.05251  1.48984  0.00000  0.10000  0.00000  0.00000  0.00000
36.06000  11.21306 -3.83811  1.95148  0.00000  0.10000  0.00000  0.00000  0.00000
36.07000  11.22489 -3.31128  2.19511  0.00000  0.10000  0.00000  0.00000  0.00000
36.08000  11.28627 -3.85334  1.75125  0.00000  0.10000  0.00000  0.00000  0.00000
36.09000  11.35929 -5.10391  1.68483  0.00000  0.10000  0.00000  0.00000  0.00000
36.10000  11.17689 -5.73171  1.90075  0.00000  0.10000  0.00000  0.00000  0.00000
36.11000  11.22518 -4.83719  1.42412  0.00000  0.10000  0.00000  0.00000  0.00000
36.12000  11.46298 -3.82307  1.63636  0.00000  0.10000  0.00000  0.00000  0.00000
36.13000  11.64925 -4.31078  1.42247  0.00000  0.10000  0.00000  0.00000  0.00000
36.14000  11.44374 -3.90437  1.40332  0.00000  0.10000  0.00000  0.00000  0.00000
36.15000  11.27890 -4.96018  1.79435  0.00000  0.10000  0.00000  0.00000  0.00000
36.16000  11.23491 -4.64534  1.29493  0.00000  0.10000  0.00000  0.00000  0.00000
36.17000  11.63167 -4.44920  1.53469  0.00000  0.10000  0.00000  0.00000  0.00000
36.18000  11.23470 -4.66135  1.54236  0.00000  0.10000  0.00000  0.00000  0.00000
36.19000  10.95443 -4.19816  1.07442  0.00000  0.10000  0.00000  0.00000  0.00000
36.20000  10.70449 -3.07842  1.17766  0.00000  0.10000  0.00000  0.00000  0.00000
36.21000  10.71414 -1.96883  1.22352  0.00000  0.10000  0.00000  0.00000  0.00000
36.22000  10.66920 -3.38410  1.29088  0.00000  0.10000  0.00000  0.00000  0.00000
36.23000  10.82186 -2.38052  1.44404  0.00000  0.10000  0.00000  0.00000  0.00000
36.24000  10.89862 -4.26243  0.84118  0.00000  0.10000  0.00000  0.00000  0.00000
36.25000  10.90239 -4.57048  0.86683  0.00000  0.10000  0.00000  0.00000  0.00000
36.26000  11.16892 -5.98973  0.89517  0.00000  0.10000  0.00000  0.00000  0.00000
36.27000  10.96540 -7.53122  0.98787  0.00000  0.10000  0.00000  0.00000  0.00000
36.28000  10.85529 -5.39909  0.94962  0.00000  0.10000  0.00000  0.00000  0.00000
36.29000  10.79504 -6.06737  0.97275  0.00000  0.10000  0.00000  0.00000  0.00000
36.30000  11.03378 -3.94102  0.98150  0.00000  0.10000  0.00000  0.00000  0.00000
36.31000  11.25467 -4.01107  0.76513  0.00000  0.10000  0.00000  0.00000  0.00000
36.32000  11.52053 -2.42781  0.93071  0.00000  0.10000  0.00000  0.00000  0.00000
36.33000  11.66772 -2.49260  1.18651  0.00000  0.10000  0.00000  0.00000  0.00000
36.34000  11.66105 -1.76967  1.42371  0.00000  0.10000  0.00000  0.00000  0.00000
36.35000  11.50214 -0.73282  1.51065  0.00000  0.10000  0.00000  0.00000  0.00000
36.36000  11.41530  0.94972  1.11689  0.00000  0.10000  0.00000  0.00000  0.00000
36.37000  11.54102  1.09094  1.08599  0.00000  0.10000  0.00000  0.00000  0.00000
36.38000  11.80905 -0.73848  1.40961  0.00000  0.10000  0.00000  0.00000  0.00000
36.39000  11.63695 -1.12295  1.19270  0.00000  0.10000  0.00000  0.00000  0.00000
36.40000  11.62215 -0.93640  1.17741  0.00000  0.10000  0.00000  0.00000  0.00000
36.41000  12.04494 -0.50885  1.25896  0.00000  0.10000  0.00000  0.00000  0.00000
36.42000  11.97019 -3.64947  1.27194  0.00000  0.10000  0.00000  0.00000  0.00000
36.43000  11.61168  0.36016  1.42830  0.00000  0.10000  0.00000  0.00000  0.00000
36.44000  11.64778  1.03090  1.55222  0.00000  0.10000  0.00000  0.00000  0.00000
36.45000  11.30178  0.42454  1.41768  0.00000  0.10000  0.00000  0.00000  0.00000
36.46000  11.16701 -0.15191  1.59367  0.00000  0.10000  0.00000  0.00000  0.00000
36.47000  10.97361 -0.04505  1.04859  0.00000  0.10000  0.00000  0.00000  0.00000
36.48000  11.19689 -0.38224  1.05054  0.00000  0.10000  0.00000  0.00000  0.00000
36.49000  10.94626 -0.63512  1.25766  0.00000  0.10000  0.00000  0.00000  0.00000
36.50000  11.01041 -0.84548  1.42029  0.00000  0.10000  0.00000  0.00000  0.00000
36.51000  10.92738 -2.33035  1.15261  0.00000  0.10000  0.00000  0.00000  0.00000
36.52000  11.01566 -2.18733  1.23043  0.00000  0.10000  0.00000  0.00000  0.00000
36.53000  10.92104 -0.13757  0.83024  0.00000  0.10000  0.00000  0.00000  0.00000
36.54000  11.57314  0.44643  0.96316  0.00000  0.10000  0.00000  0.00000  0.00000
36.55000  11.60394 -0.46434  1.05029  0.00000  0.10000  0.00000  0.00000  0.00000
36.56000  11.52044  0.80813  1.02638  0.00000  0.10000  0.00000  0.00000  0.00000
36.57000  11.36794 -0.45230  0.82956  0.00000  0.10000  0.00000  0.00000  0.00000
36.58000  11.43079 -0.46317  0.94136  0.00000  0.10000  0.00000  0.00000  0.00000
36.59000  11.60783 -0.31113  1.17114  0.00000  0.10000  0.00000  0.00000  0.00000
36.60000  11.55538 -0.57512  1.30953  0.00000  0.10000  0.00000  0.00000  0.00000
36.61000  11.84866 -1.10135  1.29958  0.00000  0.10000  0.00000  0.00000  0.00000
36.62000  12.13398  0.02893  1.29627  0.00000  0.10000  0.00000  0.00000  0.00000
36.63000  11.91317  1.99167  1.62167  0.00000  0.10000  0.00000  0.00000  0.00000
36.64000  12.33473  1.54980  1.52427  0.00000  0.10000  0.00000  0.00000  0.00000
36.65000  12.25330  1.82855  2.08964  0.00000  0.10000  0.00000  0.00000  0.00000
36.66000  11.91850  2.12276  1.88035  0.00000  0.10000  0.00000  0.00000  0.00000
36.67000  11.68038  1.97104  2.07031  0.00000  0.10000  0.00000  0.00000  0.00000
36.68000  11.86829  4.33214  2.05249  0.00000  0.10000  0.00000  0.00000  0.00000
36.69000  11.64198  3.01730  1.24825  0.00000  0.10000  0.00000  0.00000  0.00000
36.70000  11.35766  4.16453  1.49178  0.00000  0.10000  0.00000  0.00000  0.00000
36.71000  11.37500  3.33223  1.83216  0.00000  0.10000  0.00000  0.00000  0.00000
36.72000  11.43564  4.51164  1.80564  0.00000  0.10000  0.00000  0.00000  0.00000
36.73000  11.72503  1.88042  1.64799  0.00000  0.10000  0.00000  0.00000  0.00000
36.74000  11.21845  2.74170  1.85486  0.00000  0.10000  0.00000  0.00000  0.00000
36.75000  11.22813  2.03764  1.90698  0.00000  0.10000  0.00000  0.00000  0.00000
36.76000  11.27997  3.08060  2.01087  0.00000  0.10000  0.00000  0.00000  0.00000
36.77000  10.85096  3.07948  1.84699  0.00000  0.10000  0.00000  0.00000  0.00000
36.78000  10.82140  4.15957  1.99290  0.00000  0.10000  0.00000  0.00000  0.00000
36.79000  10.92276  1.15294  1.66820  0.00000  0.10000  0.00000  0.00000  0.00000
36.80000  11.09293  4.03688  1.61103  0.00000  0.10000  0.00000  0.00000  0.00000
36.81000  11.13073  4.44005  1.65958  0.00000  0.10000  0.00000  0.00000  0.00000
36.82000  11.18932  4.71166  1.48620  0.00000  0.10000  0.00000  0.00000  0.00000
36.83000  11.21533  4.22931  1.25397  0.00000  0.10000  0.00000  0.00000  0.00000
36.84000  11.00817  3.93723  1.13629  0.00000  0.10000  0.00000  0.00000  0.00000
36.85000  11.33371  4.76935  0.91439  0.00000  0.10000  0.00000  0.00000  0.00000
36.86000  11.63917  6.15979  1.26360  0.00000  0.10000  0.00000  0.00000  0.00000
36.87000  11.34097  4.83066  1.44697  0.00000  0.10000  0.00000  0.00000  0.00000
36.88000  11.19802  3.88267  1.60069  0.00000  0.10000  0.00000  0.00000  0.00000
36.89000  11.32208  5.29131  1.34179  0.00000  0.10000  0.00000  0.00000  0.00000
36.90000  11.46351  6.85826  1.63423  0.00000  0.10000  0.00000  0.00000  0.00000
36.91000  11.57050  7.35359  1.47230  0.00000  0.10000  0.00000  0.00000  0.00000
36.92000  11.29133  4.88151  1.18693  0.00000  0.10000  0.00000  0.00000  0.00000
36.93000  10.99410  5.41091  0.84356  0.00000  0.10000  0.00000  0.00000  0.00000
36.94000  10.96209  3.94266  1.18009  0.00000  0.10000  0.00000  0.00000  0.00000
36.95000  10.96704  5.60101  1.01672  0.00000  0.10000  0.00000  0.00000  0.00000
36.96000  10.90986  6.95812  1.37923  0.00000  0.10000  0.00000  0.00000  0.00000
36.97000  10.81702  5.83588  1.02818  0.00000  0.10000  0.00000  0.00000  0.00000
36.98000  11.21349  3.33241  0.62606  0.00000  0.10000  0.00000  0.00000  0.00000
36.99000  11.13948  4.58328  0.56987  0.00000  0.10000  0.00000  0.00000  0.00000
37.00000  11.32419  4.12856  0.55570  0.00000  0.10000  0.00000  0.00000  0.00000
37.01000  11.08669  4.22046  0.66962  0.00000  0.10000  0.00000  0.00000  0.00000
37.02000  11.19461  5.41790  0.71352  0.00000  0.10000  0.00000  0.00000  0.00000
37.03000  11.19026  3.99614  0.47675  0.00000  0.10000  0.00000  0.00000  0.00000
37.04000  11.45096  4.49566  0.53321  0.00000  0.10000  0.00000  0.00000  0.00000
37.05000  11.33798  2.34728  0.28548  0.00000  0.10000  0.00000  0.00000  0.00000
37.06000  11.43309  3.08697  0.46996  0.00000  0.10000  0.00000  0.00000  0.00000
37.07000  11.33753  3.60156  0.57054  0.00000  0.10000  0.00000  0.00000  0.00000
37.08000  11.52496  2.55355  0.66591  0.00000  0.10000  0.00000  0.00000  0.00000
37.09000  11.43187  2.18990  0.51396  0.00000  0.10000  0.00000  0.00000  0.00000
37.10000  11.44184  1.09658  0.76180  0.00000  0.10000  0.00000  0.00000  0.00000
37.11000  11.57969 -0.01654  0.94692  0.00000  0.10000  0.00000  0.00000  0.00000
37.12000  11.61338 -2.45328  0.75973  0.00000  0.10000  0.00000  0.00000  0.00000
37.13000  11.71306 -1.74332  0.83112  0.00000  0.10000  0.00000  0.00000  0.00000
37.14000  11.68778 -2.03470  0.82009  0.00000  0.10000  0.00000  0.00000  0.00000
37.15000  12.02431 -3.33206  0.77894  0.00000  0.10000  0.00000  0.00000  0.00000
37.16000  12.10997 -0.36756  0.31260  0.00000  0.10000  0.00000  0.00000  0.00000
37.17000  12.20585 -1.97734  0.44467  0.00000  0.10000  0.00000  0.00000  0.00000
37.18000  11.92673 -2.26212  0.46399  0.00000  0.10000  0.00000  0.00000  0.00000
37.19000  12.33133 -4.19779  0.23198  0.00000  0.10000  0.00000  0.00000  0.00000
37.20000  12.20201 -4.13258  0.19114  0.00000  0.10000  0.00000  0.00000  0.00000
37.21000  12.37133 -3.73734 -0.04484  0.00000  0.10000  0.00000  0.00000  0.00000
37.22000  12.42131 -1.99845  0.16391  0.00000  0.10000  0.00000  0.00000  0.00000
37.23000  12.25876 -1.42944  0.25553  0.00000  0.10000  0.00000  0.00000  0.00000
37.24000  12.02808  2.52141  0.40451  0.00000  0.10000  0.00000  0.00000  0.00000
37.25000  11.81194  1.48140  0.43855  0.00000  0.10000  0.00000  0.00000  0.00000
37.26000  11.83095  4.37777  0.50488  0.00000  0.10000  0.00000  0.00000  0.00000
37.27000  12.01606  4.02405  0.34807  0.00000  0.10000  0.00000  0.00000  0.00000
37.28000  11.87988  4.69648  0.00105  0.00000  0.10000  0.00000  0.00000  0.00000
37.29000  11.78545  3.38525  0.09557  0.00000  0.10000  0.00000  0.00000  0.00000
37.30000  11.57732  3.59655  0.02105  0.00000  0.10000  0.00000  0.00000  0.00000
37.31000  11.45783  3.17239  0.02526  0.00000  0.10000  0.00000  0.00000  0.00000
37.32000  11.26347  1.79729  0.23526  0.00000  0.10000  0.00000  0.00000  0.00000
37.33000  11.36210  1.73267  0.01305  0.00000  0.10000  0.00000  0.00000  0.00000
37.34000  11.22589  0.58935 -0.37435  0.00000  0.10000  0.00000  0.00000  0.00000
37.35000  11.29756  0.99383 -0.56931  0.00000  0.10000  0.00000  0.00000  0.00000
37.36000  11.25427  2.49137 -0.02619  0.00000  0.10000  0.00000  0.00000  0.00000
37.37000  11.50789  2.88121  0.00473  0.00000  0.10000  0.00000  0.00000  0.00000
37.38000  11.29773  1.19361 -0.39935  0.00000  0.10000  0.00000  0.00000  0.00000
37.39000  11.16676  2.76289 -0.53246  0.00000  0.10000  0.00000  0.00000  0.00000
37.40000  11.46650  5.69219 -0.55433  0.00000  0.10000  0.00000  0.00000  0.00000
37.41000  11.04925  3.67453 -0.46476  0.00000  0.10000  0.00000  0.00000  0.00000
37.42000  11.67637  5.28479 -0.38224  0.00000  0.10000  0.00000  0.00000  0.00000
37.43000  11.70936  5.53074 -0.40553  0.00000  0.10000  0.00000  0.00000  0.00000
37.44000  11.93354  4.51567 -0.71260  0.00000  0.10000  0.00000  0.00000  0.00000
37.45000  12.23061  3.29584 -0.33191  0.00000  0.10000  0.00000  0.00000  0.00000
37.46000  12.01421  3.62853 -0.42678  0.00000  0.10000  0.00000  0.00000  0.00000
37.47000  12.10210  2.99175 -0.69901  0.00000  0.10000  0.00000  0.00000  0.00000
37.48000  12.08789  3.20196 -0.06721  0.00000  0.10000  0.00000  0.00000  0.00000
37.49000  12.37639  4.45477 -0.45190  0.00000  0.10000  0.00000  0.00000  0.00000
37.50000  12.39590  3.76140 -0.44953  0.00000  0.10000  0.00000  0.00000  0.00000
37.51000  12.17317  3.50750 -0.48544  0.00000  0.10000  0.00000  0.00000  0.00000
37.52000  12.21572  3.48672 -0.73906  0.00000  0.10000  0.00000  0.00000  0.00000
37.53000  12.06714  4.88930 -0.77735  0.00000  0.10000  0.00000  0.00000  0.00000
37.54000  12.49573  3.86206 -0.89479  0.00000  0.10000  0.00000  0.00000  0.00000
37.55000  12.60760  5.02433 -0.93724  0.00000  0.10000  0.00000  0.00000  0.00000
37.56000  12.33929  6.10304 -0.69410  0.00000  0.10000  0.00000  0.00000  0.00000
37.57000  12.47576  8.30391 -0.39475  0.00000  0.10000  0.00000  0.00000  0.00000
37.58000  12.30843  6.28917 -0.68572  0.00000  0.10000  0.00000  0.00000  0.00000
37.59000  12.31585  5.80895 -0.54115  0.00000  0.10000  0.00000  0.00000  0.00000
37.60000  11.95066  5.21215 -0.52783  0.00000  0.10000  0.00000  0.00000  0.00000
37.61000  12.30593  5.69409 -0.73462  0.00000  0.10000  0.00000  0.00000  0.00000
37.62000  12.24694  4.03256 -0.65623  0.00000  0.10000  0.00000  0.00000  0.00000
37.63000  12.22255  2.90985 -0.79730  0.00000  0.10000  0.00000  0.00000  0.00000
37.64000  12.34886  4.15341 -0.74635  0.00000  0.10000  0.00000  0.00000  0.00000
37.65000  12.31156  2.83422 -0.65671  0.00000  0.10000  0.00000  0.00000  0.00000
37.66000  11.98961  1.01592 -0.77458  0.00000  0.10000  0.00000  0.00000  0.00000
37.67000  11.92411  3.04022 -0.80030  0.00000  0.10000  0.00000  0.00000  0.00000
37.68000  12.02473  2.30315 -0.68641  0.00000  0.10000  0.00000  0.00000  0.00000
37.69000  11.81642  1.64947 -0.44760  0.00000  0.10000  0.00000  0.00000  0.00000
37.70000  12.45498  1.70219 -0.34188  0.00000  0.10000  0.00000  0.00000  0.00000
37.71000  12.63770 -0.07674 -0.50464  0.00000  0.10000  0.00000  0.00000  0.00000
37.72000  12.47824  1.45777 -0.51730  0.00000  0.10000  0.00000  0.00000  0.00000
37.73000  12.26258  0.98644 -0.74271  0.00000  0.10000  0.00000  0.00000  0.00000
37.74000  12.27633  0.65048 -0.62221  0.00000  0.10000  0.00000  0.00000  0.00000
37.75000  12.62348  1.36236 -0.26166  0.00000  0.10000  0.00000  0.00000  0.00000
37.76000  11.85747  1.99961 -0.51714  0.00000  0.10000  0.00000  0.00000  0.00000
37.77000  11.51795  2.44145 -0.39783  0.00000  0.10000  0.00000  0.00000  0.00000
37.78000  11.52862  2.18937 -0.24427  0.00000  0.10000  0.00000  0.00000  0.00000
37.79000  11.64184  4.31983  0.04739  0.00000  0.10000  0.00000  0.00000  0.00000
37.80000  12.01438  3.91979 -0.33701  0.00000  0.10000  0.00000  0.00000  0.00000
37.81000  12.70764  2.13204 -0.14925  0.00000  0.10000  0.00000  0.00000  0.00000
37.82000  12.82616  2.91746 -0.27911  0.00000  0.10000  0.00000  0.00000  0.00000
37.83000  13.17278  3.74152 -0.68911  0.00000  0.10000  0.00000  0.00000  0.00000
37.84000  13.06998  2.61234 -0.86684  0.00000  0.10000  0.00000  0.00000  0.00000
37.85000  12.94931  2.91476 -0.95938  0.00000  0.10000  0.00000  0.00000  0.00000
37.86000  13.07629  4.26070 -0.58616  0.00000  0.10000  0.00000  0.00000  0.00000
37.87000  12.98080  5.02646 -1.03027  0.00000  0.10000  0.00000  0.00000  0.00000
37.88000  12.68885  5.19296 -1.07451  0.00000  0.10000  0.00000  0.00000  0.00000
37.89000  12.74427  4.05068 -1.17988  0.00000  0.10000  0.00000  0.00000  0.00000
37.90000  12.45185  3.23930 -1.35108  0.00000  0.10000  0.00000  0.00000  0.00000
37.91000  12.36258  2.24492 -1.46588  0.00000  0.10000  0.00000  0.00000  0.00000
37.92000  12.18626  3.17607 -1.19654  0.00000  0.10000  0.00000  0.00000  0.00000
37.93000  12.17524  0.57386 -1.39906  0.00000  0.10000  0.00000  0.00000  0.00000
37.94000  12.58207  3.11670 -1.08128  0.00000  0.10000  0.00000  0.00000  0.00000
37.95000  12.79495  4.31933 -1.07392  0.00000  0.10000  0.00000  0.00000  0.00000
37.96000  12.83180  4.74062 -0.77615  0.00000  0.10000  0.00000  0.00000  0.00000
37.97000  12.79799  3.25743 -0.85266  0.00000  0.10000  0.00000  0.00000  0.00000
37.98000  12.90522  3.84767 -0.55293  0.00000  0.10000  0.00000  0.00000  0.00000
37.99000  13.08985  4.39683 -0.57330  0.00000  0.10000  0.00000  0.00000  0.00000
38.00000  13.09380  4.48158 -0.07109  0.00000  0.10000  0.00000  0.00000  0.00000
38.01000  13.12896  3.83940 -0.41377  0.00000  0.10000  0.00000  0.00000  0.00000
38.02000  12.96447  3.38489  0.36035  0.00000  0.10000  0.00000  0.00000  0.00000
38.03000  13.24811  3.60869  0.08815  0.00000  0.10000  0.00000  0.00000  0.00000
38.04000  13.18659  6.03937  0.01984  0.00000  0.10000  0.00000  0.00000  0.00000
38.05000  13.36740  5.52741  0.10013  0.00000  0.10000  0.00000  0.00000  0.00000
38.06000  13.41528  6.37875  0.08499  0.00000  0.10000  0.00000  0.00000  0.00000
38.07000  13.57410  6.95916  0.27090  0.00000  0.10000  0.00000  0.00000  0.00000
38.08000  13.71312  4.78337  0.05059  0.00000  0.10000  0.00000  0.00000  0.00000
38.09000  13.66242  5.44182  0.20578  0.00000  0.10000  0.00000  0.00000  0.00000
38.10000  13.88986  4.73422  0.14950  0.00000  0.10000  0.00000  0.00000  0.00000
38.11000  13.32947  3.98789 -0.31594  0.00000  0.10000  0.00000  0.00000  0.00000
38.12000  13.18941  2.96484 -0.33861  0.00000  0.10000  0.00000  0.00000  0.00000
38.13000  13.49022  2.01468 -0.65625  0.00000  0.10000  0.00000  0.00000  0.00000
38.14000  13.55380  2.31094 -0.30739  0.00000  0.10000  0.00000  0.00000  0.00000
38.15000  13.60998  2.83449 -0.43220  0.00000  0.10000  0.00000  0.00000  0.00000
38.16000  13.67744  2.96275 -0.40773  0.00000  0.10000  0.00000  0.00000  0.00000
38.17000  13.62492  2.78505 -0.41310  0.00000  0.10000  0.00000  0.00000  0.00000
38.18000  13.66426  2.78175 -0.64068  0.00000  0.10000  0.00000  0.00000  0.00000
38.19000  13.68797  1.58052 -0.45198  0.00000  0.10000  0.00000  0.00000  0.00000
38.20000  13.49068  1.49376 -0.67782  0.00000  0.10000  0.00000  0.00000  0.00000
38.21000  13.87625  1.21013 -0.74107  0.00000  0.10000  0.00000  0.00000  0.00000
38.22000  13.94638  1.73046 -0.61791  0.00000  0.10000  0.00000  0.00000  0.00000
38.23000  13.69187  1.53706 -0.25504  0.00000  0.10000  0.00000  0.00000  0.00000
38.24000  13.95288  1.68212 -0.27848  0.00000  0.10000  0.00000  0.00000  0.00000
38.25000  14.12350  1.75204 -0.71900  0.00000  0.10000  0.00000  0.00000  0.00000
38.26000  13.80227  0.38785 -0.93813  0.00000  0.10000  0.00000  0.00000  0.00000
38.27000  14.13848  2.05073 -1.46905  0.00000  0.10000  0.00000  0.00000  0.00000
38.28000  14.20785  1.58360 -0.97815  0.00000  0.10000  0.00000  0.00000  0.00000
38.29000  14.12827  0.20821 -1.00669  0.00000  0.10000  0.00000  0.00000  0.00000
38.30000  14.37053  0.40200 -1.19941  0.00000  0.10000  0.00000  0.00000  0.00000
38.31000  14.32119  1.97999 -1.43780  0.00000  0.10000  0.00000  0.00000  0.00000
38.32000  14.38036  2.94433 -1.34381  0.00000  0.10000  0.00000  0.00000  0.00000
38.33000  14.31203  1.25649 -1.17586  0.00000  0.10000  0.00000  0.00000  0.00000
38.34000  14.23638  1.90699 -1.29948  0.00000  0.10000  0.00000  0.00000  0.00000
38.35000  14.24468  1.38133 -1.42313  0.00000  0.10000  0.00000  0.00000  0.00000
38.36000  14.30956  1.26428 -1.60112  0.00000  0.10000  0.00000  0.00000  0.00000
38.37000  14.12124  2.21761 -1.30446  0.00000  0.10000  0.00000  0.00000  0.00000
38.38000  14.38509 -1.12100 -1.32518  0.00000  0.10000  0.00000  0.00000  0.00000
38.39000  14.61754 -1.72197 -1.23310  0.00000  0.10000  0.00000  0.00000  0.00000
38.40000  14.53973 -0.17038 -0.95392  0.00000  0.10000  0.00000  0.00000  0.00000
38.41000  14.43031 -1.16459 -0.69602  0.00000  0.10000  0.00000  0.00000  0.00000
38.42000  14.35100 -2.14147 -0.66962  0.00000  0.10000  0.00000  0.00000  0.00000
38.43000  13.92040 -0.76649 -0.81665  0.00000  0.10000  0.00000  0.00000  0.00000
38.44000  13.89064 -1.16670 -0.75374  0.00000  0.10000  0.00000  0.00000  0.00000
38.45000  13.42047 -1.34784 -0.75765  0.00000  0.10000  0.00000  0.00000  0.00000
38.46000  13.45046 -1.65066 -0.52156  0.00000  0.10000  0.00000  0.00000  0.00000
38.47000  13.07065 -2.81921 -0.50686  0.00000  0.10000  0.00000  0.00000  0.00000
38.48000  13.38667 -1.99048 -0.54541  0.00000  0.10000  0.00000  0.00000  0.00000
38.49000  13.17797 -2.12745 -1.06972  0.00000  0.10000  0.00000  0.00000  0.00000
38.50000  13.15600 -0.40191 -1.15300  0.00000  0.10000  0.00000  0.00000  0.00000
38.51000  12.93370 -0.30578 -1.18667  0.00000  0.10000  0.00000  0.00000  0.00000
38.52000  12.86563 -1.58574 -0.97368  0.00000  0.10000  0.00000  0.00000  0.00000
38.53000  13.08631 -3.45689 -1.14606  0.00000  0.10000  0.00000  0.00000  0.00000
38.54000  12.93406 -1.78108 -1.13097  0.00000  0.10000  0.00000  0.00000  0.00000
38.55000  13.01781 -2.74147 -1.26037  0.00000  0.10000  0.00000  0.00000  0.00000
38.56000  13.20698 -3.43770 -1.22420  0.00000  0.10000  0.00000  0.00000  0.00000
38.57000  13.27118 -3.38055 -1.35595  0.00000  0.10000  0.00000  0.00000  0.00000
38.58000  12.86772 -3.36897 -0.83304  0.00000  0.10000  0.00000  0.00000  0.00000
38.59000  12.91708 -3.28948 -0.79989  0.00000  0.10000  0.00000  0.00000  0.00000
38.60000  12.68592 -4.61385 -0.74102  0.00000  0.10000  0.00000  0.00000  0.00000
38.61000  12.58014 -4.31148 -0.24085  0.00000  0.10000  0.00000  0.00000  0.00000
38.62000  12.57893 -2.87906 -0.59536  0.00000  0.10000  0.00000  0.00000  0.00000
38.63000  12.56133 -2.24010 -0.71050  0.00000  0.10000  0.00000  0.00000  0.00000
38.64000  12.48984 -2.40501 -0.76273  0.00000  0.10000  0.00000  0.00000  0.00000
38.65000  12.29380 -4.19430 -0.65438  0.00000  0.10000  0.00000  0.00000  0.00000
38.66000  12.30646 -3.83715 -1.02553  0.00000  0.10000  0.00000  0.00000  0.00000
38.67000  12.09298 -1.54115 -1.04679  0.00000  0.10000  0.00000  0.00000  0.00000
38.68000  11.85381 -1.99951 -1.16501  0.00000  0.10000  0.00000  0.00000  0.00000
38.69000  12.22038 -0.92929 -0.68863  0.00000  0.10000  0.00000  0.00000  0.00000
38.70000  11.50964 -1.72002 -1.00957  0.00000  0.10000  0.00000  0.00000  0.00000
38.71000  11.12502 -1.37662 -0.96305  0.00000  0.10000  0.00000  0.00000  0.00000
38.72000  11.38370 -2.00845 -0.79168  0.00000  0.10000  0.00000  0.00000  0.00000
38.73000  11.53237 -2.87083 -0.67927  0.00000  0.10000  0.00000  0.00000  0.00000
38.74000  11.53203 -3.27461 -0.60823  0.00000  0.10000  0.00000  0.00000  0.00000
38.75000  11.47998 -2.70156 -0.34172  0.00000  0.10000  0.00000  0.00000  0.00000
38.76000  11.68179 -1.89048 -0.51961  0.00000  0.10000  0.00000  0.00000  0.00000
38.77000  11.74019 -2.13192 -0.74064  0.00000  0.10000  0.00000  0.00000  0.00000
38.78000  11.84212 -2.56721 -0.47746  0.00000  0.10000  0.00000  0.00000  0.00000
38.79000  11.69189 -3.42584 -0.34068  0.00000  0.10000  0.00000  0.00000  0.00000
38.80000  11.64986 -2.36717 -0.13549  0.00000  0.10000  0.00000  0.00000  0.00000
38.81000  11.90269 -1.78330 -0.06382  0.00000  0.10000  0.00000  0.00000  0.00000
38.82000  11.75333 -0.22944 -0.05465  0.00000  0.10000  0.00000  0.00000  0.00000
38.83000  11.78788 -0.02330  0.02485  0.00000  0.10000  0.00000  0.00000  0.00000
38.84000  11.49696 -1.63972  0.09030  0.00000  0.10000  0.00000  0.00000  0.00000
38.85000  11.21648 -2.48296  0.01180  0.00000  0.10000  0.00000  0.00000  0.00000
38.86000  11.13383 -2.32988 -0.07126  0.00000  0.10000  0.00000  0.00000  0.00000
38.87000  11.41929 -4.50306  0.09686  0.00000  0.10000  0.00000  0.00000  0.00000
38.88000  11.12386 -2.87704  0.17326  0.00000  0.10000  0.00000  0.00000  0.00000
38.89000  11.20601 -3.63025 -0.07056  0.00000  0.10000  0.00000  0.00000  0.00000
38.90000  11.12601 -1.61403 -0.22482  0.00000  0.10000  0.00000  0.00000  0.00000
38.91000  11.63279 -3.45007 -0.10735  0.00000  0.10000  0.00000  0.00000  0.00000
38.92000  11.79872 -4.03951 -0.26919  0.00000  0.10000  0.00000  0.00000  0.00000
38.93000  11.60243 -3.21061 -0.57847  0.00000  0.10000  0.00000  0.00000  0.00000
38.94000  11.59904 -3.20072 -0.62149  0.00000  0.10000  0.00000  0.00000  0.00000
38.95000  11.51999 -3.56438 -0.64834  0.00000  0.10000  0.00000  0.00000  0.00000
38.96000  11.79225 -3.55957 -0.58619  0.00000  0.10000  0.00000  0.00000  0.00000
38.97000  12.23094 -2.31165 -0.35640  0.00000  0.10000  0.00000  0.00000  0.00000
38.98000  11.96326 -3.20718 -0.58572  0.00000  0.10000  0.00000  0.00000  0.00000
38.99000  11.92625 -2.69650 -0.19976  0.00000  0.10000  0.00000  0.00000  0.00000
39.00000  11.88978 -3.19083  0.08727  0.00000  0.10000  0.00000  0.00000  0.00000
39.01000  12.06280 -2.25562 -0.13879  0.00000  0.10000  0.00000  0.00000  0.00000
39.02000  11.71515 -2.40269 -0.09055  0.00000  0.10000  0.00000  0.00000  0.00000
39.03000  11.55562 -1.94449  0.14913  0.00000  0.10000  0.00000  0.00000  0.00000
39.04000  11.71332 -2.24721  0.25019  0.00000  0.10000  0.00000  0.00000  0.00000
39.05000  11.90538 -2.09350  0.51775  0.00000  0.10000  0.00000  0.00000  0.00000
39.06000  11.83800 -0.40050  0.33954  0.00000  0.10000  0.00000  0.00000  0.00000
39.07000  11.51985  0.02970  0.34861  0.00000  0.10000  0.00000  0.00000  0.00000
39.08000  11.24078 -1.20231  0.60414  0.00000  0.10000  0.00000  0.00000  0.00000
39.09000  11.19140 -2.17548  0.16109  0.00000  0.10000  0.00000  0.00000  0.00000
39.10000  11.44150 -2.29017  0.42598  0.00000  0.10000  0.00000  0.00000  0.00000
39.11000  11.22614 -1.58930  0.53761  0.00000  0.10000  0.00000  0.00000  0.00000
39.12000  11.59067 -5.08183  0.21854  0.00000  0.10000  0.00000  0.00000  0.00000
39.13000  11.90796 -5.24072  0.18726  0.00000  0.10000  0.00000  0.00000  0.00000
39.14000  11.58659 -7.65678  0.24110  0.00000  0.10000  0.00000  0.00000  0.00000
39.15000  11.79386 -6.70472  0.54944  0.00000  0.10000  0.00000  0.00000  0.00000
39.16000  12.22690 -6.01879  0.07254  0.00000  0.10000  0.00000  0.00000  0.00000
39.17000  12.38098 -7.53414  0.26354  0.00000  0.10000  0.00000  0.00000  0.00000
39.18000  12.24320 -9.23288  0.65781  0.00000  0.10000  0.00000  0.00000  0.00000
39.19000  12.28996 -7.89958  0.49118  0.00000  0.10000  0.00000  0.00000  0.00000
39.20000  12.25879 -6.55689  0.65748  0.00000  0.10000  0.00000  0.00000  0.00000
39.21000  12.31403 -7.74070  0.51215  0.00000  0.10000  0.00000  0.00000  0.00000
39.22000  12.48733 -10.17880  0.24862  0.00000  0.10000  0.00000  0.00000  0.00000
39.23000  12.47517 -10.69688  0.42514  0.00000  0.10000  0.00000  0.00000  0.00000
39.24000  12.36100 -9.33311  0.49504  0.00000  0.10000  0.00000  0.00000  0.00000
39.25000  12.06612 -8.08779  0.64379  0.00000  0.10000  0.00000  0.00000  0.00000
39.26000  12.24823 -9.19749  0.54412  0.00000  0.10000  0.00000  0.00000  0.00000
39.27000  12.48958 -10.12929  0.21630  0.00000  0.10000  0.00000  0.00000  0.00000
39.28000  12.13759 -11.82018  0.87615  0.00000  0.10000  0.00000  0.00000  0.00000
39.29000  12.73847 -10.70943  0.56443  0.00000  0.10000  0.00000  0.00000  0.00000
39.30000  12.29249 -9.45065  0.81169  0.00000  0.10000  0.00000  0.00000  0.00000
39.31000  12.16129 -10.28633  0.88132  0.00000  0.10000  0.00000  0.00000  0.00000
39.32000  12.00053 -9.55203  0.79815  0.00000  0.10000  0.00000  0.00000  0.00000
39.33000  11.98372 -9.01801  0.40960  0.00000  0.10000  0.00000  0.00000  0.00000
39.34000  11.99662 -8.59518  0.20712  0.00000  0.10000  0.00000  0.00000  0.00000
39.35000  11.95401 -8.30899  0.12797  0.00000  0.10000  0.00000  0.00000  0.00000
39.36000  11.95578 -8.23503  0.44943  0.00000  0.10000  0.00000  0.00000  0.00000
39.37000  11.70595 -8.89687  0.92060  0.00000  0.10000  0.00000  0.00000  0.00000
39.38000  11.96228 -7.06735  0.72509  0.00000  0.10000  0.00000  0.00000  0.00000
39.39000  11.82061 -6.99072  1.56188  0.00000  0.10000  0.00000  0.00000  0.00000
39.40000  11.90725 -9.13525  1.65878  0.00000  0.10000  0.00000  0.00000  0.00000
39.41000  11.92638 -8.64779  1.70063  0.00000  0.10000  0.00000  0.00000  0.00000
39.42000  11.93875 -7.83387  1.86978  0.00000  0.10000  0.00000  0.00000  0.00000
39.43000  11.97040 -10.38787  1.81844  0.00000  0.10000  0.00000  0.00000  0.00000
39.44000  12.02543 -12.36338  1.59223  0.00000  0.10000  0.00000  0.00000  0.00000
39.45000  12.17440 -12.05755  1.32423  0.00000  0.10000  0.00000  0.00000  0.00000
39.46000  12.08780 -12.28430  1.29447  0.00000  0.10000  0.00000  0.00000  0.00000
39.47000  11.93510 -11.75961  0.72420  0.00000  0.10000  0.00000  0.00000  0.00000
39.48000  12.11354 -13.32113  0.78174  0.00000  0.10000  0.00000  0.00000  0.00000
39.49000  11.87289 -12.15025  1.04400  0.00000  0.10000  0.00000  0.00000  0.00000
39.50000  11.67771 -10.61484  1.22763  0.00000  0.10000  0.00000  0.00000  0.00000
39.51000  11.53705 -9.14568  1.17654  0.00000  0.10000  0.00000  0.00000  0.00000
39.52000  11.54007 -9.59788  1.26409  0.00000  0.10000  0.00000  0.00000  0.00000
39.53000  11.44326 -7.37096  0.84660  0.00000  0.10000  0.00000  0.00000  0.00000
39.54000  11.60171 -7.31916  0.90920  0.00000  0.10000  0.00000  0.00000  0.00000
39.55000  11.62030 -6.37155  0.91619  0.00000  0.10000  0.00000  0.00000  0.00000
39.56000  11.93361 -6.62488  1.17110  0.00000  0.10000  0.00000  0.00000  0.00000
39.57000  12.19967 -6.80850  0.78325  0.00000  0.10000  0.00000  0.00000  0.00000
39.58000  12.22092 -6.93015  0.53787  0.00000  0.10000  0.00000  0.00000  0.00000
39.59000  12.28806 -4.16049  0.57875  0.00000  0.10000  0.00000  0.00000  0.00000
39.60000  12.19288 -4.69648  0.82240  0.00000  0.10000  0.00000  0.00000  0.00000
39.61000  11.86796 -4.27329  0.58506  0.00000  0.10000  0.00000  0.00000  0.00000
39.62000  11.90050 -4.70958  0.81851  0.00000  0.10000  0.00000  0.00000  0.00000
39.63000  12.01647 -6.28597  0.77314  0.00000  0.10000  0.00000  0.00000  0.00000
39.64000  11.96382 -5.62870  1.01291  0.00000  0.10000  0.00000  0.00000  0.00000
39.65000  11.30964 -5.05906  1.16536  0.00000  0.10000  0.00000  0.00000  0.00000
39.66000  11.08487 -6.02136  0.82416  0.00000  0.10000  0.00000  0.00000  0.00000
39.67000  11.42974 -4.46932  1.09066  0.00000  0.10000  0.00000  0.00000  0.00000
39.68000  11.19275 -3.41243  1.09895  0.00000  0.10000  0.00000  0.00000  0.00000
39.69000  11.15114 -5.42056  0.71382  0.00000  0.10000  0.00000  0.00000  0.00000
39.70000  11.33672 -4.95683  0.55190  0.00000  0.10000  0.00000  0.00000  0.00000
39.71000  11.25585 -5.62965  0.84097  0.00000  0.10000  0.00000  0.00000  0.00000
39.72000  10.96910 -4.73733  0.52113  0.00000  0.10000  0.00000  0.00000  0.00000
39.73000  10.92208 -6.33006  0.91189  0.00000  0.10000  0.00000  0.00000  0.00000
39.74000  10.97615 -4.94603  1.17276  0.00000  0.10000  0.00000  0.00000  0.00000
39.75000  11.07759 -5.96327  0.85125  0.00000  0.10000  0.00000  0.00000  0.00000
39.76000  10.93663 -6.86655  0.89724  0.00000  0.10000  0.00000  0.00000  0.00000
39.77000  10.95647 -6.69982  0.78423  0.00000  0.10000  0.00000  0.00000  0.00000
39.78000  10.95728 -6.24270  0.92662  0.00000  0.10000  0.00000  0.00000  0.00000
39.79000  10.97837 -4.56202  0.42257  0.00000  0.10000  0.00000  0.00000  0.00000
39.80000  10.88980 -4.36182  0.35827  0.00000  0.10000  0.00000  0.00000  0.00000
39.81000  10.87678 -4.59900  0.30933  0.00000  0.10000  0.00000  0.00000  0.00000
39.82000  10.73043 -8.08389  0.08933  0.00000  0.10000  0.00000  0.00000  0.00000
39.83000  10.72767 -8.34152  0.38814  0.00000  0.10000  0.00000  0.00000  0.00000
39.84000  10.79946 -6.58829  0.34619  0.00000  0.10000  0.00000  0.00000  0.00000
39.85000  10.78794 -7.12807  0.39015  0.00000  0.10000  0.00000  0.00000  0.00000
39.86000  10.80272 -4.75947  0.55084  0.00000  0.10000  0.00000  0.00000  0.00000
39.87000  10.60096 -6.56302  1.27543  0.00000  0.10000  0.00000  0.00000  0.00000
39.88000  10.99959 -4.48807  0.97420  0.00000  0.10000  0.00000  0.00000  0.00000
39.89000  11.04897 -4.07295  0.96053  0.00000  0.10000  0.00000  0.00000  0.00000
39.90000  11.01348 -4.19338  0.76821  0.00000  0.10000  0.00000  0.00000  0.00000
39.91000  11.59261 -4.19307  0.69329  0.00000  0.10000  0.00000  0.00000  0.00000
39.92000  11.58704 -4.11449  0.83290  0.00000  0.10000  0.00000  0.00000  0.00000
39.93000  11.66286 -3.46058  1.31792  0.00000  0.10000  0.00000  0.00000  0.00000
39.94000  11.34896 -5.50976  1.65441  0.00000  0.10000  0.00000  0.00000  0.00000
39.95000  11.87368 -4.14992  1.10089  0.00000  0.10000  0.00000  0.00000  0.00000
39.96000  12.12644 -3.34735  0.88253  0.00000  0.10000  0.00000  0.00000  0.00000
39.97000  11.88947 -4.23875  1.05619  0.00000  0.10000  0.00000  0.00000  0.00000
39.98000  11.99780 -6.56205  1.03320  0.00000  0.10000  0.00000  0.00000  0.00000
39.99000  12.13235 -8.13334  0.92276  0.00000  0.10000  0.00000  0.00000  0.00000
40.00000  12.16448 -7.19892  0.71106  0.00000  0.10000  0.00000  0.00000  0.00000
40.01000  11.85908 -5.84586  1.00641  0.00000  0.10000  0.00000  0.00000  0.00000
40.02000  12.04095 -5.89213  1.10836  0.00000  0.10000  0.00000  0.00000  0.00000
40.03000  12.03428 -7.10961  0.92195  0.00000  0.10000  0.00000  0.00000  0.00000
40.04000  11.98003 -5.27877  1.12966  0.00000  0.10000  0.00000  0.00000  0.00000
40.05000  11.98712 -4.78074  1.21225  0.00000  0.10000  0.00000  0.00000  0.00000
40.06000  11.81205 -6.66525  1.37907  0.00000  0.10000  0.00000  0.00000  0.00000
40.07000  11.59980 -7.55971  1.32673  0.00000  0.10000  0.00000  0.00000  0.00000
40.08000  11.71129 -7.09984  1.16577  0.00000  0.10000  0.00000  0.00000  0.00000
40.09000  11.77065 -5.57292  1.11721  0.00000  0.10000  0.00000  0.00000  0.00000
40.10000  11.57219 -6.38507  1.40605  0.00000  0.10000  0.00000  0.00000  0.00000
40.11000  11.58643 -5.87107  1.46236  0.00000  0.10000  0.00000  0.00000  0.00000
40.12000  11.52099 -5.83973  1.27272  0.00000  0.10000  0.00000  0.00000  0.00000
40.13000  11.32533 -4.19385  1.45345  0.00000  0.10000  0.00000  0.00000  0.00000
40.14000  11.35879 -6.86237  1.54947  0.00000  0.10000  0.00000  0.00000  0.00000
40.15000  11.58975 -6.47124  1.58389  0.00000  0.10000  0.00000  0.00000  0.00000
40.16000  11.24678 -4.08411  1.47615  0.00000  0.10000  0.00000  0.00000  0.00000
40.17000  11.50377 -5.33526  1.52381  0.00000  0.10000  0.00000  0.00000  0.00000
40.18000  11.51973 -5.58181  1.14347  0.00000  0.10000  0.00000  0.00000  0.00000
40.19000  11.57602 -3.92522  0.79558  0.00000  0.10000  0.00000  0.00000  0.00000
40.20000  11.29187 -4.58332  0.53109  0.00000  0.10000  0.00000  0.00000  0.00000
40.21000  11.49087 -5.33923  0.57139  0.00000  0.10000  0.00000  0.00000  0.00000
40.22000  11.69796 -2.05564  0.72712  0.00000  0.10000  0.00000  0.00000  0.00000
40.23000  11.58871 -4.75935  0.55905  0.00000  0.10000  0.00000  0.00000  0.00000
40.24000  11.46945 -3.60362  0.63748  0.00000  0.10000  0.00000  0.00000  0.00000
40.25000  11.29614 -5.03295  0.39738  0.00000  0.10000  0.00000  0.00000  0.00000
40.26000  11.41900 -5.95127  0.24155  0.00000  0.10000  0.00000  0.00000  0.00000
40.27000  11.42459 -6.76611  0.18327  0.00000  0.10000  0.00000  0.00000  0.00000
40.28000  11.47220 -6.53990  0.17247  0.00000  0.10000  0.00000  0.00000  0.00000
40.29000  11.74136 -7.45084  0.35023  0.00000  0.10000  0.00000  0.00000  0.00000
40.30000  11.58554 -7.22002  0.66274  0.00000  0.10000  0.00000  0.00000  0.00000
40.31000  11.65353 -6.23702  0.39429  0.00000  0.10000  0.00000  0.00000  0.00000
40.32000  11.70829 -5.35626  0.45505  0.00000  0.10000  0.00000  0.00000  0.00000
40.33000  11.68321 -5.16165  0.56366  0.00000  0.10000  0.00000  0.00000  0.00000
40.34000  11.92267 -6.38507  0.28701  0.00000  0.10000  0.00000  0.00000  0.00000
40.35000  12.06532 -7.90307  0.34302  0.00000  0.10000  0.00000  0.00000  0.00000
40.36000  12.14890 -7.68258  0.27816  0.00000  0.10000  0.00000  0.00000  0.00000
40.37000  12.01782 -7.75348  0.26189  0.00000  0.10000  0.00000  0.00000  0.00000
40.38000  11.88432 -7.45032  0.08377  0.00000  0.10000  0.00000  0.00000  0.00000
40.39000  11.87653 -8.38133  0.80430  0.00000  0.10000  0.00000  0.00000  0.00000
40.40000  11.39185 -8.42498  0.64666  0.00000  0.10000  0.00000  0.00000  0.00000
40.41000  11.69221 -7.48197  0.49895  0.00000  0.10000  0.00000  0.00000  0.00000
40.42000  12.00200 -7.09145  0.45964  0.00000  0.10000  0.00000  0.00000  0.00000
40.43000  12.04441 -6.70769  0.71252  0.00000  0.10000  0.00000  0.00000  0.00000
40.44000  12.04991 -6.27298  0.72570  0.00000  0.10000  0.00000  0.00000  0.00000
40.45000  12.12021 -5.04210  0.62215  0.00000  0.10000  0.00000  0.00000  0.00000
40.46000  11.94896 -4.85635  0.55320  0.00000  0.10000  0.00000  0.00000  0.00000
40.47000  12.26277 -4.62423  0.53149  0.00000  0.10000  0.00000  0.00000  0.00000
40.48000  12.20324 -3.92782  0.67081  0.00000  0.10000  0.00000  0.00000  0.00000
40.49000  12.18009 -2.71990  0.61401  0.00000  0.10000  0.00000  0.00000  0.00000
40.50000  12.21550 -2.67569  0.94102  0.00000  0.10000  0.00000  0.00000  0.00000
40.51000  12.48538 -0.96923  0.77671  0.00000  0.10000  0.00000  0.00000  0.00000
40.52000  11.99546 -1.21692  1.08142  0.00000  0.10000  0.00000  0.00000  0.00000
40.53000  12.17584 -3.04642  0.95567  0.00000  0.10000  0.00000  0.00000  0.00000
40.54000  12.27044 -3.79795  0.16768  0.00000  0.10000  0.00000  0.00000  0.00000
40.55000  12.08722 -2.86767  0.32910  0.00000  0.10000  0.00000  0.00000  0.00000
40.56000  11.82439 -2.92026  0.36154  0.00000  0.10000  0.00000  0.00000  0.00000
40.57000  11.60306 -4.02783 -0.06265  0.00000  0.10000  0.00000  0.00000  0.00000
40.58000  11.66440 -4.13431 -0.10931  0.00000  0.10000  0.00000  0.00000  0.00000
40.59000  11.93437 -4.98415 -0.14723  0.00000  0.10000  0.00000  0.00000  0.00000
40.60000  11.51027 -4.19318 -0.01762  0.00000  0.10000  0.00000  0.00000  0.00000
40.61000  11.96690 -4.98637  0.02796  0.00000  0.10000  0.00000  0.00000  0.00000
40.62000  11.79892 -5.28778 -0.13078  0.00000  0.10000  0.00000  0.00000  0.00000
40.63000  11.74310 -6.04737 -0.32399  0.00000  0.10000  0.00000  0.00000  0.00000
40.64000  11.53928 -5.42131 -0.55909  0.00000  0.10000  0.00000  0.00000  0.00000
40.65000  11.53063 -4.69520 -0.48885  0.00000  0.10000  0.00000  0.00000  0.00000
40.66000  11.24541 -3.00031 -0.46426  0.00000  0.10000  0.00000  0.00000  0.00000
40.67000  11.03846 -3.64843 -0.17314  0.00000  0.10000  0.00000  0.00000  0.00000
40.68000  10.79961 -4.00877 -0.37636  0.00000  0.10000  0.00000  0.00000  0.00000
40.69000  10.56706 -2.76233 -0.29002  0.00000  0.10000  0.00000  0.00000  0.00000
40.70000  10.94625 -3.62842 -0.80336  0.00000  0.10000  0.00000  0.00000  0.00000
40.71000  11.09946 -1.82745 -0.58390  0.00000  0.10000  0.00000  0.00000  0.00000
40.72000  11.20616 -2.40442 -0.10421  0.00000  0.10000  0.00000  0.00000  0.00000
40.73000  10.88495 -3.48658 -0.09636  0.00000  0.10000  0.00000  0.00000  0.00000
40.74000  11.25007 -1.76831 -0.34530  0.00000  0.10000  0.00000  0.00000  0.00000
40.75000  11.31753 -2.23304  0.05436  0.00000  0.10000  0.00000  0.00000  0.00000
40.76000  11.27651 -6.00805 -0.24702  0.00000  0.10000  0.00000  0.00000  0.00000
40.77000  11.30307 -4.96931 -0.37566  0.00000  0.10000  0.00000  0.00000  0.00000
40.78000  11.41468 -5.69219  0.12643  0.00000  0.10000  0.00000  0.00000  0.00000
40.79000  11.69642 -6.20129  0.27295  0.00000  0.10000  0.00000  0.00000  0.00000
40.80000  11.50192 -3.70929  0.01563  0.00000  0.10000  0.00000  0.00000  0.00000
40.81000  11.53784 -3.50549  0.41309  0.00000  0.10000  0.00000  0.00000  0.00000
40.82000  11.38657 -4.10696  0.58107  0.00000  0.10000  0.00000  0.00000  0.00000
40.83000  11.43025 -4.85369  0.97080  0.00000  0.10000  0.00000  0.00000  0.00000
40.84000  11.47330 -6.83622  1.15701  0.00000  0.10000  0.00000  0.00000  0.00000
40.85000  11.62056 -5.40824  1.17981  0.00000  0.10000  0.00000  0.00000  0.00000
40.86000  11.55615 -3.18429  1.00734  0.00000  0.10000  0.00000  0.00000  0.00000
40.87000  11.46694 -3.64639  1.12091  0.00000  0.10000  0.00000  0.00000  0.00000
40.88000  11.73118 -4.62360  1.26814  0.00000  0.10000  0.00000  0.00000  0.00000
40.89000  11.46397 -5.60293  0.99401  0.00000  0.10000  0.00000  0.00000  0.00000
40.90000  10.99329 -5.12864  1.15622  0.00000  0.10000  0.00000  0.00000  0.00000
40.91000  11.06976 -8.27035  1.24146  0.00000  0.10000  0.00000  0.00000  0.00000
40.92000  10.47840 -12.04165  1.06284  0.00000  0.10000  0.00000  0.00000  0.00000
40.93000  10.72784 -9.66113  1.22294  0.00000  0.10000  0.00000  0.00000  0.00000
40.94000  10.70309 -9.99582  1.21313  0.00000  0.10000  0.00000  0.00000  0.00000
40.95000  10.63475 -10.53664  1.34190  0.00000  0.10000  0.00000  0.00000  0.00000
40.96000  10.97850 -9.98069  1.95968  0.00000  0.10000  0.00000  0.00000  0.00000
40.97000  11.11965 -11.34390  1.47352  0.00000  0.10000  0.00000  0.00000  0.00000
40.98000  10.73116 -12.21949  1.70658  0.00000  0.10000  0.00000  0.00000  0.00000
40.99000  10.84076 -10.56110  1.95266  0.00000  0.10000  0.00000  0.00000  0.00000
41.00000  10.74768 -7.81705  1.39785  0.00000  0.10000  0.00000  0.00000  0.00000
41.01000  10.83924 -6.23540  1.83509  0.00000  0.10000  0.00000  0.00000  0.00000
41.02000  10.83387 -6.04055  1.83970  0.00000  0.10000  0.00000  0.00000  0.00000
41.03000  11.01934 -7.13475  1.24373  0.00000  0.10000  0.00000  0.00000  0.00000
41.04000  10.82599 -6.46853  0.89270  0.00000  0.10000  0.00000  0.00000  0.00000
41.05000  10.49815 -5.90057  1.04693  0.00000  0.10000  0.00000  0.00000  0.00000
41.06000  10.41418 -6.61329  1.19652  0.00000  0.10000  0.00000  0.00000  0.00000
41.07000  10.67237 -7.41563  1.16525  0.00000  0.10000  0.00000  0.00000  0.00000
41.08000  10.13603 -7.44611  1.59534  0.00000  0.10000  0.00000  0.00000  0.00000
41.09000  10.00314 -7.33030  1.28872  0.00000  0.10000  0.00000  0.00000  0.00000
41.10000  9.91938 -7.15909  0.93007  0.00000  0.10000  0.00000  0.00000  0.00000
41.11000  9.85440 -7.09727  0.76870  0.00000  0.10000  0.00000  0.00000  0.00000
41.12000  10.09222 -6.59258  0.90875  0.00000  0.10000  0.00000  0.00000  0.00000
41.13000  10.09222 -6.34672  0.94380  0.00000  0.10000  0.00000  0.00000  0.00000
41.14000  10.30707 -8.54061  0.88720  0.00000  0.10000  0.00000  0.00000  0.00000
41.15000  10.42354 -6.00359  0.31534  0.00000  0.10000  0.00000  0.00000  0.00000
41.16000  10.18471 -6.47061  0.50679  0.00000  0.10000  0.00000  0.00000  0.00000
41.17000  10.33439 -6.78891 -0.00999  0.00000  0.10000  0.00000  0.00000  0.00000
41.18000  10.47731 -5.78418 -0.12456  0.00000  0.10000  0.00000  0.00000  0.00000
41.19000  10.55557 -5.93680  0.00887  0.00000  0.10000  0.00000  0.00000  0.00000
41.20000  10.36074 -7.05280 -0.13438  0.00000  0.10000  0.00000  0.00000  0.00000
41.21000  10.51504 -8.62176  0.39561  0.00000  0.10000  0.00000  0.00000  0.00000
41.22000  10.48436 -8.55055  0.41529  0.00000  0.10000  0.00000  0.00000  0.00000
41.23000  10.51268 -10.02987  0.56769  0.00000  0.10000  0.00000  0.00000  0.00000
41.24000  10.80120 -11.46575  0.52203  0.00000  0.10000  0.00000  0.00000  0.00000
41.25000  10.81500 -9.90253  1.08745  0.00000  0.10000  0.00000  0.00000  0.00000
41.26000  10.69167 -8.54132  1.00426  0.00000  0.10000  0.00000  0.00000  0.00000
41.27000  10.68253 -8.67034  0.45677  0.00000  0.10000  0.00000  0.00000  0.00000
41.28000  10.97169 -10.50080  0.49820  0.00000  0.10000  0.00000  0.00000  0.00000
41.29000  10.86983 -8.96301  0.70222  0.00000  0.10000  0.00000  0.00000  0.00000
41.30000  10.83917 -8.21587  0.40156  0.00000  0.10000  0.00000  0.00000  0.00000
41.31000  11.09071 -8.67880  0.37278  0.00000  0.10000  0.00000  0.00000  0.00000
41.32000  10.71809 -6.69820  0.53542  0.00000  0.10000  0.00000  0.00000  0.00000
41.33000  10.64925 -9.47233  0.54952  0.00000  0.10000  0.00000  0.00000  0.00000
41.34000  10.61425 -8.37267  0.36535  0.00000  0.10000  0.00000  0.00000  0.00000
41.35000  10.54545 -8.39941  0.55012  0.00000  0.10000  0.00000  0.00000  0.00000
41.36000  10.52952 -8.87799  0.39079  0.00000  0.10000  0.00000  0.00000  0.00000
41.37000  10.26879 -10.41964  0.30073  0.00000  0.10000  0.00000  0.00000  0.00000
41.38000  10.82319 -10.07018  0.23993  0.00000  0.10000  0.00000  0.00000  0.00000
41.39000  10.82952 -10.98619  0.39381  0.00000  0.10000  0.00000  0.00000  0.00000
41.40000  10.91216 -10.60897  0.32207  0.00000  0.10000  0.00000  0.00000  0.00000
41.41000  11.08203 -12.12366 -0.04738  0.00000  0.10000  0.00000  0.00000  0.00000
41.42000  11.47012 -15.15169 -0.05964  0.00000  0.10000  0.00000  0.00000  0.00000
41.43000  11.18172 -14.85123 -0.01053  0.00000  0.10000  0.00000  0.00000  0.00000
41.44000  11.14323 -14.99393 -0.05779  0.00000  0.10000  0.00000  0.00000  0.00000
41.45000  11.06128 -14.27296 -0.85817  0.00000  0.10000  0.00000  0.00000  0.00000
41.46000  11.35969 -14.66875 -0.30501  0.00000  0.10000  0.00000  0.00000  0.00000
41.47000  11.00337 -16.27734 -0.19440  0.00000  0.10000  0.00000  0.00000  0.00000
41.48000  11.40725 -17.43071  0.00070  0.00000  0.10000  0.00000  0.00000  0.00000
41.49000  11.42644 -15.06721 -0.12048  0.00000  0.10000  0.00000  0.00000  0.00000
41.50000  11.40223 -14.99393  0.40622  0.00000  0.10000  0.00000  0.00000  0.00000
41.51000  11.21626 -11.90458  0.52357  0.00000  0.10000  0.00000  0.00000  0.00000
41.52000  11.15462 -13.93270  0.79024  0.00000  0.10000  0.00000  0.00000  0.00000
41.53000  10.83351 -12.68494  1.00040  0.00000  0.10000  0.00000  0.00000  0.00000
41.54000  10.82625 -13.36197  0.80458  0.00000  0.10000  0.00000  0.00000  0.00000
41.55000  10.95009 -11.29982  0.82436  0.00000  0.10000  0.00000  0.00000  0.00000
41.56000  10.87631 -12.18996  0.48012  0.00000  0.10000  0.00000  0.00000  0.00000
41.57000  11.03817 -11.96598  0.44863  0.00000  0.10000  0.00000  0.00000  0.00000
41.58000  11.41073 -11.57614  0.57564  0.00000  0.10000  0.00000  0.00000  0.00000
41.59000  11.37461 -11.59725  0.90244  0.00000  0.10000  0.00000  0.00000  0.00000
41.60000  11.48589 -11.99128  0.90759  0.00000  0.10000  0.00000  0.00000  0.00000
41.61000  11.43359 -11.17402  0.76359  0.00000  0.10000  0.00000  0.00000  0.00000
41.62000  11.18479 -13.45549  0.79468  0.00000  0.10000  0.00000  0.00000  0.00000
41.63000  10.83321 -11.39321  0.53244  0.00000  0.10000  0.00000  0.00000  0.00000
41.64000  10.99500 -10.87565  0.31838  0.00000  0.10000  0.00000  0.00000  0.00000
41.65000  11.30537 -11.92222  0.15997  0.00000  0.10000  0.00000  0.00000  0.00000
41.66000  11.20803 -14.24494 -0.12830  0.00000  0.10000  0.00000  0.00000  0.00000
41.67000  10.91355 -12.52118 -0.18247  0.00000  0.10000  0.00000  0.00000  0.00000
41.68000  10.81654 -12.20871  0.12323  0.00000  0.10000  0.00000  0.00000  0.00000
41.69000  11.02385 -11.92522  0.24846  0.00000  0.10000  0.00000  0.00000  0.00000
41.70000  11.09394 -12.55566 -0.03136  0.00000  0.10000  0.00000  0.00000  0.00000
41.71000  10.93095 -12.17687  0.02001  0.00000  0.10000  0.00000  0.00000  0.00000
41.72000  11.06493 -12.90867 -0.04577  0.00000  0.10000  0.00000  0.00000  0.00000
41.73000  10.77131 -11.54210  0.27630  0.00000  0.10000  0.00000  0.00000  0.00000
41.74000  10.61237 -11.99312  0.12628  0.00000  0.10000  0.00000  0.00000  0.00000
41.75000  10.58769 -11.78102  0.51909  0.00000  0.10000  0.00000  0.00000  0.00000
41.76000  10.50372 -9.46534  0.23158  0.00000  0.10000  0.00000  0.00000  0.00000
41.77000  10.35562 -11.80213  0.32193  0.00000  0.10000  0.00000  0.00000  0.00000
41.78000  10.20239 -13.32443  0.42893  0.00000  0.10000  0.00000  0.00000  0.00000
41.79000  10.22592 -10.49049  0.40318  0.00000  0.10000  0.00000  0.00000  0.00000
41.80000  10.30613 -9.49398  0.53654  0.00000  0.10000  0.00000  0.00000  0.00000
41.81000  10.53183 -5.84452  0.49207  0.00000  0.10000  0.00000  0.00000  0.00000
41.82000  10.53588 -5.04078  0.35221  0.00000  0.10000  0.00000  0.00000  0.00000
41.83000  10.65576 -6.32940  0.56847  0.00000  0.10000  0.00000  0.00000  0.00000
41.84000  10.99969 -6.14900  0.37642  0.00000  0.10000  0.00000  0.00000  0.00000
41.85000  10.84621 -6.78151  0.58786  0.00000  0.10000  0.00000  0.00000  0.00000
41.86000  11.01767 -6.16983  0.48198  0.00000  0.10000  0.00000  0.00000  0.00000
41.87000  10.80633 -6.69886  0.52007  0.00000  0.10000  0.00000  0.00000  0.00000
41.88000  11.09315 -7.10225  0.90739  0.00000  0.10000  0.00000  0.00000  0.00000
41.89000  11.11799 -7.44385  0.57968  0.00000  0.10000  0.00000  0.00000  0.00000
41.90000  11.60693 -5.28832  0.52226  0.00000  0.10000  0.00000  0.00000  0.00000
41.91000  11.59528 -6.24978  0.75525  0.00000  0.10000  0.00000  0.00000  0.00000
41.92000  11.52125 -4.56152  0.07163  0.00000  0.10000  0.00000  0.00000  0.00000
41.93000  11.54354 -5.51169  0.60601  0.00000  0.10000  0.00000  0.00000  0.00000
41.94000  11.35206 -4.47142  0.43422  0.00000  0.10000  0.00000  0.00000  0.00000
41.95000  11.41322 -4.98489  0.54612  0.00000  0.10000  0.00000  0.00000  0.00000
41.96000  11.51948 -6.92247  0.24530  0.00000  0.10000  0.00000  0.00000  0.00000
41.97000  11.83658 -6.40276  0.26466  0.00000  0.10000  0.00000  0.00000  0.00000
41.98000  11.59285 -6.98515  0.40406  0.00000  0.10000  0.00000  0.00000  0.00000
41.99000  11.61992 -5.50278  0.42440  0.00000  0.10000  0.00000  0.00000  0.00000
42.00000  11.64909 -8.13959  0.48087  0.00000  0.10000  0.00000  0.00000  0.00000
42.01000  11.55440 -8.38853  0.34201  0.00000  0.10000  0.00000  0.00000  0.00000
42.02000  11.44976 -8.98499  0.44229  0.00000  0.10000  0.00000  0.00000  0.00000
42.03000  11.25060 -7.21204  0.70220  0.00000  0.10000  0.00000  0.00000  0.00000
42.04000  10.98232 -7.42520  0.37917  0.00000  0.10000  0.00000  0.00000  0.00000
42.05000  11.06667 -7.66439  0.53302  0.00000  0.10000  0.00000  0.00000  0.00000
42.06000  11.15143 -8.10775  0.17835  0.00000  0.10000  0.00000  0.00000  0.00000
42.07000  11.42257 -5.99200  0.33071  0.00000  0.10000  0.00000  0.00000  0.00000
42.08000  11.43592 -6.93614  0.22214  0.00000  0.10000  0.00000  0.00000  0.00000
42.09000  11.07897 -6.40978  0.06640  0.00000  0.10000  0.00000  0.00000  0.00000
42.10000  11.38672 -4.06384 -0.22842  0.00000  0.10000  0.00000  0.00000  0.00000
42.11000  11.29337 -3.93008  0.11616  0.00000  0.10000  0.00000  0.00000  0.00000
42.12000  11.10017 -2.19492  0.00923  0.00000  0.10000  0.00000  0.00000  0.00000
42.13000  11.42561 -2.75375  0.21034  0.00000  0.10000  0.00000  0.00000  0.00000
42.14000  10.71346 -5.70169  0.48154  0.00000  0.10000  0.00000  0.00000  0.00000
42.15000  10.68934 -3.51840  0.56767  0.00000  0.10000  0.00000  0.00000  0.00000
42.16000  10.71952 -2.77795  0.52730  0.00000  0.10000  0.00000  0.00000  0.00000
42.17000  10.51829 -1.31295  0.13389  0.00000  0.10000  0.00000  0.00000  0.00000
42.18000  10.70372 -3.24444 -0.11868  0.00000  0.10000  0.00000  0.00000  0.00000
42.19000  10.86210 -3.65287 -0.12028  0.00000  0.10000  0.00000  0.00000  0.00000
42.20000  10.99198 -2.80708  0.07521  0.00000  0.10000  0.00000  0.00000  0.00000
42.21000  11.40004 -1.72607  0.24923  0.00000  0.10000  0.00000  0.00000  0.00000
42.22000  10.99779 -3.06080  0.07741  0.00000  0.10000  0.00000  0.00000  0.00000
42.23000  11.11451 -3.30560  0.46643  0.00000  0.10000  0.00000  0.00000  0.00000
42.24000  11.16838 -2.09925  0.34478  0.00000  0.10000  0.00000  0.00000  0.00000
42.25000  10.97202 -3.71403  0.14880  0.00000  0.10000  0.00000  0.00000  0.00000
42.26000  11.15664 -3.28937  0.48529  0.00000  0.10000  0.00000  0.00000  0.00000
42.27000  10.49720 -3.95227  0.73203  0.00000  0.10000  0.00000  0.00000  0.00000
42.28000  10.58651 -3.52400  0.73662  0.00000  0.10000  0.00000  0.00000  0.00000
42.29000  10.36483 -2.72085  0.49028  0.00000  0.10000  0.00000  0.00000  0.00000
42.30000  9.93256 -3.36606  0.67086  0.00000  0.10000  0.00000  0.00000  0.00000
42.31000  9.98842 -2.79788  0.33170  0.00000  0.10000  0.00000  0.00000  0.00000
42.32000  9.96397 -4.66678  0.82596  0.00000  0.10000  0.00000  0.00000  0.00000
42.33000  10.16482 -2.22521  0.91300  0.00000  0.10000  0.00000  0.00000  0.00000
42.34000  10.35532 -2.88446  0.65372  0.00000  0.10000  0.00000  0.00000  0.00000
42.35000  10.03254 -4.23873  0.98426  0.00000  0.10000  0.00000  0.00000  0.00000
42.36000  10.12875 -5.69032  0.95569  0.00000  0.10000  0.00000  0.00000  0.00000
42.37000  10.33570 -4.62645  1.07860  0.00000  0.10000  0.00000  0.00000  0.00000
42.38000  10.65257 -6.38378  0.61166  0.00000  0.10000  0.00000  0.00000  0.00000
42.39000  10.47553 -5.72436  0.86872  0.00000  0.10000  0.00000  0.00000  0.00000
42.40000  10.55067 -7.21161  1.10687  0.00000  0.10000  0.00000  0.00000  0.00000
42.41000  10.61092 -6.07275  0.94009  0.00000  0.10000  0.00000  0.00000  0.00000
42.42000  10.33732 -6.15906  0.98708  0.00000  0.10000  0.00000  0.00000  0.00000
42.43000  10.35299 -7.36816  0.84157  0.00000  0.10000  0.00000  0.00000  0.00000
42.44000  10.59149 -7.93144  0.54109  0.00000  0.10000  0.00000  0.00000  0.00000
42.45000  10.56615 -7.86152  0.62177  0.00000  0.10000  0.00000  0.00000  0.00000
42.46000  10.35107 -7.90807  0.28392  0.00000  0.10000  0.00000  0.00000  0.00000
42.47000  10.22759 -5.93406  0.58833  0.00000  0.10000  0.00000  0.00000  0.00000
42.48000  10.36303 -6.70762  0.17226  0.00000  0.10000  0.00000  0.00000  0.00000
42.49000  10.15557 -7.49716 -0.00936  0.00000  0.10000  0.00000  0.00000  0.00000
42.50000  10.43601 -4.30918 -0.06918  0.00000  0.10000  0.00000  0.00000  0.00000
42.51000  10.15927 -5.49057 -0.28720  0.00000  0.10000  0.00000  0.00000  0.00000
42.52000  10.37907 -6.70222  0.05191  0.00000  0.10000  0.00000  0.00000  0.00000
42.53000  10.35300 -6.97450 -0.25745  0.00000  0.10000  0.00000  0.00000  0.00000
42.54000  10.25368 -5.10298  0.02014  0.00000  0.10000  0.00000  0.00000  0.00000
42.55000  10.09142 -2.96424  0.21683  0.00000  0.10000  0.00000  0.00000  0.00000
42.56000  10.13477 -3.09274  0.23925  0.00000  0.10000  0.00000  0.00000  0.00000
42.57000  10.36075 -4.81851  0.50467  0.00000  0.10000  0.00000  0.00000  0.00000
42.58000  10.33608 -3.90744  0.47976  0.00000  0.10000  0.00000  0.00000  0.00000
42.59000  10.25854 -6.38533  0.57808  0.00000  0.10000  0.00000  0.00000  0.00000
42.60000  10.04848 -5.83929  0.52879  0.00000  0.10000  0.00000  0.00000  0.00000
42.61000  10.13984 -9.72149  0.74248  0.00000  0.10000  0.00000  0.00000  0.00000
42.62000  10.24374 -5.14465  0.51075  0.00000  0.10000  0.00000  0.00000  0.00000
42.63000  10.00266 -3.55977  0.79270  0.00000  0.10000  0.00000  0.00000  0.00000
42.64000  10.22876 -5.42297  0.63119  0.00000  0.10000  0.00000  0.00000  0.00000
42.65000  10.25006 -5.18680  0.74027  0.00000  0.10000  0.00000  0.00000  0.00000
42.66000  10.31343 -5.58390  0.83213  0.00000  0.10000  0.00000  0.00000  0.00000
42.67000  10.51493 -3.79382  0.68320  0.00000  0.10000  0.00000  0.00000  0.00000
42.68000  10.56169 -2.29204  0.65166  0.00000  0.10000  0.00000  0.00000  0.00000
42.69000  10.45808 -3.02437  0.64159  0.00000  0.10000  0.00000  0.00000  0.00000
42.70000  10.45173 -2.12376  0.66856  0.00000  0.10000  0.00000  0.00000  0.00000
42.71000  10.67895 -4.59831  0.81127  0.00000  0.10000  0.00000  0.00000  0.00000
42.72000  10.37259 -3.68316  1.16537  0.00000  0.10000  0.00000  0.00000  0.00000
42.73000  10.45159 -3.36780  0.70198  0.00000  0.10000  0.00000  0.00000  0.00000
42.74000  10.58253 -2.87879  0.66477  0.00000  0.10000  0.00000  0.00000  0.00000
42.75000  10.43725 -2.46875  0.93900  0.00000  0.10000  0.00000  0.00000  0.00000
42.76000  10.27263 -5.10676  0.36627  0.00000  0.10000  0.00000  0.00000  0.00000
42.77000  10.34472 -5.78140  0.94665  0.00000  0.10000  0.00000  0.00000  0.00000
42.78000  10.25383 -6.12007  1.04548  0.00000  0.10000  0.00000  0.00000  0.00000
42.79000  10.14435 -5.77111  0.52471  0.00000  0.10000  0.00000  0.00000  0.00000
42.80000  10.08690 -5.11686  0.72010  0.00000  0.10000  0.00000  0.00000  0.00000
42.81000  9.81330 -8.28062  0.62337  0.00000  0.10000  0.00000  0.00000  0.00000
42.82000  10.13473 -8.23414  0.70192  0.00000  0.10000  0.00000  0.00000  0.00000
42.83000  10.26746 -6.61784  0.70759  0.00000  0.10000  0.00000  0.00000  0.00000
42.84000  10.16182 -8.19582  0.56962  0.00000  0.10000  0.00000  0.00000  0.00000
42.85000  10.25987 -7.82166  0.50110  0.00000  0.10000  0.00000  0.00000  0.00000
42.86000  9.87297 -5.92487  0.22196  0.00000  0.10000  0.00000  0.00000  0.00000
42.87000  9.88787 -5.76866  0.16434  0.00000  0.10000  0.00000  0.00000  0.00000
42.88000  9.60207 -7.11206 -0.19019  0.00000  0.10000  0.00000  0.00000  0.00000
42.89000  10.02479 -8.04110 -0.13871  0.00000  0.10000  0.00000  0.00000  0.00000
42.90000  10.14560 -8.47233  0.22682  0.00000  0.10000  0.00000  0.00000  0.00000
42.91000  9.83890 -9.39539  0.13668  0.00000  0.10000  0.00000  0.00000  0.00000
42.92000  9.78402 -9.52926 -0.01823  0.00000  0.10000  0.00000  0.00000  0.00000
42.93000  10.11025 -9.56889  0.42832  0.00000  0.10000  0.00000  0.00000  0.00000
42.94000  10.00070 -8.49341  0.46909  0.00000  0.10000  0.00000  0.00000  0.00000
42.95000  9.99025 -9.95531  0.62806  0.00000  0.10000  0.00000  0.00000  0.00000
42.96000  9.99378 -10.02954  0.54255  0.00000  0.10000  0.00000  0.00000  0.00000
42.97000  10.21256 -8.94415  0.63937  0.00000  0.10000  0.00000  0.00000  0.00000
42.98000  10.17716 -7.05385  0.57033  0.00000  0.10000  0.00000  0.00000  0.00000
42.99000  10.01427 -7.11217  0.46349  0.00000  0.10000  0.00000  0.00000  0.00000
43.00000  9.98300 -7.88230  0.31279  0.00000  0.10000  0.00000  0.00000  0.00000
43.01000  10.16319 -9.10073  0.32949  0.00000  0.10000  0.00000  0.00000  0.00000
43.02000  10.19978 -8.54401  0.57127  0.00000  0.10000  0.00000  0.00000  0.00000
43.03000  10.02178 -6.43033  0.21784  0.00000  0.10000  0.00000  0.00000  0.00000
43.04000  10.49224 -5.86908  0.05532  0.00000  0.10000  0.00000  0.00000  0.00000
43.05000  10.33640 -4.10935  0.15722  0.00000  0.10000  0.00000  0.00000  0.00000
43.06000  10.05820 -4.83443  0.49679  0.00000  0.10000  0.00000  0.00000  0.00000
43.07000  10.22232 -3.93771  0.08853  0.00000  0.10000  0.00000  0.00000  0.00000
43.08000  10.20131 -3.45729  0.24191  0.00000  0.10000  0.00000  0.00000  0.00000
43.09000  10.60713 -5.51904  0.33067  0.00000  0.10000  0.00000  0.00000  0.00000
43.10000  10.78942 -4.01439  0.49424  0.00000  0.10000  0.00000  0.00000  0.00000
43.11000  10.26826 -6.73897  0.36772  0.00000  0.10000  0.00000  0.00000  0.00000
43.12000  10.10625 -8.38545  0.29860  0.00000  0.10000  0.00000  0.00000  0.00000
43.13000  10.36320 -10.63131 -0.09579  0.00000  0.10000  0.00000  0.00000  0.00000
43.14000  10.42308 -9.32720  0.27660  0.00000  0.10000  0.00000  0.00000  0.00000
43.15000  10.38904 -9.64126  0.07376  0.00000  0.10000  0.00000  0.00000  0.00000
43.16000  10.37302 -7.18677  0.32091  0.00000  0.10000  0.00000  0.00000  0.00000
43.17000  10.26426 -9.91735  0.52809  0.00000  0.10000  0.00000  0.00000  0.00000
43.18000  10.26663 -9.86078  0.54229  0.00000  0.10000  0.00000  0.00000  0.00000
43.19000  10.15263 -8.98869  0.34636  0.00000  0.10000  0.00000  0.00000  0.00000
43.20000  10.46552 -9.13553  0.35106  0.00000  0.10000  0.00000  0.00000  0.00000
43.21000  10.49370 -7.86203  0.03439  0.00000  0.10000  0.00000  0.00000  0.00000
43.22000  10.42476 -8.97766  0.27668  0.00000  0.10000  0.00000  0.00000  0.00000
43.23000  10.39683 -10.82204  0.11519  0.00000  0.10000  0.00000  0.00000  0.00000
43.24000  10.55244 -10.51172  0.16164  0.00000  0.10000  0.00000  0.00000  0.00000
43.25000  10.54369 -9.02362  0.15073  0.00000  0.10000  0.00000  0.00000  0.00000
43.26000  10.59487 -7.66399  0.41504  0.00000  0.10000  0.00000  0.00000  0.00000
43.27000  10.42511 -7.84518  0.63950  0.00000  0.10000  0.00000  0.00000  0.00000
43.28000  10.16131 -7.89570  0.72777  0.00000  0.10000  0.00000  0.00000  0.00000
43.29000  10.29744 -7.75329  0.78032  0.00000  0.10000  0.00000  0.00000  0.00000
43.30000  10.18227 -6.55291  0.22706  0.00000  0.10000  0.00000  0.00000  0.00000
43.31000  9.98630 -5.85175  0.18371  0.00000  0.10000  0.00000  0.00000  0.00000
43.32000  9.67157 -6.29939  0.47247  0.00000  0.10000  0.00000  0.00000  0.00000
43.33000  10.05052 -7.95808  0.22533  0.00000  0.10000  0.00000  0.00000  0.00000
43.34000  10.01171 -9.08261 -0.03913  0.00000  0.10000  0.00000  0.00000  0.00000
43.35000  10.14083 -6.68315 -0.15152  0.00000  0.10000  0.00000  0.00000  0.00000
43.36000  10.14373 -5.76126  0.26961  0.00000  0.10000  0.00000  0.00000  0.00000
43.37000  10.53310 -7.43387 -0.30137  0.00000  0.10000  0.00000  0.00000  0.00000
43.38000  10.49870 -7.11789 -0.42019  0.00000  0.10000  0.00000  0.00000  0.00000
43.39000  10.56610 -5.26617 -0.16847  0.00000  0.10000  0.00000  0.00000  0.00000
43.40000  10.60007 -6.05151 -0.04721  0.00000  0.10000  0.00000  0.00000  0.00000
43.41000  10.47045 -5.79301 -0.11501  0.00000  0.10000  0.00000  0.00000  0.00000
43.42000  10.33198 -4.85297 -0.06613  0.00000  0.10000  0.00000  0.00000  0.00000
43.43000  10.56405 -5.56806  0.32307  0.00000  0.10000  0.00000  0.00000  0.00000
43.44000  10.50883 -5.73124  0.00742  0.00000  0.10000  0.00000  0.00000  0.00000
43.45000  10.57526 -5.75771 -0.45097  0.00000  0.10000  0.00000  0.00000  0.00000
43.46000  10.43491 -5.43833 -0.67438  0.00000  0.10000  0.00000  0.00000  0.00000
43.47000  10.35375 -6.79707 -0.28139  0.00000  0.10000  0.00000  0.00000  0.00000
43.48000  10.25524 -8.04762 -0.57552  0.00000  0.10000  0.00000  0.00000  0.00000
43.49000  10.31695 -7.76030 -0.39824  0.00000  0.10000  0.00000  0.00000  0.00000
43.50000  9.98857 -9.29125 -0.24001  0.00000  0.10000  0.00000  0.00000  0.00000
43.51000  9.96021 -7.16533 -0.65177  0.00000  0.10000  0.00000  0.00000  0.00000
43.52000  10.13108 -6.35690 -0.86938  0.00000  0.10000  0.00000  0.00000  0.00000
43.53000  10.36136 -6.99774 -1.81392  0.00000  0.10000  0.00000  0.00000  0.00000
43.54000  10.42306 -8.69762 -1.43369  0.00000  0.10000  0.00000  0.00000  0.00000
43.55000  10.77866 -9.23410 -1.69875  0.00000  0.10000  0.00000  0.00000  0.00000
43.56000  10.94882 -8.89903 -1.67840  0.00000  0.10000  0.00000  0.00000  0.00000
43.57000  10.65047 -6.60564 -1.88747  0.00000  0.10000  0.00000  0.00000  0.00000
43.58000  10.68126 -8.01309 -1.77795  0.00000  0.10000  0.00000  0.00000  0.00000
43.59000  10.72201 -6.31038 -1.65577  0.00000  0.10000  0.00000  0.00000  0.00000
43.60000  11.15517 -6.17490 -1.15515  0.00000  0.10000  0.00000  0.00000  0.00000
43.61000  10.86661 -9.18901 -1.42576  0.00000  0.10000  0.00000  0.00000  0.00000
43.62000  10.94640 -8.02237 -1.49662  0.00000  0.10000  0.00000  0.00000  0.00000
43.63000  10.92716 -8.73541 -1.21056  0.00000  0.10000  0.00000  0.00000  0.00000
43.64000  11.46598 -10.39256 -1.25730  0.00000  0.10000  0.00000  0.00000  0.00000
43.65000  11.48920 -9.28937 -1.26012  0.00000  0.10000  0.00000  0.00000  0.00000
43.66000  11.16175 -8.83874 -1.31044  0.00000  0.10000  0.00000  0.00000  0.00000
43.67000  11.22783 -10.02994 -1.28847  0.00000  0.10000  0.00000  0.00000  0.00000
43.68000  11.41816 -9.59163 -1.33864  0.00000  0.10000  0.00000  0.00000  0.00000
43.69000  11.21927 -10.12523 -0.90941  0.00000  0.10000  0.00000  0.00000  0.00000
43.70000  11.14570 -11.81504 -0.94876  0.00000  0.10000  0.00000  0.00000  0.00000
43.71000  11.05818 -9.41786 -1.08609  0.00000  0.10000  0.00000  0.00000  0.00000
43.72000  11.52905 -9.46421 -0.55247  0.00000  0.10000  0.00000  0.00000  0.00000
43.73000  11.54308 -7.97384 -0.80517  0.00000  0.10000  0.00000  0.00000  0.00000
43.74000  11.46950 -9.44089 -0.35876  0.00000  0.10000  0.00000  0.00000  0.00000
43.75000  11.61501 -8.02528 -0.28628  0.00000  0.10000  0.00000  0.00000  0.00000
43.76000  11.81323 -7.83430 -0.78723  0.00000  0.10000  0.00000  0.00000  0.00000
43.77000  11.80671 -8.45601 -0.93943  0.00000  0.10000  0.00000  0.00000  0.00000
43.78000  11.80628 -6.98214 -0.68491  0.00000  0.10000  0.00000  0.00000  0.00000
43.79000  11.73151 -5.97347 -0.59528  0.00000  0.10000  0.00000  0.00000  0.00000
43.80000  11.68289 -8.26520 -0.51062  0.00000  0.10000  0.00000  0.00000  0.00000
43.81000  11.43268 -8.28718 -0.41563  0.00000  0.10000  0.00000  0.00000  0.00000
43.82000  11.54402 -4.51688 -0.71851  0.00000  0.10000  0.00000  0.00000  0.00000
43.83000  11.59075 -3.46818 -0.66900  0.00000  0.10000  0.00000  0.00000  0.00000
43.84000  11.41849 -5.30557 -1.10086  0.00000  0.10000  0.00000  0.00000  0.00000
43.85000  11.50176 -4.99732 -1.13367  0.00000  0.10000  0.00000  0.00000  0.00000
43.86000  11.71266 -5.70914 -1.09005  0.00000  0.10000  0.00000  0.00000  0.00000
43.87000  11.63622 -4.42331 -0.98181  0.00000  0.10000  0.00000  0.00000  0.00000
43.88000  11.74696 -4.15981 -0.71344  0.00000  0.10000  0.00000  0.00000  0.00000
43.89000  11.68472 -2.42020 -0.66190  0.00000  0.10000  0.00000  0.00000  0.00000
43.90000  11.64501 -4.37717 -0.89360  0.00000  0.10000  0.00000  0.00000  0.00000
43.91000  11.45846 -6.50354 -0.65368  0.00000  0.10000  0.00000  0.00000  0.00000
43.92000  11.67834 -8.08561 -0.16616  0.00000  0.10000  0.00000  0.00000  0.00000
43.93000  11.37343 -8.58937 -0.45703  0.00000  0.10000  0.00000  0.00000  0.00000
43.94000  11.85198 -8.90007 -0.26947  0.00000  0.10000  0.00000  0.00000  0.00000
43.95000  11.43646 -7.75438 -0.07520  0.00000  0.10000  0.00000  0.00000  0.00000
43.96000  11.42608 -6.18558 -0.06172  0.00000  0.10000  0.00000  0.00000  0.00000
43.97000  11.21910 -5.09640 -0.25455  0.00000  0.10000  0.00000  0.00000  0.00000
43.98000  11.20403 -7.00946 -0.54035  0.00000  0.10000  0.00000  0.00000  0.00000
43.99000  11.14104 -7.51136 -0.35482  0.00000  0.10000  0.00000  0.00000  0.00000
44.00000  11.49396 -9.29794 -0.18495  0.00000  0.10000  0.00000  0.00000  0.00000
44.01000  11.62500 -9.07789 -0.34315  0.00000  0.10000  0.00000  0.00000  0.00000
44.02000  11.35752 -9.37979 -0.37878  0.00000  0.10000  0.00000  0.00000  0.00000
44.03000  11.08637 -10.33258 -0.55617  0.00000  0.10000  0.00000  0.00000  0.00000
44.04000  11.02221 -11.90070 -0.59565  0.00000  0.10000  0.00000  0.00000  0.00000
44.05000  11.05411 -9.16170 -0.42986  0.00000  0.10000  0.00000  0.00000  0.00000
44.06000  10.88646 -10.48936 -0.00492  0.00000  0.10000  0.00000  0.00000  0.00000
44.07000  10.69134 -10.09414 -0.14799  0.00000  0.10000  0.00000  0.00000  0.00000
44.08000  11.07313 -8.85205  0.05022  0.00000  0.10000  0.00000  0.00000  0.00000
44.09000  10.97125 -5.73866  0.26004  0.00000  0.10000  0.00000  0.00000  0.00000
44.10000  11.01884 -7.01295 -0.01860  0.00000  0.10000  0.00000  0.00000  0.00000
44.11000  10.85037 -7.01295  0.54540  0.00000  0.10000  0.00000  0.00000  0.00000
44.12000  11.03124 -7.77576  0.58775  0.00000  0.10000  0.00000  0.00000  0.00000
44.13000  11.24388 -9.38812  0.42673  0.00000  0.10000  0.00000  0.00000  0.00000
44.14000  10.77549 -7.43371  0.28842  0.00000  0.10000  0.00000  0.00000  0.00000
44.15000  10.85762 -6.77141  0.54918  0.00000  0.10000  0.00000  0.00000  0.00000
44.16000  11.00905 -4.43134  0.68133  0.00000  0.10000  0.00000  0.00000  0.00000
44.17000  10.87179 -3.56918  0.88007  0.00000  0.10000  0.00000  0.00000  0.00000
44.18000  10.85316 -4.15361  0.87630  0.00000  0.10000  0.00000  0.00000  0.00000
44.19000  10.83210 -5.13368  0.76007  0.00000  0.10000  0.00000  0.00000  0.00000
44.20000  11.04440 -5.37896  0.54243  0.00000  0.10000  0.00000  0.00000  0.00000
44.21000  11.37112 -4.45811  0.52109  0.00000  0.10000  0.00000  0.00000  0.00000
44.22000  11.33262 -5.02204  0.02824  0.00000  0.10000  0.00000  0.00000  0.00000
44.23000  11.27352 -4.95691 -0.19304  0.00000  0.10000  0.00000  0.00000  0.00000
44.24000  11.24813 -5.09559 -0.11559  0.00000  0.10000  0.00000  0.00000  0.00000
44.25000  11.27287 -4.70872 -0.12399  0.00000  0.10000  0.00000  0.00000  0.00000
44.26000  11.56475 -5.51309  0.18638  0.00000  0.10000  0.00000  0.00000  0.00000
44.27000  11.85260 -5.95752  0.33150  0.00000  0.10000  0.00000  0.00000  0.00000
44.28000  11.67693 -6.36093  0.36159  0.00000  0.10000  0.00000  0.00000  0.00000
44.29000  11.49381 -2.40829  0.54503  0.00000  0.10000  0.00000  0.00000  0.00000
44.30000  11.44608 -4.87263  0.56656  0.00000  0.10000  0.00000  0.00000  0.00000
44.31000  11.32000 -2.35258  0.38816  0.00000  0.10000  0.00000  0.00000  0.00000
44.32000  11.48280 -3.20215  0.23989  0.00000  0.10000  0.00000  0.00000  0.00000
44.33000  11.54124 -5.74572  0.60226  0.00000  0.10000  0.00000  0.00000  0.00000
44.34000  11.55617 -5.22817  0.61108  0.00000  0.10000  0.00000  0.00000  0.00000
44.35000  11.62848 -5.63899  0.35425  0.00000  0.10000  0.00000  0.00000  0.00000
44.36000  11.37320 -3.53161  0.33595  0.00000  0.10000  0.00000  0.00000  0.00000
44.37000  11.51356 -3.34144 -0.02295  0.00000  0.10000  0.00000  0.00000  0.00000
44.38000  11.65073 -4.09454  0.20398  0.00000  0.10000  0.00000  0.00000  0.00000
44.39000  11.31195 -3.43909  0.16331  0.00000  0.10000  0.00000  0.00000  0.00000
44.40000  11.09623 -2.49301  0.34148  0.00000  0.10000  0.00000  0.00000  0.00000
44.41000  11.24342 -3.43664 -0.01241  0.00000  0.10000  0.00000  0.00000  0.00000
44.42000  11.29887 -4.13836 -0.04749  0.00000  0.10000  0.00000  0.00000  0.00000
44.43000  11.30418 -4.33690  0.05950  0.00000  0.10000  0.00000  0.00000  0.00000
44.44000  11.30412 -3.08662 -0.06096  0.00000  0.10000  0.00000  0.00000  0.00000
44.45000  11.44440 -4.37197  0.19419  0.00000  0.10000  0.00000  0.00000  0.00000
44.46000  11.32412 -4.87148  0.05631  0.00000  0.10000  0.00000  0.00000  0.00000
44.47000  11.21855 -5.66941  0.11868  0.00000  0.10000  0.00000  0.00000  0.00000
44.48000  11.15154 -4.87402  0.34519  0.00000  0.10000  0.00000  0.00000  0.00000
44.49000  11.04114 -3.54242  0.48098  0.00000  0.10000  0.00000  0.00000  0.00000
44.50000  11.40066 -6.27265  0.90972  0.00000  0.10000  0.00000  0.00000  0.00000
44.51000  11.63754 -6.53205  0.52714  0.00000  0.10000  0.00000  0.00000  0.00000
44.52000  11.57004 -5.67610  0.30242  0.00000  0.10000  0.00000  0.00000  0.00000
44.53000  11.33312 -4.34711  0.52962  0.00000  0.10000  0.00000  0.00000  0.00000
44.54000  11.03880 -3.68942  0.74277  0.00000  0.10000  0.00000  0.00000  0.00000
44.55000  11.11123 -1.69379  0.59079  0.00000  0.10000  0.00000  0.00000  0.00000
44.56000  10.89179 -3.70810  0.55333  0.00000  0.10000  0.00000  0.00000  0.00000
44.57000  11.06478 -0.94514  0.80474  0.00000  0.10000  0.00000  0.00000  0.00000
44.58000  11.02077 -1.42275  0.71039  0.00000  0.10000  0.00000  0.00000  0.00000
44.59000  11.14225 -2.51264  0.55547  0.00000  0.10000  0.00000  0.00000  0.00000
44.60000  11.15561 -3.83851  0.66268  0.00000  0.10000  0.00000  0.00000  0.00000
44.61000  11.25422 -3.82157  1.01792  0.00000  0.10000  0.00000  0.00000  0.00000
44.62000  11.23934 -4.26049  0.66880  0.00000  0.10000  0.00000  0.00000  0.00000
44.63000  11.34930 -4.31610  0.72222  0.00000  0.10000  0.00000  0.00000  0.00000
44.64000  11.24883 -4.11715  0.42604  0.00000  0.10000  0.00000  0.00000  0.00000
44.65000  11.29785 -4.39152  0.47371  0.00000  0.10000  0.00000  0.00000  0.00000
44.66000  11.26253 -4.08583  0.75998  0.00000  0.10000  0.00000  0.00000  0.00000
44.67000  11.02935 -3.88602  1.44391  0.00000  0.10000  0.00000  0.00000  0.00000
44.68000  10.75732 -2.95150  1.02867  0.00000  0.10000  0.00000  0.00000  0.00000
44.69000  10.48631 -1.30508  1.03254  0.00000  0.10000  0.00000  0.00000  0.00000
44.70000  10.55993 -0.80989  0.69542  0.00000  0.10000  0.00000  0.00000  0.00000
44.71000  11.04710 -0.55872  0.63858  0.00000  0.10000  0.00000  0.00000  0.00000
44.72000  10.59725 -1.03748  0.94461  0.00000  0.10000  0.00000  0.00000  0.00000
44.73000  10.61791 -1.51415  0.65988  0.00000  0.10000  0.00000  0.00000  0.00000
44.74000  10.81604 -2.61388  1.01564  0.00000  0.10000  0.00000  0.00000  0.00000
44.75000  10.97441 -1.22593  0.98379  0.00000  0.10000  0.00000  0.00000  0.00000
44.76000  11.15485 -1.54927  0.88356  0.00000  0.10000  0.00000  0.00000  0.00000
44.77000  11.26550 -0.62923  0.61114  0.00000  0.10000  0.00000  0.00000  0.00000
44.78000  11.19334 -1.49835  0.72233  0.00000  0.10000  0.00000  0.00000  0.00000
44.79000  10.99671 -2.07496  0.76998  0.00000  0.10000  0.00000  0.00000  0.00000
44.80000  11.02672 -1.57143  0.58603  0.00000  0.10000  0.00000  0.00000  0.00000
44.81000  11.43046 -1.67441  0.39195  0.00000  0.10000  0.00000  0.00000  0.00000
44.82000  11.31531  1.45540  0.21020  0.00000  0.10000  0.00000  0.00000  0.00000
44.83000  11.46295  3.16409 -0.36773  0.00000  0.10000  0.00000  0.00000  0.00000
44.84000  11.25865  2.64730 -0.11679  0.00000  0.10000  0.00000  0.00000  0.00000
44.85000  11.04029  3.01413 -0.10918  0.00000  0.10000  0.00000  0.00000  0.00000
44.86000  11.38075  3.30121  0.00714  0.00000  0.10000  0.00000  0.00000  0.00000
44.87000  11.45288  4.74324  0.28784  0.00000  0.10000  0.00000  0.00000  0.00000
44.88000  11.27444  4.52641 -0.27356  0.00000  0.10000  0.00000  0.00000  0.00000
44.89000  11.18740  5.15735 -0.13469  0.00000  0.10000  0.00000  0.00000  0.00000
44.90000  11.25954  5.74377 -0.39144  0.00000  0.10000  0.00000  0.00000  0.00000
44.91000  11.33189  3.84086 -0.55860  0.00000  0.10000  0.00000  0.00000  0.00000
44.92000  11.76342  4.04144 -0.73477  0.00000  0.10000  0.00000  0.00000  0.00000
44.93000  11.95912  3.20813 -0.63704  0.00000  0.10000  0.00000  0.00000  0.00000
44.94000  11.78299  2.90510 -0.52928  0.00000  0.10000  0.00000  0.00000  0.00000
44.95000  12.34725  4.64433 -1.23575  0.00000  0.10000  0.00000  0.00000  0.00000
44.96000  12.43760  2.83007 -1.20701  0.00000  0.10000  0.00000  0.00000  0.00000
44.97000  12.19519  2.72928 -1.21473  0.00000  0.10000  0.00000  0.00000  0.00000
44.98000  12.27552  3.40433 -1.24366  0.00000  0.10000  0.00000  0.00000  0.00000
44.99000  12.43142  2.13395 -0.63136  0.00000  0.10000  0.00000  0.00000  0.00000
45.00000  12.38740 -0.59248 -0.66963  0.00000  0.10000  0.00000  0.00000  0.00000
45.01000  12.43833  0.08442 -0.42645  0.00000  0.10000  0.00000  0.00000  0.00000
45.02000  12.56622 -1.54158 -0.37371  0.00000  0.10000  0.00000  0.00000  0.00000
45.03000  12.98216 -1.67436 -0.59863  0.00000  0.10000  0.00000  0.00000  0.00000
45.04000  12.89898 -1.89757 -0.32456  0.00000  0.10000  0.00000  0.00000  0.00000
45.05000  12.64506 -1.95353 -0.81855  0.00000  0.10000  0.00000  0.00000  0.00000
45.06000  12.38769 -1.74864 -1.04381  0.00000  0.10000  0.00000  0.00000  0.00000
45.07000  12.56408 -2.55614 -1.08797  0.00000  0.10000  0.00000  0.00000  0.00000
45.08000  12.47227 -2.97340 -0.92375  0.00000  0.10000  0.00000  0.00000  0.00000
45.09000  12.26756 -0.87460 -0.98720  0.00000  0.10000  0.00000  0.00000  0.00000
45.10000  12.43674 -2.94514 -0.77024  0.00000  0.10000  0.00000  0.00000  0.00000
45.11000  12.49791 -3.89182 -0.80233  0.00000  0.10000  0.00000  0.00000  0.00000
45.12000  12.55007 -5.31279 -0.41843  0.00000  0.10000  0.00000  0.00000  0.00000
45.13000  12.37087 -4.04470 -0.29939  0.00000  0.10000  0.00000  0.00000  0.00000
45.14000  12.50144 -2.42206 -0.38878  0.00000  0.10000  0.00000  0.00000  0.00000
45.15000  12.16009 -3.13471 -0.87508  0.00000  0.10000  0.00000  0.00000  0.00000
45.16000  12.27198 -3.62020 -0.94506  0.00000  0.10000  0.00000  0.00000  0.00000
45.17000  12.64066 -4.96809 -1.21210  0.00000  0.10000  0.00000  0.00000  0.00000
45.18000  12.49168 -3.24088 -0.72522  0.00000  0.10000  0.00000  0.00000  0.00000
45.19000  12.27418 -4.46702 -0.88556  0.00000  0.10000  0.00000  0.00000  0.00000
45.20000  11.90867 -5.96065 -0.48343  0.00000  0.10000  0.00000  0.00000  0.00000
45.21000  11.96712 -5.63066 -0.44769  0.00000  0.10000  0.00000  0.00000  0.00000
45.22000  12.23776 -6.71586 -0.19404  0.00000  0.10000  0.00000  0.00000  0.00000
45.23000  12.42745 -6.79481 -0.18165  0.00000  0.10000  0.00000  0.00000  0.00000
45.24000  12.32039 -7.25185 -0.67492  0.00000  0.10000  0.00000  0.00000  0.00000
45.25000  12.37439 -6.03844 -0.95751  0.00000  0.10000  0.00000  0.00000  0.00000
45.26000  12.38072 -5.17189 -0.89199  0.00000  0.10000  0.00000  0.00000  0.00000
45.27000  12.49048 -4.90255 -0.21697  0.00000  0.10000  0.00000  0.00000  0.00000
45.28000  12.52027 -6.96426 -0.68741  0.00000  0.10000  0.00000  0.00000  0.00000
45.29000  12.29408 -7.54553 -0.96002  0.00000  0.10000  0.00000  0.00000  0.00000
45.30000  12.29144 -6.11623 -0.45858  0.00000  0.10000  0.00000  0.00000  0.00000
45.31000  12.49615 -6.27673 -0.60669  0.00000  0.10000  0.00000  0.00000  0.00000
45.32000  12.55229 -5.09700 -0.45984  0.00000  0.10000  0.00000  0.00000  0.00000
45.33000  12.50886 -3.41852 -0.34551  0.00000  0.10000  0.00000  0.00000  0.00000
45.34000  12.54936 -1.32969 -0.26690  0.00000  0.10000  0.00000  0.00000  0.00000
45.35000  12.58930 -2.87475 -0.03184  0.00000  0.10000  0.00000  0.00000  0.00000
45.36000  12.50712 -3.97844 -0.12905  0.00000  0.10000  0.00000  0.00000  0.00000
45.37000  12.22765 -4.64736 -0.13860  0.00000  0.10000  0.00000  0.00000  0.00000
45.38000  12.42401 -4.56647 -0.03102  0.00000  0.10000  0.00000  0.00000  0.00000
45.39000  12.26684 -5.74856 -0.54217  0.00000  0.10000  0.00000  0.00000  0.00000
45.40000  12.25318 -5.56447 -0.57770  0.00000  0.10000  0.00000  0.00000  0.00000
45.41000  12.30160 -5.70318 -0.43457  0.00000  0.10000  0.00000  0.00000  0.00000
45.42000  12.15098 -5.51059 -0.80106  0.00000  0.10000  0.00000  0.00000  0.00000
45.43000  12.03965 -4.85324 -0.79811  0.00000  0.10000  0.00000  0.00000  0.00000
45.44000  12.01907 -3.66169 -0.61756  0.00000  0.10000  0.00000  0.00000  0.00000
45.45000  11.96729 -2.65352 -0.75335  0.00000  0.10000  0.00000  0.00000  0.00000
45.46000  12.28066 -3.64144 -0.51103  0.00000  0.10000  0.00000  0.00000  0.00000
45.47000  12.35220 -4.49307 -0.72807  0.00000  0.10000  0.00000  0.00000  0.00000
45.48000  12.12293 -3.05346 -0.91069  0.00000  0.10000  0.00000  0.00000  0.00000
45.49000  12.06621 -4.00008 -0.78023  0.00000  0.10000  0.00000  0.00000  0.00000
45.50000  12.05024 -2.77035 -0.99631  0.00000  0.10000  0.00000  0.00000  0.00000
45.51000  12.03342 -2.37824 -0.98638  0.00000  0.10000  0.00000  0.00000  0.00000
45.52000  11.49975 -1.44328 -1.17798  0.00000  0.10000  0.00000  0.00000  0.00000
45.53000  11.86014 -1.34231 -1.29048  0.00000  0.10000  0.00000  0.00000  0.00000
45.54000  12.01319 -2.37515 -1.09533  0.00000  0.10000  0.00000  0.00000  0.00000
45.55000  11.81535 -1.58886 -1.22865  0.00000  0.10000  0.00000  0.00000  0.00000
45.56000  11.90902 -2.47162 -1.28467  0.00000  0.10000  0.00000  0.00000  0.00000
45.57000  12.13030 -1.10685 -1.22495  0.00000  0.10000  0.00000  0.00000  0.00000
45.58000  12.30491 -1.17751 -1.20199  0.00000  0.10000  0.00000  0.00000  0.00000
45.59000  12.01059 -2.19108 -1.26690  0.00000  0.10000  0.00000  0.00000  0.00000
45.60000  11.66673 -0.10670 -1.09247  0.00000  0.10000  0.00000  0.00000  0.00000
45.61000  11.57406 -3.05513 -1.12337  0.00000  0.10000  0.00000  0.00000  0.00000
45.62000  11.55321 -3.19566 -1.25667  0.00000  0.10000  0.00000  0.00000  0.00000
45.63000  11.78760 -1.47844 -1.05427  0.00000  0.10000  0.00000  0.00000  0.00000
45.64000  11.67404 -1.81808 -1.51936  0.00000  0.10000  0.00000  0.00000  0.00000
45.65000  11.79808 -3.61978 -1.71392  0.00000  0.10000  0.00000  0.00000  0.00000
45.66000  11.68885 -4.78064 -0.95854  0.00000  0.10000  0.00000  0.00000  0.00000
45.67000  11.80894 -5.40043 -1.11835  0.00000  0.10000  0.00000  0.00000  0.00000
45.68000  11.96377 -7.22728 -0.91147  0.00000  0.10000  0.00000  0.00000  0.00000
45.69000  11.89934 -7.80278 -1.53001  0.00000  0.10000  0.00000  0.00000  0.00000
45.70000  12.00318 -8.47836 -0.94275  0.00000  0.10000  0.00000  0.00000  0.00000
45.71000  11.78461 -10.11452 -0.84115  0.00000  0.10000  0.00000  0.00000  0.00000
45.72000  11.89316 -8.54355 -0.86115  0.00000  0.10000  0.00000  0.00000  0.00000
45.73000  11.66274 -10.29994 -0.57968  0.00000  0.10000  0.00000  0.00000  0.00000
45.74000  11.81487 -8.03422 -0.91736  0.00000  0.10000  0.00000  0.00000  0.00000
45.75000  11.89019 -7.35593 -0.88327  0.00000  0.10000  0.00000  0.00000  0.00000
45.76000  11.65286 -7.29657 -0.87099  0.00000  0.10000  0.00000  0.00000  0.00000
45.77000  11.88907 -7.14188 -1.05102  0.00000  0.10000  0.00000  0.00000  0.00000
45.78000  12.01567 -6.91046 -1.01285  0.00000  0.10000  0.00000  0.00000  0.00000
45.79000  12.27395 -6.93797 -1.03985  0.00000  0.10000  0.00000  0.00000  0.00000
45.80000  11.95691 -5.87218 -0.92833  0.00000  0.10000  0.00000  0.00000  0.00000
45.81000  11.93527 -6.41622 -1.11664  0.00000  0.10000  0.00000  0.00000  0.00000
45.82000  12.02256 -7.43079 -1.58247  0.00000  0.10000  0.00000  0.00000  0.00000
45.83000  11.76341 -8.90706 -1.78291  0.00000  0.10000  0.00000  0.00000  0.00000
45.84000  11.72982 -10.29453 -1.82336  0.00000  0.10000  0.00000  0.00000  0.00000
45.85000  12.04492 -10.30993 -1.57719  0.00000  0.10000  0.00000  0.00000  0.00000
45.86000  11.72582 -9.70120 -1.71360  0.00000  0.10000  0.00000  0.00000  0.00000
45.87000  12.02851 -10.02694 -1.48647  0.00000  0.10000  0.00000  0.00000  0.00000
45.88000  12.18970 -10.80277 -1.68875  0.00000  0.10000  0.00000  0.00000  0.00000
45.89000  12.17999 -9.47560 -1.50986  0.00000  0.10000  0.00000  0.00000  0.00000
45.90000  11.99779 -9.16781 -1.41953  0.00000  0.10000  0.00000  0.00000  0.00000
45.91000  12.22706 -8.61679 -1.13534  0.00000  0.10000  0.00000  0.00000  0.00000
45.92000  11.92872 -9.76327 -1.29259  0.00000  0.10000  0.00000  0.00000  0.00000
45.93000  12.01542 -9.72517 -1.72362  0.00000  0.10000  0.00000  0.00000  0.00000
45.94000  11.91001 -7.44760 -1.83881  0.00000  0.10000  0.00000  0.00000  0.00000
45.95000  12.06905 -9.15960 -1.69125  0.00000  0.10000  0.00000  0.00000  0.00000
45.96000  12.10392 -9.03137 -1.79051  0.00000  0.10000  0.00000  0.00000  0.00000
45.97000  12.06108 -9.08554 -1.82556  0.00000  0.10000  0.00000  0.00000  0.00000
45.98000  11.69291 -6.30983 -2.15391  0.00000  0.10000  0.00000  0.00000  0.00000
45.99000  11.73655 -5.63250 -1.81328  0.00000  0.10000  0.00000  0.00000  0.00000
46.00000  11.42154 -6.19634 -1.84024  0.00000  0.10000  0.00000  0.00000  0.00000
46.01000  11.21441 -6.91818 -2.10435  0.00000  0.10000  0.00000  0.00000  0.00000
46.02000  11.72868 -6.92597 -2.23047  0.00000  0.10000  0.00000  0.00000  0.00000
46.03000  11.60884 -5.98336 -2.58416  0.00000  0.10000  0.00000  0.00000  0.00000
46.04000  11.66946 -4.59462 -2.95972  0.00000  0.10000  0.00000  0.00000  0.00000
46.05000  11.80584 -5.09578 -2.69038  0.00000  0.10000  0.00000  0.00000  0.00000
46.06000  11.78821 -5.17668 -3.30277  0.00000  0.10000  0.00000  0.00000  0.00000
46.07000  11.83511 -4.77282 -2.94255  0.00000  0.10000  0.00000  0.00000  0.00000
46.08000  11.93970 -6.60945 -2.63755  0.00000  0.10000  0.00000  0.00000  0.00000
46.09000  11.99343 -5.78531 -2.82530  0.00000  0.10000  0.00000  0.00000  0.00000
46.10000  11.96129 -8.72383 -2.74260  0.00000  0.10000  0.00000  0.00000  0.00000
46.11000  12.01327 -10.10269 -2.99728  0.00000  0.10000  0.00000  0.00000  0.00000
46.12000  11.96593 -8.68899 -3.23930  0.00000  0.10000  0.00000  0.00000  0.00000
46.13000  11.68306 -10.31336 -2.81427  0.00000  0.10000  0.00000  0.00000  0.00000
46.14000  12.03914 -10.97754 -2.51956  0.00000  0.10000  0.00000  0.00000  0.00000
46.15000  11.63118 -10.68393 -2.04166  0.00000  0.10000  0.00000  0.00000  0.00000
46.16000  11.36125 -9.47663 -2.38945  0.00000  0.10000  0.00000  0.00000  0.00000
46.17000  11.86718 -9.02497 -2.44039  0.00000  0.10000  0.00000  0.00000  0.00000
46.18000  11.76807 -11.13278 -2.19425  0.00000  0.10000  0.00000  0.00000  0.00000
46.19000  11.77996 -11.29860 -1.96766  0.00000  0.10000  0.00000  0.00000  0.00000
46.20000  11.97244 -10.21927 -1.94029  0.00000  0.10000  0.00000  0.00000  0.00000
46.21000  11.69653 -9.78320 -2.24817  0.00000  0.10000  0.00000  0.00000  0.00000
46.22000  11.95357 -9.15366 -2.33568  0.00000  0.10000  0.00000  0.00000  0.00000
46.23000  11.74661 -8.87131 -1.88449  0.00000  0.10000  0.00000  0.00000  0.00000
46.24000  11.51795 -8.49800 -1.90422  0.00000  0.10000  0.00000  0.00000  0.00000
46.25000  11.62172 -6.58840 -1.76162  0.00000  0.10000  0.00000  0.00000  0.00000
46.26000  11.29923 -8.25857 -1.85661  0.00000  0.10000  0.00000  0.00000  0.00000
46.27000  11.47863 -8.67721 -1.94989  0.00000  0.10000  0.00000  0.00000  0.00000
46.28000  11.85917 -10.33075 -1.84185  0.00000  0.10000  0.00000  0.00000  0.00000
46.29000  11.74952 -9.46408 -1.78599  0.00000  0.10000  0.00000  0.00000  0.00000
46.30000  11.80686 -8.32916 -1.80361  0.00000  0.10000  0.00000  0.00000  0.00000
46.31000  11.89060 -10.35842 -1.71611  0.00000  0.10000  0.00000  0.00000  0.00000
46.32000  12.09805 -7.53640 -1.85630  0.00000  0.10000  0.00000  0.00000  0.00000
46.33000  12.61788 -6.93908 -1.80979  0.00000  0.10000  0.00000  0.00000  0.00000
46.34000  12.34406 -7.70591 -1.89878  0.00000  0.10000  0.00000  0.00000  0.00000
46.35000  12.45182 -8.15910 -2.11540  0.00000  0.10000  0.00000  0.00000  0.00000
46.36000  12.48592 -9.82907 -2.13951  0.00000  0.10000  0.00000  0.00000  0.00000
46.37000  12.33767 -8.62233 -2.40218  0.00000  0.10000  0.00000  0.00000  0.00000
46.38000  12.27309 -8.40174 -2.35114  0.00000  0.10000  0.00000  0.00000  0.00000
46.39000  12.16926 -7.43166 -2.56379  0.00000  0.10000  0.00000  0.00000  0.00000
46.40000  11.89438 -8.37438 -2.00172  0.00000  0.10000  0.00000  0.00000  0.00000
46.41000  12.32198 -6.65178 -1.69382  0.00000  0.10000  0.00000  0.00000  0.00000
46.42000  11.87673 -6.65765 -1.86389  0.00000  0.10000  0.00000  0.00000  0.00000
46.43000  12.18832 -8.10520 -1.67811  0.00000  0.10000  0.00000  0.00000  0.00000
46.44000  12.19356 -5.54278 -2.11552  0.00000  0.10000  0.00000  0.00000  0.00000
46.45000  12.16792 -4.58319 -1.87841  0.00000  0.10000  0.00000  0.00000  0.00000
46.46000  11.64423 -5.70335 -2.14021  0.00000  0.10000  0.00000  0.00000  0.00000
46.47000  11.40616 -5.39359 -2.12003  0.00000  0.10000  0.00000  0.00000  0.00000
46.48000  11.65171 -7.81026 -1.99961  0.00000  0.10000  0.00000  0.00000  0.00000
46.49000  11.20800 -6.16279 -2.01909  0.00000  0.10000  0.00000  0.00000  0.00000
46.50000  11.13119 -4.88828 -1.93207  0.00000  0.10000  0.00000  0.00000  0.00000
46.51000  10.94742 -6.78711 -1.40252  0.00000  0.10000  0.00000  0.00000  0.00000
46.52000  10.78461 -7.66604 -1.66546  0.00000  0.10000  0.00000  0.00000  0.00000
46.53000  10.84933 -5.50853 -1.96886  0.00000  0.10000  0.00000  0.00000  0.00000
46.54000  11.19765 -7.53942 -1.81500  0.00000  0.10000  0.00000  0.00000  0.00000
46.55000  10.93016 -5.34139 -1.73734  0.00000  0.10000  0.00000  0.00000  0.00000
46.56000  10.32503 -7.12321 -1.77907  0.00000  0.10000  0.00000  0.00000  0.00000
46.57000  10.62160 -6.52597 -1.80361  0.00000  0.10000  0.00000  0.00000  0.00000
46.58000  11.22083 -8.13445 -1.57888  0.00000  0.10000  0.00000  0.00000  0.00000
46.59000  11.19200 -7.11134 -1.87030  0.00000  0.10000  0.00000  0.00000  0.00000
46.60000  11.54507 -9.62482 -1.75709  0.00000  0.10000  0.00000  0.00000  0.00000
46.61000  11.40333 -8.24385 -1.61107  0.00000  0.10000  0.00000  0.00000  0.00000
46.62000  11.47044 -8.77392 -1.60794  0.00000  0.10000  0.00000  0.00000  0.00000
46.63000  11.81653 -9.21361 -1.88556  0.00000  0.10000  0.00000  0.00000  0.00000
46.64000  11.67110 -7.09655 -1.91539  0.00000  0.10000  0.00000  0.00000  0.00000
46.65000  11.34348 -8.45101 -2.09513  0.00000  0.10000  0.00000  0.00000  0.00000
46.66000  11.01358 -7.15122 -2.52205  0.00000  0.10000  0.00000  0.00000  0.00000
46.67000  10.76368 -7.29755 -2.48007  0.00000  0.10000  0.00000  0.00000  0.00000
46.68000  10.57687 -7.69967 -2.75133  0.00000  0.10000  0.00000  0.00000  0.00000
46.69000  10.58391 -8.67921 -2.37011  0.00000  0.10000  0.00000  0.00000  0.00000
46.70000  10.33737 -8.01226 -2.87590  0.00000  0.10000  0.00000  0.00000  0.00000
46.71000  10.09404 -10.23599 -2.63350  0.00000  0.10000  0.00000  0.00000  0.00000
46.72000  10.47978 -10.07630 -2.78160  0.00000  0.10000  0.00000  0.00000  0.00000
46.73000  11.08781 -11.08609 -2.99306  0.00000  0.10000  0.00000  0.00000  0.00000
46.74000  11.31804 -12.93451 -2.93493  0.00000  0.10000  0.00000  0.00000  0.00000
46.75000  10.95010 -14.53013 -2.46949  0.00000  0.10000  0.00000  0.00000  0.00000
46.76000  10.86466 -13.70998 -2.56758  0.00000  0.10000  0.00000  0.00000  0.00000
46.77000  10.68597 -13.49670 -2.57003  0.00000  0.10000  0.00000  0.00000  0.00000
46.78000  10.55543 -11.35840 -3.03574  0.00000  0.10000  0.00000  0.00000  0.00000
46.79000  11.11277 -14.82465 -3.06797  0.00000  0.10000  0.00000  0.00000  0.00000
46.80000  10.70388 -15.05520 -2.88316  0.00000  0.10000  0.00000  0.00000  0.00000
46.81000  10.38245 -15.30498 -2.57156  0.00000  0.10000  0.00000  0.00000  0.00000
46.82000  10.98333 -15.23589 -2.35054  0.00000  0.10000  0.00000  0.00000  0.00000
46.83000  10.45290 -15.63750 -2.38976  0.00000  0.10000  0.00000  0.00000  0.00000
46.84000  10.41861 -16.66469 -2.19366  0.00000  0.10000  0.00000  0.00000  0.00000
46.85000  10.26215 -16.99384 -2.72746  0.00000  0.10000  0.00000  0.00000  0.00000
46.86000  10.18172 -15.38374 -2.57950  0.00000  0.10000  0.00000  0.00000  0.00000
46.87000  10.40940 -16.32296 -3.24217  0.00000  0.10000  0.00000  0.00000  0.00000
46.88000  10.72606 -15.53889 -3.31752  0.00000  0.10000  0.00000  0.00000  0.00000
46.89000  10.51422 -17.18862 -3.22734  0.00000  0.10000  0.00000  0.00000  0.00000
46.90000  10.48628 -15.28864 -3.48219  0.00000  0.10000  0.00000  0.00000  0.00000
46.91000  10.49830 -16.89731 -3.69517  0.00000  0.10000  0.00000  0.00000  0.00000
46.92000  10.56757 -15.47455 -3.67746  0.00000  0.10000  0.00000  0.00000  0.00000
46.93000  10.58860 -14.23000 -3.82080  0.00000  0.10000  0.00000  0.00000  0.00000
46.94000  10.36453 -14.93203 -3.12837  0.00000  0.10000  0.00000  0.00000  0.00000
46.95000  10.32676 -15.02655 -3.06953  0.00000  0.10000  0.00000  0.00000  0.00000
46.96000  10.49973 -15.33755 -2.80521  0.00000  0.10000  0.00000  0.00000  0.00000
46.97000  10.64545 -14.85520 -2.70574  0.00000  0.10000  0.00000  0.00000  0.00000
46.98000  10.49577 -13.82273 -2.75820  0.00000  0.10000  0.00000  0.00000  0.00000
46.99000  10.15761 -14.80759 -2.43886  0.00000  0.10000  0.00000  0.00000  0.00000
47.00000  10.04546 -14.52331 -2.55760  0.00000  0.10000  0.00000  0.00000  0.00000
47.01000  10.10211 -15.06519 -2.55481  0.00000  0.10000  0.00000  0.00000  0.00000
47.02000  10.12708 -16.14531 -2.11099  0.00000  0.10000  0.00000  0.00000  0.00000
47.03000  10.20474 -14.81962 -2.23639  0.00000  0.10000  0.00000  0.00000  0.00000
47.04000  10.25410 -13.93882 -2.26508  0.00000  0.10000  0.00000  0.00000  0.00000
47.05000  10.67255 -13.30921 -2.64725  0.00000  0.10000  0.00000  0.00000  0.00000
47.06000  10.78213 -11.82425 -2.78805  0.00000  0.10000  0.00000  0.00000  0.00000
47.07000  10.50463 -11.78233 -2.86344  0.00000  0.10000  0.00000  0.00000  0.00000
47.08000  10.58830 -11.73388 -2.46828  0.00000  0.10000  0.00000  0.00000  0.00000
47.09000  10.63944 -11.15010 -3.11906  0.00000  0.10000  0.00000  0.00000  0.00000
47.10000  10.79172 -13.22359 -3.50675  0.00000  0.10000  0.00000  0.00000  0.00000
47.11000  10.96108 -12.34168 -2.95738  0.00000  0.10000  0.00000  0.00000  0.00000
47.12000  10.72298 -11.84503 -3.27766  0.00000  0.10000  0.00000  0.00000  0.00000
47.13000  10.55374 -10.82805 -3.47687  0.00000  0.10000  0.00000  0.00000  0.00000
47.14000  10.46286 -14.86800 -3.07427  0.00000  0.10000  0.00000  0.00000  0.00000
47.15000  10.70376 -13.66714 -3.03242  0.00000  0.10000  0.00000  0.00000  0.00000
47.16000  10.55321 -12.29548 -3.32938  0.00000  0.10000  0.00000  0.00000  0.00000
47.17000  10.78640 -11.74492 -3.19476  0.00000  0.10000  0.00000  0.00000  0.00000
47.18000  10.83223 -10.92785 -3.55245  0.00000  0.10000  0.00000  0.00000  0.00000
47.19000  10.37607 -9.38224 -2.77945  0.00000  0.10000  0.00000  0.00000  0.00000
47.20000  10.31175 -8.61881 -3.16512  0.00000  0.10000  0.00000  0.00000  0.00000
47.21000  10.22296 -8.34779 -3.17984  0.00000  0.10000  0.00000  0.00000  0.00000
47.22000  10.14823 -8.83110 -3.38449  0.00000  0.10000  0.00000  0.00000  0.00000
47.23000  10.21715 -8.54073 -3.47209  0.00000  0.10000  0.00000  0.00000  0.00000
47.24000  10.30848 -7.20467 -3.40197  0.00000  0.10000  0.00000  0.00000  0.00000
47.25000  10.52090 -7.65821 -3.40047  0.00000  0.10000  0.00000  0.00000  0.00000
47.26000  10.51752 -7.66439 -3.09584  0.00000  0.10000  0.00000  0.00000  0.00000
47.27000  10.31130 -7.39866 -2.95007  0.00000  0.10000  0.00000  0.00000  0.00000
47.28000  10.56175 -7.60420 -2.76010  0.00000  0.10000  0.00000  0.00000  0.00000
47.29000  9.94672 -8.00171 -2.58498  0.00000  0.10000  0.00000  0.00000  0.00000
47.30000  10.03761 -7.98973 -2.72834  0.00000  0.10000  0.00000  0.00000  0.00000
47.31000  10.26600 -7.17365 -2.98885  0.00000  0.10000  0.00000  0.00000  0.00000
47.32000  10.35679 -8.35955 -2.61513  0.00000  0.10000  0.00000  0.00000  0.00000
47.33000  10.42870 -5.06886 -2.60838  0.00000  0.10000  0.00000  0.00000  0.00000
47.34000  10.39229 -3.48845 -2.22191  0.00000  0.10000  0.00000  0.00000  0.00000
47.35000  10.14124 -3.30586 -2.38847  0.00000  0.10000  0.00000  0.00000  0.00000
47.36000  10.33801 -3.55771 -2.25575  0.00000  0.10000  0.00000  0.00000  0.00000
47.37000  10.22926 -2.19752 -2.24284  0.00000  0.10000  0.00000  0.00000  0.00000
47.38000  10.29217 -2.29340 -2.48674  0.00000  0.10000  0.00000  0.00000  0.00000
47.39000  10.30563 -2.25813 -2.03261  0.00000  0.10000  0.00000  0.00000  0.00000
47.40000  9.99331 -2.16298 -1.47559  0.00000  0.10000  0.00000  0.00000  0.00000
47.41000  9.96579 -3.42470 -1.70016  0.00000  0.10000  0.00000  0.00000  0.00000
47.42000  9.99944 -2.84613 -1.43329  0.00000  0.10000  0.00000  0.00000  0.00000
47.43000  10.34286 -3.23566 -1.43098  0.00000  0.10000  0.00000  0.00000  0.00000
47.44000  10.47315 -2.96468 -1.41055  0.00000  0.10000  0.00000  0.00000  0.00000
47.45000  10.65256 -4.69083 -1.45748  0.00000  0.10000  0.00000  0.00000  0.00000
47.46000  10.71648 -6.31724 -1.05541  0.00000  0.10000  0.00000  0.00000  0.00000
47.47000  11.03678 -6.39664 -1.53261  0.00000  0.10000  0.00000  0.00000  0.00000
47.48000  11.13875 -6.22586 -1.42086  0.00000  0.10000  0.00000  0.00000  0.00000
47.49000  11.20175 -5.22346 -0.84882  0.00000  0.10000  0.00000  0.00000  0.00000
47.50000  11.43669 -6.50097 -0.86464  0.00000  0.10000  0.00000  0.00000  0.00000
47.51000  11.26029 -7.46211 -0.92067  0.00000  0.10000  0.00000  0.00000  0.00000
47.52000  10.99633 -6.76415 -0.80328  0.00000  0.10000  0.00000  0.00000  0.00000
47.53000  10.89199 -6.43401 -0.80426  0.00000  0.10000  0.00000  0.00000  0.00000
47.54000  10.97968 -5.49474 -0.82220  0.00000  0.10000  0.00000  0.00000  0.00000
47.55000  11.28364 -5.31664 -0.47021  0.00000  0.10000  0.00000  0.00000  0.00000
47.56000  11.20067 -3.96507 -0.40403  0.00000  0.10000  0.00000  0.00000  0.00000
47.57000  11.08733 -5.34250 -0.40188  0.00000  0.10000  0.00000  0.00000  0.00000
47.58000  11.36314 -8.39287 -0.19064  0.00000  0.10000  0.00000  0.00000  0.00000
47.59000  11.27088 -7.69150 -0.53746  0.00000  0.10000  0.00000  0.00000  0.00000
47.60000  11.10684 -6.82462 -0.58122  0.00000  0.10000  0.00000  0.00000  0.00000
47.61000  11.30169 -3.22137 -0.47365  0.00000  0.10000  0.00000  0.00000  0.00000
47.62000  11.23861 -4.92564 -0.49331  0.00000  0.10000  0.00000  0.00000  0.00000
47.63000  11.63409 -5.42070 -0.39479  0.00000  0.10000  0.00000  0.00000  0.00000
47.64000  11.73650 -6.44576 -0.53057  0.00000  0.10000  0.00000  0.00000  0.00000
47.65000  11.86904 -5.38673 -0.37583  0.00000  0.10000  0.00000  0.00000  0.00000
47.66000  11.79144 -5.26984 -0.10573  0.00000  0.10000  0.00000  0.00000  0.00000
47.67000  11.92961 -2.23040 -0.27323  0.00000  0.10000  0.00000  0.00000  0.00000
47.68000  11.86019 -2.51948 -0.45775  0.00000  0.10000  0.00000  0.00000  0.00000
47.69000  11.69875 -2.60344 -0.52669  0.00000  0.10000  0.00000  0.00000  0.00000
47.70000  11.80953 -2.55811 -0.84891  0.00000  0.10000  0.00000  0.00000  0.00000
47.71000  11.94093 -1.39490 -1.01133  0.00000  0.10000  0.00000  0.00000  0.00000
47.72000  12.17955 -2.16152 -0.54131  0.00000  0.10000  0.00000  0.00000  0.00000
47.73000  12.03668 -3.06345 -0.53517  0.00000  0.10000  0.00000  0.00000  0.00000
47.74000  11.95424 -1.84789 -0.44652  0.00000  0.10000  0.00000  0.00000  0.00000
47.75000  11.35163 -4.13662 -0.17775  0.00000  0.10000  0.00000  0.00000  0.00000
47.76000  11.62480 -2.79799 -0.32369  0.00000  0.10000  0.00000  0.00000  0.00000
47.77000  11.42729 -2.72957 -0.07448  0.00000  0.10000  0.00000  0.00000  0.00000
47.78000  11.56071 -2.49319 -0.34870  0.00000  0.10000  0.00000  0.00000  0.00000
47.79000  11.38254 -2.73450 -0.16535  0.00000  0.10000  0.00000  0.00000  0.00000
47.80000  11.35923 -4.04224 -0.47521  0.00000  0.10000  0.00000  0.00000  0.00000
47.81000  11.28520 -3.63275  0.02564  0.00000  0.10000  0.00000  0.00000  0.00000
47.82000  11.15874 -2.52510 -0.17878  0.00000  0.10000  0.00000  0.00000  0.00000
47.83000  11.38093 -4.22841 -0.46741  0.00000  0.10000  0.00000  0.00000  0.00000
47.84000  11.16939 -5.65060 -0.72217  0.00000  0.10000  0.00000  0.00000  0.00000
47.85000  11.13017 -5.71507 -0.84482  0.00000  0.10000  0.00000  0.00000  0.00000
47.86000  11.25538 -3.59505 -0.72056  0.00000  0.10000  0.00000  0.00000  0.00000
47.87000  11.20790 -2.91442 -0.56809  0.00000  0.10000  0.00000  0.00000  0.00000
47.88000  11.40588 -3.36670 -0.64187  0.00000  0.10000  0.00000  0.00000  0.00000
47.89000  11.39993 -4.36459 -0.94485  0.00000  0.10000  0.00000  0.00000  0.00000
47.90000  11.45858 -2.79675 -0.80229  0.00000  0.10000  0.00000  0.00000  0.00000
47.91000  11.31924 -3.87832 -0.42803  0.00000  0.10000  0.00000  0.00000  0.00000
47.92000  11.18839 -2.73616 -0.20111  0.00000  0.10000  0.00000  0.00000  0.00000
47.93000  11.37715 -4.88457 -0.39059  0.00000  0.10000  0.00000  0.00000  0.00000
47.94000  11.19352 -3.37189 -0.12554  0.00000  0.10000  0.00000  0.00000  0.00000
47.95000  11.36576 -2.86544  0.06172  0.00000  0.10000  0.00000  0.00000  0.00000
47.96000  11.55633 -3.70950  0.51121  0.00000  0.10000  0.00000  0.00000  0.00000
47.97000  11.50386 -3.80315  0.35408  0.00000  0.10000  0.00000  0.00000  0.00000
47.98000  11.28575 -3.52514 -0.32417  0.00000  0.10000  0.00000  0.00000  0.00000
47.99000  10.64183 -2.54985 -0.15857  0.00000  0.10000  0.00000  0.00000  0.00000
48.00000  10.47663 -1.13705 -0.07479  0.00000  0.10000  0.00000  0.00000  0.00000
48.01000  10.39519 -2.42140 -0.31766  0.00000  0.10000  0.00000  0.00000  0.00000
48.02000  10.61723 -1.47364  0.30524  0.00000  0.10000  0.00000  0.00000  0.00000
48.03000  10.77709 -1.06888  0.20484  0.00000  0.10000  0.00000  0.00000  0.00000
48.04000  10.48116 -0.27763 -0.22365  0.00000  0.10000  0.00000  0.00000  0.00000
48.05000  10.68017  0.93561 -0.45056  0.00000  0.10000  0.00000  0.00000  0.00000
48.06000  11.28016  1.25597 -0.11987  0.00000  0.10000  0.00000  0.00000  0.00000
48.07000  10.56957  1.41350 -0.34736  0.00000  0.10000  0.00000  0.00000  0.00000
48.08000  9.94838  0.26670 -0.23588  0.00000  0.10000  0.00000  0.00000  0.00000
48.09000  9.86281  0.12773 -0.27422  0.00000  0.10000  0.00000  0.00000  0.00000
48.10000  10.16364  2.34899  0.35255  0.00000  0.10000  0.00000  0.00000  0.00000
48.11000  10.23462 -0.43573  0.50812  0.00000  0.10000  0.00000  0.00000  0.00000
48.12000  10.17946  1.19230 -0.11941  0.00000  0.10000  0.00000  0.00000  0.00000
48.13000  10.36398  1.93075  0.02294  0.00000  0.10000  0.00000  0.00000  0.00000
48.14000  10.10062  3.29556 -0.20592  0.00000  0.10000  0.00000  0.00000  0.00000
48.15000  9.95072  1.47797 -0.22207  0.00000  0.10000  0.00000  0.00000  0.00000
48.16000  10.35417  2.27168 -0.07480  0.00000  0.10000  0.00000  0.00000  0.00000
48.17000  10.37915  2.40448  0.02381  0.00000  0.10000  0.00000  0.00000  0.00000
48.18000  10.39265  1.25275  0.01053  0.00000  0.10000  0.00000  0.00000  0.00000
48.19000  10.23938  0.18071  0.24040  0.00000  0.10000  0.00000  0.00000  0.00000
48.20000  10.12652  0.88483 -0.18937  0.00000  0.10000  0.00000  0.00000  0.00000
48.21000  10.02796 -0.35708 -0.27808  0.00000  0.10000  0.00000  0.00000  0.00000
48.22000  10.09329  1.28654 -0.19209  0.00000  0.10000  0.00000  0.00000  0.00000
48.23000  10.06316 -1.84957 -0.19740  0.00000  0.10000  0.00000  0.00000  0.00000
48.24000  10.38107 -0.23395 -0.14041  0.00000  0.10000  0.00000  0.00000  0.00000
48.25000  10.43369  1.55639 -0.27995  0.00000  0.10000  0.00000  0.00000  0.00000
48.26000  10.42714  0.14177  0.10088  0.00000  0.10000  0.00000  0.00000  0.00000
48.27000  10.27026  2.15794  0.01654  0.00000  0.10000  0.00000  0.00000  0.00000
48.28000  10.27607  1.64583  0.05416  0.00000  0.10000  0.00000  0.00000  0.00000
48.29000  10.36780  1.06543 -0.39218  0.00000  0.10000  0.00000  0.00000  0.00000
48.30000  10.47502  0.54072 -0.20407  0.00000  0.10000  0.00000  0.00000  0.00000
48.31000  10.65755 -0.43074 -0.15018  0.00000  0.10000  0.00000  0.00000  0.00000
48.32000  10.69943  0.54176 -0.05824  0.00000  0.10000  0.00000  0.00000  0.00000
48.33000  10.71098  0.83442  0.13499  0.00000  0.10000  0.00000  0.00000  0.00000
48.34000  10.63654  0.08152 -0.00886  0.00000  0.10000  0.00000  0.00000  0.00000
48.35000  10.92978  0.73223  0.05433  0.00000  0.10000  0.00000  0.00000  0.00000
48.36000  11.20113  1.55008 -0.46189  0.00000  0.10000  0.00000  0.00000  0.00000
48.37000  11.07239  2.32692 -0.62291  0.00000  0.10000  0.00000  0.00000  0.00000
48.38000  10.86940  3.01107 -0.62086  0.00000  0.10000  0.00000  0.00000  0.00000
48.39000  10.83525  3.89083 -0.43515  0.00000  0.10000  0.00000  0.00000  0.00000
48.40000  10.72371  5.22432 -0.19056  0.00000  0.10000  0.00000  0.00000  0.00000
48.41000  10.93356  6.98210 -0.24002  0.00000  0.10000  0.00000  0.00000  0.00000
48.42000  11.05244  5.95262 -0.70123  0.00000  0.10000  0.00000  0.00000  0.00000
48.43000  11.24736  5.72986 -0.60657  0.00000  0.10000  0.00000  0.00000  0.00000
48.44000  11.49588  4.71528 -0.80148  0.00000  0.10000  0.00000  0.00000  0.00000
48.45000  11.43747  5.20257 -0.34788  0.00000  0.10000  0.00000  0.00000  0.00000
48.46000  11.12723  4.02763 -0.63392  0.00000  0.10000  0.00000  0.00000  0.00000
48.47000  11.39866  3.31189 -0.36403  0.00000  0.10000  0.00000  0.00000  0.00000
48.48000  11.30879  4.46734 -0.28009  0.00000  0.10000  0.00000  0.00000  0.00000
48.49000  11.35096  3.01477 -0.00671  0.00000  0.10000  0.00000  0.00000  0.00000
48.50000  11.39215  3.13165 -0.40538  0.00000  0.10000  0.00000  0.00000  0.00000
48.51000  10.99269  4.32657  0.04877  0.00000  0.10000  0.00000  0.00000  0.00000
48.52000  11.11275  5.06207 -0.14004  0.00000  0.10000  0.00000  0.00000  0.00000
48.53000  10.55375  3.10795 -0.01127  0.00000  0.10000  0.00000  0.00000  0.00000
48.54000  10.53907  4.44111 -0.24537  0.00000  0.10000  0.00000  0.00000  0.00000
48.55000  10.62731  3.54031 -0.32636  0.00000  0.10000  0.00000  0.00000  0.00000
48.56000  10.64587  5.36263 -0.64216  0.00000  0.10000  0.00000  0.00000  0.00000
48.57000  10.56052  4.75739 -0.56728  0.00000  0.10000  0.00000  0.00000  0.00000
48.58000  11.04906  6.49574 -0.48391  0.00000  0.10000  0.00000  0.00000  0.00000
48.59000  10.85027  6.61464 -0.55373  0.00000  0.10000  0.00000  0.00000  0.00000
48.60000  10.46099  6.80459 -0.57738  0.00000  0.10000  0.00000  0.00000  0.00000
48.61000  10.88221  5.69209 -0.63986  0.00000  0.10000  0.00000  0.00000  0.00000
48.62000  10.90711  4.45490 -0.70477  0.00000  0.10000  0.00000  0.00000  0.00000
48.63000  10.74262  5.06780 -0.53823  0.00000  0.10000  0.00000  0.00000  0.00000
48.64000  10.74068  5.34849 -0.39089  0.00000  0.10000  0.00000  0.00000  0.00000
48.65000  10.54123  3.71647  0.32879  0.00000  0.10000  0.00000  0.00000  0.00000
48.66000  10.24820  3.82155  0.00900  0.00000  0.10000  0.00000  0.00000  0.00000
48.67000  10.24012  3.68248 -0.03283  0.00000  0.10000  0.00000  0.00000  0.00000
48.68000  10.68158  0.54683 -0.43903  0.00000  0.10000  0.00000  0.00000  0.00000
48.69000  10.61955  0.04404 -0.31501  0.00000  0.10000  0.00000  0.00000  0.00000
48.70000  10.72530  0.50923 -0.78961  0.00000  0.10000  0.00000  0.00000  0.00000
48.71000  10.84009 -0.37786 -0.88624  0.00000  0.10000  0.00000  0.00000  0.00000
48.72000  10.73572 -1.40583 -0.93768  0.00000  0.10000  0.00000  0.00000  0.00000
48.73000  10.68456 -1.24156 -0.76246  0.00000  0.10000  0.00000  0.00000  0.00000
48.74000  10.85867 -0.71531 -0.62908  0.00000  0.10000  0.00000  0.00000  0.00000
48.75000  10.62844 -1.51164 -0.49777  0.00000  0.10000  0.00000  0.00000  0.00000
48.76000  10.54773 -1.25316 -0.64592  0.00000  0.10000  0.00000  0.00000  0.00000
48.77000  10.43125 -0.73910 -0.60635  0.00000  0.10000  0.00000  0.00000  0.00000
48.78000  9.92544 -3.42109 -0.59908  0.00000  0.10000  0.00000  0.00000  0.00000
48.79000  10.05547 -3.26274 -0.45539  0.00000  0.10000  0.00000  0.00000  0.00000
48.80000  9.90732  0.07869 -0.71283  0.00000  0.10000  0.00000  0.00000  0.00000
48.81000  9.65393  0.52557 -0.79710  0.00000  0.10000  0.00000  0.00000  0.00000
48.82000  9.47764  1.23701 -0.85651  0.00000  0.10000  0.00000  0.00000  0.00000
48.83000  9.47743  1.34251 -0.83044  0.00000  0.10000  0.00000  0.00000  0.00000
48.84000  9.50491  0.29931 -1.45785  0.00000  0.10000  0.00000  0.00000  0.00000
48.85000  9.41337  0.05587 -1.16160  0.00000  0.10000  0.00000  0.00000  0.00000
48.86000  9.82408  0.34498 -1.17225  0.00000  0.10000  0.00000  0.00000  0.00000
48.87000  10.11849  1.93691 -0.98624  0.00000  0.10000  0.00000  0.00000  0.00000
48.88000  10.09763  4.47970 -0.87806  0.00000  0.10000  0.00000  0.00000  0.00000
48.89000  10.20799  6.52776 -0.99363  0.00000  0.10000  0.00000  0.00000  0.00000
48.90000  10.10026  6.58251 -1.15420  0.00000  0.10000  0.00000  0.00000  0.00000
48.91000  10.20188  5.12730 -1.05519  0.00000  0.10000  0.00000  0.00000  0.00000
48.92000  10.13626  5.40909 -0.83676  0.00000  0.10000  0.00000  0.00000  0.00000
48.93000  10.15242  5.07679 -0.57455  0.00000  0.10000  0.00000  0.00000  0.00000
48.94000  10.02540  4.30108 -0.54757  0.00000  0.10000  0.00000  0.00000  0.00000
48.95000  10.23636  3.73648 -0.82824  0.00000  0.10000  0.00000  0.00000  0.00000
48.96000  10.21178  4.00863 -0.63842  0.00000  0.10000  0.00000  0.00000  0.00000
48.97000  10.21741  1.61658 -0.60509  0.00000  0.10000  0.00000  0.00000  0.00000
48.98000  10.11956  4.24284 -0.52219  0.00000  0.10000  0.00000  0.00000  0.00000
48.99000  10.02804  4.37971 -0.54104  0.00000  0.10000  0.00000  0.00000  0.00000
49.00000  10.06673  5.62199 -0.71399  0.00000  0.10000  0.00000  0.00000  0.00000
49.01000  9.67931  7.39468 -0.65908  0.00000  0.10000  0.00000  0.00000  0.00000
49.02000  9.83267  6.91366 -0.31583  0.00000  0.10000  0.00000  0.00000  0.00000
49.03000  9.91988  5.70617 -0.40450  0.00000  0.10000  0.00000  0.00000  0.00000
49.04000  9.92119  6.25310 -0.77877  0.00000  0.10000  0.00000  0.00000  0.00000
49.05000  10.05414  7.32423 -0.15423  0.00000  0.10000  0.00000  0.00000  0.00000
49.06000  9.94753  5.56521 -0.05731  0.00000  0.10000  0.00000  0.00000  0.00000
49.07000  10.02839  8.13277  0.07090  0.00000  0.10000  0.00000  0.00000  0.00000
49.08000  10.29988  6.16212 -0.03817  0.00000  0.10000  0.00000  0.00000  0.00000
49.09000  9.91326  7.83729 -0.49439  0.00000  0.10000  0.00000  0.00000  0.00000
49.10000  10.19490  4.18624 -0.52311  0.00000  0.10000  0.00000  0.00000  0.00000
49.11000  9.83816  4.78541 -0.68074  0.00000  0.10000  0.00000  0.00000  0.00000
49.12000  9.86230  4.97410 -0.42635  0.00000  0.10000  0.00000  0.00000  0.00000
49.13000  9.91308  5.39609 -0.12298  0.00000  0.10000  0.00000  0.00000  0.00000
49.14000  9.73455  4.79139 -0.70471  0.00000  0.10000  0.00000  0.00000  0.00000
49.15000  9.83466  4.73311 -0.91151  0.00000  0.10000  0.00000  0.00000  0.00000
49.16000  9.67510  2.60877 -0.25654  0.00000  0.10000  0.00000  0.00000  0.00000
49.17000  9.51182  3.65397 -0.56469  0.00000  0.10000  0.00000  0.00000  0.00000
49.18000  9.58589  4.63379 -0.44093  0.00000  0.10000  0.00000  0.00000  0.00000
49.19000  9.77976  3.68440 -0.52344  0.00000  0.10000  0.00000  0.00000  0.00000
49.20000  9.81501  5.04338 -0.51050  0.00000  0.10000  0.00000  0.00000  0.00000
49.21000  9.98457  4.34104 -0.81767  0.00000  0.10000  0.00000  0.00000  0.00000
49.22000  9.63488  3.08416 -0.57524  0.00000  0.10000  0.00000  0.00000  0.00000
49.23000  9.88947  3.05043 -0.76731  0.00000  0.10000  0.00000  0.00000  0.00000
49.24000  9.68878  4.43839 -0.32273  0.00000  0.10000  0.00000  0.00000  0.00000
49.25000  9.82856  3.75785 -0.38450  0.00000  0.10000  0.00000  0.00000  0.00000
49.26000  9.70152  3.03701 -0.34397  0.00000  0.10000  0.00000  0.00000  0.00000
49.27000  9.57369  1.82963 -0.22484  0.00000  0.10000  0.00000  0.00000  0.00000
49.28000  9.26582  0.29823 -0.29999  0.00000  0.10000  0.00000  0.00000  0.00000
49.29000  9.36515 -3.54218 -0.35033  0.00000  0.10000  0.00000  0.00000  0.00000
49.30000  9.35875 -1.36164 -0.83056  0.00000  0.10000  0.00000  0.00000  0.00000
49.31000  8.87733 -1.83613 -0.94901  0.00000  0.10000  0.00000  0.00000  0.00000
49.32000  8.91747 -1.98794 -0.53842  0.00000  0.10000  0.00000  0.00000  0.00000
49.33000  9.00036 -2.33872 -0.62517  0.00000  0.10000  0.00000  0.00000  0.00000
49.34000  9.15507 -1.83429 -0.79902  0.00000  0.10000  0.00000  0.00000  0.00000
49.35000  8.86481 -0.19745 -0.54869  0.00000  0.10000  0.00000  0.00000  0.00000
49.36000  9.41493 -0.83837 -0.38584  0.00000  0.10000  0.00000  0.00000  0.00000
49.37000  9.37866 -0.26463 -0.19643  0.00000  0.10000  0.00000  0.00000  0.00000
49.38000  9.33647 -0.24896 -0.28427  0.00000  0.10000  0.00000  0.00000  0.00000
49.39000  9.25442  1.21060 -0.48496  0.00000  0.10000  0.00000  0.00000  0.00000
49.40000  9.48300  0.47716 -0.86420  0.00000  0.10000  0.00000  0.00000  0.00000
49.41000  9.58141  1.40229 -0.76181  0.00000  0.10000  0.00000  0.00000  0.00000
49.42000  9.54947  2.15475 -0.42196  0.00000  0.10000  0.00000  0.00000  0.00000
49.43000  9.70924  2.69850 -0.45833  0.00000  0.10000  0.00000  0.00000  0.00000
49.44000  9.53185  2.50030 -0.33194  0.00000  0.10000  0.00000  0.00000  0.00000
49.45000  9.43616  2.66774 -0.16856  0.00000  0.10000  0.00000  0.00000  0.00000
49.46000  9.44145  1.24044 -0.32231  0.00000  0.10000  0.00000  0.00000  0.00000
49.47000  9.11504  0.44688 -0.40235  0.00000  0.10000  0.00000  0.00000  0.00000
49.48000  9.31792  2.09968 -0.16081  0.00000  0.10000  0.00000  0.00000  0.00000
49.49000  9.31374  1.63116  0.07166  0.00000  0.10000  0.00000  0.00000  0.00000
49.50000  9.37250  2.06115 -0.18785  0.00000  0.10000  0.00000  0.00000  0.00000
49.51000  9.33739  5.84331 -0.22520  0.00000  0.10000  0.00000  0.00000  0.00000
49.52000  9.12740  3.52300 -0.01996  0.00000  0.10000  0.00000  0.00000  0.00000
49.53000  9.34555  1.42069 -0.08081  0.00000  0.10000  0.00000  0.00000  0.00000
49.54000  9.42712  1.48455 -0.37959  0.00000  0.10000  0.00000  0.00000  0.00000
49.55000  9.83067  2.51050 -0.03431  0.00000  0.10000  0.00000  0.00000  0.00000
49.56000  9.74622  2.29229  0.07375  0.00000  0.10000  0.00000  0.00000  0.00000
49.57000  9.58482  2.73381  0.23328  0.00000  0.10000  0.00000  0.00000  0.00000
49.58000  10.13074  5.16925 -0.02905  0.00000  0.10000  0.00000  0.00000  0.00000
49.59000  10.44354  4.28808 -0.12806  0.00000  0.10000  0.00000  0.00000  0.00000
49.60000  10.02465  3.97801  0.27258  0.00000  0.10000  0.00000  0.00000  0.00000
49.61000  10.09393  5.37866  0.02391  0.00000  0.10000  0.00000  0.00000  0.00000
49.62000  9.91554  4.20164 -0.12033  0.00000  0.10000  0.00000  0.00000  0.00000
49.63000  10.08016  3.15791  0.43386  0.00000  0.10000  0.00000  0.00000  0.00000
49.64000  10.04521  2.60363  0.20631  0.00000  0.10000  0.00000  0.00000  0.00000
49.65000  9.74983  1.91735  0.04973  0.00000  0.10000  0.00000  0.00000  0.00000
49.66000  10.06285  0.86801  0.05052  0.00000  0.10000  0.00000  0.00000  0.00000
49.67000  9.82943  0.38798  0.05518  0.00000  0.10000  0.00000  0.00000  0.00000
49.68000  9.75228  0.49984  0.50079  0.00000  0.10000  0.00000  0.00000  0.00000
49.69000  9.36381  1.02607  0.03406  0.00000  0.10000  0.00000  0.00000  0.00000
49.70000  9.40821  0.98692  0.05544  0.00000  0.10000  0.00000  0.00000  0.00000
49.71000  9.64549  1.97596  0.16485  0.00000  0.10000  0.00000  0.00000  0.00000
49.72000  10.05076 -0.72186  0.14381  0.00000  0.10000  0.00000  0.00000  0.00000
49.73000  9.85184  1.93436  0.23850  0.00000  0.10000  0.00000  0.00000  0.00000
49.74000  9.93912  2.41600 -0.12610  0.00000  0.10000  0.00000  0.00000  0.00000
49.75000  9.85119  2.53898  0.26471  0.00000  0.10000  0.00000  0.00000  0.00000
49.76000  9.86398  0.06140  0.46906  0.00000  0.10000  0.00000  0.00000  0.00000
49.77000  9.91307  0.97686  0.49297  0.00000  0.10000  0.00000  0.00000  0.00000
49.78000  9.61670  2.16244  0.34516  0.00000  0.10000  0.00000  0.00000  0.00000
49.79000  9.94917  1.50506  0.01589  0.00000  0.10000  0.00000  0.00000  0.00000
49.80000  9.68807  2.80466  0.30548  0.00000  0.10000  0.00000  0.00000  0.00000
49.81000  9.93546  4.25569  0.45317  0.00000  0.10000  0.00000  0.00000  0.00000
49.82000  9.90815  2.96031  0.71490  0.00000  0.10000  0.00000  0.00000  0.00000
49.83000  9.92859  3.97397  0.35261  0.00000  0.10000  0.00000  0.00000  0.00000
49.84000  9.91820  5.66378  0.34325  0.00000  0.10000  0.00000  0.00000  0.00000
49.85000  9.76714  5.44137  0.05701  0.00000  0.10000  0.00000  0.00000  0.00000
49.86000  9.68474  5.45867  0.27917  0.00000  0.10000  0.00000  0.00000  0.00000
49.87000  9.59125  4.64447  0.29719  0.00000  0.10000  0.00000  0.00000  0.00000
49.88000  9.84202  0.48315 -0.09015  0.00000  0.10000  0.00000  0.00000  0.00000
49.89000  9.97677  0.23238 -0.00323  0.00000  0.10000  0.00000  0.00000  0.00000
49.90000  9.94930 -0.50711 -0.31262  0.00000  0.10000  0.00000  0.00000  0.00000
49.91000  9.98902  0.34760 -0.27321  0.00000  0.10000  0.00000  0.00000  0.00000
49.92000  9.68270  3.20392 -0.15445  0.00000  0.10000  0.00000  0.00000  0.00000
49.93000  10.12739  5.67565  0.11718  0.00000  0.10000  0.00000  0.00000  0.00000
49.94000  9.65718  4.37595 -0.11490  0.00000  0.10000  0.00000  0.00000  0.00000
49.95000  10.04691  3.43335 -0.32706  0.00000  0.10000  0.00000  0.00000  0.00000
49.96000  10.35345  5.75291 -0.86946  0.00000  0.10000  0.00000  0.00000  0.00000
49.97000  10.68926  6.08758 -0.79238  0.00000  0.10000  0.00000  0.00000  0.00000
49.98000  10.83650  6.06734 -0.62868  0.00000  0.10000  0.00000  0.00000  0.00000
49.99000  10.96622  8.14201 -0.60751  0.00000  0.10000  0.00000  0.00000  0.00000
50.00000  10.73479  6.90855 -0.55197  0.00000  0.10000  0.00000  0.00000  0.00000
50.01000  10.40381  8.07573 -0.51023  0.00000  0.10000  0.00000  0.00000  0.00000
50.02000  10.44509  6.87294 -1.07135  0.00000  0.10000  0.00000  0.00000  0.00000
50.03000  10.61820  8.21016 -1.20865  0.00000  0.10000  0.00000  0.00000  0.00000
50.04000  10.58718  6.55646 -1.14079  0.00000  0.10000  0.00000  0.00000  0.00000
50.05000  10.56747  4.50216 -1.21406  0.00000  0.10000  0.00000  0.00000  0.00000
50.06000  10.63479  4.30745 -0.89524  0.00000  0.10000  0.00000  0.00000  0.00000
50.07000  11.07792  3.88620 -0.75858  0.00000  0.10000  0.00000  0.00000  0.00000
50.08000  10.75828  2.98824 -0.80766  0.00000  0.10000  0.00000  0.00000  0.00000
50.09000  11.02699  3.17641 -0.85656  0.00000  0.10000  0.00000  0.00000  0.00000
50.10000  11.17482  0.55291 -0.79605  0.00000  0.10000  0.00000  0.00000  0.00000
50.11000  11.02993  0.41473 -0.96901  0.00000  0.10000  0.00000  0.00000  0.00000
50.12000  10.91515  1.55022 -0.79970  0.00000  0.10000  0.00000  0.00000  0.00000
50.13000  10.96116  0.18333 -0.92933  0.00000  0.10000  0.00000  0.00000  0.00000
50.14000  11.00656  0.21555 -0.81742  0.00000  0.10000  0.00000  0.00000  0.00000
50.15000  11.01086  0.22558 -1.13028  0.00000  0.10000  0.00000  0.00000  0.00000
50.16000  10.66773  0.54046 -0.90834  0.00000  0.10000  0.00000  0.00000  0.00000
50.17000  10.86751 -0.83690 -1.04512  0.00000  0.10000  0.00000  0.00000  0.00000
50.18000  11.13818 -0.76363 -1.25751  0.00000  0.10000  0.00000  0.00000  0.00000
50.19000  11.43167 -0.49302 -1.44870  0.00000  0.10000  0.00000  0.00000  0.00000
50.20000  11.12892 -0.66140 -1.55163  0.00000  0.10000  0.00000  0.00000  0.00000
50.21000  11.00893  1.07066 -0.99294  0.00000  0.10000  0.00000  0.00000  0.00000
50.22000  10.47378  1.38195 -1.28557  0.00000  0.10000  0.00000  0.00000  0.00000
50.23000  10.55879  2.77153 -1.12058  0.00000  0.10000  0.00000  0.00000  0.00000
50.24000  10.58415  1.82779 -1.07745  0.00000  0.10000  0.00000  0.00000  0.00000
50.25000  10.55377  3.28594 -0.82293  0.00000  0.10000  0.00000  0.00000  0.00000
50.26000  10.72859  3.43866 -0.17233  0.00000  0.10000  0.00000  0.00000  0.00000
50.27000  11.18258  3.42043 -0.34895  0.00000  0.10000  0.00000  0.00000  0.00000
50.28000  10.97513  1.07378 -0.47908  0.00000  0.10000  0.00000  0.00000  0.00000
50.29000  11.02565  3.20428 -0.54415  0.00000  0.10000  0.00000  0.00000  0.00000
50.30000  11.00538  3.70239 -0.48972  0.00000  0.10000  0.00000  0.00000  0.00000
50.31000  11.04924  2.67009 -0.02843  0.00000  0.10000  0.00000  0.00000  0.00000
50.32000  10.96546  2.55437 -0.06852  0.00000  0.10000  0.00000  0.00000  0.00000
50.33000  10.92552  2.65536 -0.52990  0.00000  0.10000  0.00000  0.00000  0.00000
50.34000  10.78149  0.67067 -0.59889  0.00000  0.10000  0.00000  0.00000  0.00000
50.35000  10.77211  0.90127 -0.56941  0.00000  0.10000  0.00000  0.00000  0.00000
50.36000  10.36478  0.79244 -0.47215  0.00000  0.10000  0.00000  0.00000  0.00000
50.37000  10.71041 -0.58547 -0.28013  0.00000  0.10000  0.00000  0.00000  0.00000
50.38000  10.87456  0.58470 -0.02653  0.00000  0.10000  0.00000  0.00000  0.00000
50.39000  10.85420  0.35545  0.11453  0.00000  0.10000  0.00000  0.00000  0.00000
50.40000  10.84772 -2.03945  0.21118  0.00000  0.10000  0.00000  0.00000  0.00000
50.41000  10.84174  0.26860 -0.14414  0.00000  0.10000  0.00000  0.00000  0.00000
50.42000  10.27859  0.26309 -0.06605  0.00000  0.10000  0.00000  0.00000  0.00000
50.43000  10.36281  0.27260 -0.26970  0.00000  0.10000  0.00000  0.00000  0.00000
50.44000  10.58376 -0.24419  0.03992  0.00000  0.10000  0.00000  0.00000  0.00000
50.45000  10.40610  0.66193 -0.01315  0.00000  0.10000  0.00000  0.00000  0.00000
50.46000  10.73189  0.82164 -0.19141  0.00000  0.10000  0.00000  0.00000  0.00000
50.47000  10.76348 -0.06400 -0.10162  0.00000  0.10000  0.00000  0.00000  0.00000
50.48000  10.80799  0.33128 -0.27690  0.00000  0.10000  0.00000  0.00000  0.00000
50.49000  10.76279 -0.32044 -0.02080  0.00000  0.10000  0.00000  0.00000  0.00000
50.50000  10.92521  1.14114  0.28878  0.00000  0.10000  0.00000  0.00000  0.00000
50.51000  10.63484 -0.03625  0.23239  0.00000  0.10000  0.00000  0.00000  0.00000
50.52000  10.52642 -0.74358  0.63843  0.00000  0.10000  0.00000  0.00000  0.00000
50.53000  10.68650  0.05946  0.88362  0.00000  0.10000  0.00000  0.00000  0.00000
50.54000  10.75531 -2.78038  0.80557  0.00000  0.10000  0.00000  0.00000  0.00000
50.55000  10.54984 -2.16847  0.94724  0.00000  0.10000  0.00000  0.00000  0.00000
50.56000  10.64787 -5.22070  0.50979  0.00000  0.10000  0.00000  0.00000  0.00000
50.57000  10.61192 -4.88161  0.48204  0.00000  0.10000  0.00000  0.00000  0.00000
50.58000  10.45503 -2.15952  0.28652  0.00000  0.10000  0.00000  0.00000  0.00000
50.59000  10.53708 -5.40134  0.29097  0.00000  0.10000  0.00000  0.00000  0.00000
50.60000  10.29652 -2.55775  0.14431  0.00000  0.10000  0.00000  0.00000  0.00000
50.61000  10.57157 -2.41856  0.34618  0.00000  0.10000  0.00000  0.00000  0.00000
50.62000  10.63277 -2.32504  0.34156  0.00000  0.10000  0.00000  0.00000  0.00000
50.63000  10.59766 -1.77960  0.23114  0.00000  0.10000  0.00000  0.00000  0.00000
50.64000  10.65217 -1.58941  0.46371  0.00000  0.10000  0.00000  0.00000  0.00000
50.65000  11.04312 -1.64250  0.19708  0.00000  0.10000  0.00000  0.00000  0.00000
50.66000  11.15015 -4.07139  0.28527  0.00000  0.10000  0.00000  0.00000  0.00000
50.67000  10.76710 -5.46621  0.27369  0.00000  0.10000  0.00000  0.00000  0.00000
50.68000  10.77944 -2.93727  0.27904  0.00000  0.10000  0.00000  0.00000  0.00000
50.69000  10.74337 -4.59588  0.07173  0.00000  0.10000  0.00000  0.00000  0.00000
50.70000  10.63603 -5.90465 -0.14155  0.00000  0.10000  0.00000  0.00000  0.00000
50.71000  10.65616 -5.06552 -0.06382  0.00000  0.10000  0.00000  0.00000  0.00000
50.72000  10.59491 -5.31866 -0.13359  0.00000  0.10000  0.00000  0.00000  0.00000
50.73000  10.56187 -4.54355 -0.25079  0.00000  0.10000  0.00000  0.00000  0.00000
50.74000  10.62466 -5.41019 -0.39009  0.00000  0.10000  0.00000  0.00000  0.00000
50.75000  10.29723 -4.52436 -0.51470  0.00000  0.10000  0.00000  0.00000  0.00000
50.76000  10.38143 -5.19061 -0.34916  0.00000  0.10000  0.00000  0.00000  0.00000
50.77000  9.88473 -6.15865 -0.10126  0.00000  0.10000  0.00000  0.00000  0.00000
50.78000  9.87997 -6.36066 -0.25338  0.00000  0.10000  0.00000  0.00000  0.00000
50.79000  9.77794 -6.30238 -0.04689  0.00000  0.10000  0.00000  0.00000  0.00000
50.80000  9.73782 -7.89773  0.04056  0.00000  0.10000  0.00000  0.00000  0.00000
50.81000  9.97170 -4.66139 -0.05153  0.00000  0.10000  0.00000  0.00000  0.00000
50.82000  10.37158 -4.42627 -0.04064  0.00000  0.10000  0.00000  0.00000  0.00000
50.83000  10.68792 -5.88456  0.08069  0.00000  0.10000  0.00000  0.00000  0.00000
50.84000  10.30327 -6.73135 -0.02001  0.00000  0.10000  0.00000  0.00000  0.00000
50.85000  10.30304 -8.51349  0.24956  0.00000  0.10000  0.00000  0.00000  0.00000
50.86000  10.27606 -6.89284  0.31028  0.00000  0.10000  0.00000  0.00000  0.00000
50.87000  10.30237 -10.44171 -0.00853  0.00000  0.10000  0.00000  0.00000  0.00000
50.88000  10.34655 -10.75048  0.01649  0.00000  0.10000  0.00000  0.00000  0.00000
50.89000  10.43712 -8.02174 -0.28933  0.00000  0.10000  0.00000  0.00000  0.00000
50.90000  10.29645 -7.45465 -0.76586  0.00000  0.10000  0.00000  0.00000  0.00000
50.91000  10.17992 -9.45130 -0.71118  0.00000  0.10000  0.00000  0.00000  0.00000
50.92000  9.64025 -10.75362 -0.82630  0.00000  0.10000  0.00000  0.00000  0.00000
50.93000  9.70662 -7.83881 -1.08197  0.00000  0.10000  0.00000  0.00000  0.00000
50.94000  9.86924 -10.49818 -1.20272  0.00000  0.10000  0.00000  0.00000  0.00000
50.95000  10.08744 -11.57280 -1.34846  0.00000  0.10000  0.00000  0.00000  0.00000
50.96000  9.83796 -9.66530 -1.15350  0.00000  0.10000  0.00000  0.00000  0.00000
50.97000  9.55744 -12.26427 -1.20001  0.00000  0.10000  0.00000  0.00000  0.00000
50.98000  9.27719 -10.38399 -1.07570  0.00000  0.10000  0.00000  0.00000  0.00000
50.99000  9.07928 -10.18321 -1.19983  0.00000  0.10000  0.00000  0.00000  0.00000
51.00000  9.44158 -8.88422 -1.02261  0.00000  0.10000  0.00000  0.00000  0.00000
51.01000  9.30345 -9.49305 -0.79425  0.00000  0.10000  0.00000  0.00000  0.00000
51.02000  9.30052 -8.57794 -0.83581  0.00000  0.10000  0.00000  0.00000  0.00000
51.03000  9.37499 -8.96285 -0.44933  0.00000  0.10000  0.00000  0.00000  0.00000
51.04000  9.29873 -8.62525 -0.64798  0.00000  0.10000  0.00000  0.00000  0.00000
51.05000  9.27583 -8.86491 -0.81102  0.00000  0.10000  0.00000  0.00000  0.00000
51.06000  9.21058 -11.12752 -0.93976  0.00000  0.10000  0.00000  0.00000  0.00000
51.07000  8.93348 -8.72208 -0.68320  0.00000  0.10000  0.00000  0.00000  0.00000
51.08000  9.06512 -9.30095 -0.73403  0.00000  0.10000  0.00000  0.00000  0.00000
51.09000  9.14069 -9.55964 -0.67880  0.00000  0.10000  0.00000  0.00000  0.00000
51.10000  9.75772 -7.82295 -0.67570  0.00000  0.10000  0.00000  0.00000  0.00000
51.11000  10.24060 -6.91529 -0.72241  0.00000  0.10000  0.00000  0.00000  0.00000
51.12000  10.33342 -5.51560 -0.74583  0.00000  0.10000  0.00000  0.00000  0.00000
51.13000  9.83397 -6.23881 -0.92641  0.00000  0.10000  0.00000  0.00000  0.00000
51.14000  9.88682 -4.12558 -1.36063  0.00000  0.10000  0.00000  0.00000  0.00000
51.15000  10.21057 -3.96736 -1.52507  0.00000  0.10000  0.00000  0.00000  0.00000
51.16000  10.25213 -4.17578 -1.31696  0.00000  0.10000  0.00000  0.00000  0.00000
51.17000  10.38940 -4.28424 -1.55996  0.00000  0.10000  0.00000  0.00000  0.00000
51.18000  10.11748 -3.96179 -1.44662  0.00000  0.10000  0.00000  0.00000  0.00000
51.19000  10.51709 -4.04948 -1.29778  0.00000  0.10000  0.00000  0.00000  0.00000
51.20000  10.60750 -4.31109 -1.20860  0.00000  0.10000  0.00000  0.00000  0.00000
51.21000  10.32706 -5.72018 -1.37444  0.00000  0.10000  0.00000  0.00000  0.00000
51.22000  10.45522 -6.51097 -1.16623  0.00000  0.10000  0.00000  0.00000  0.00000
51.23000  10.34132 -4.87940 -1.21955  0.00000  0.10000  0.00000  0.00000  0.00000
51.24000  10.33627 -4.76575 -0.91349  0.00000  0.10000  0.00000  0.00000  0.00000
51.25000  10.45443 -4.22621 -0.98888  0.00000  0.10000  0.00000  0.00000  0.00000
51.26000  10.46239 -6.32477 -1.07628  0.00000  0.10000  0.00000  0.00000  0.00000
51.27000  10.61283 -6.37106 -0.83967  0.00000  0.10000  0.00000  0.00000  0.00000
51.28000  10.63394 -5.87404 -0.79968  0.00000  0.10000  0.00000  0.00000  0.00000
51.29000  10.64751 -5.29107 -1.41974  0.00000  0.10000  0.00000  0.00000  0.00000
51.30000  10.52657 -4.42926 -1.24181  0.00000  0.10000  0.00000  0.00000  0.00000
51.31000  10.90102 -4.71558 -1.05483  0.00000  0.10000  0.00000  0.00000  0.00000
51.32000  10.43585 -3.97921 -0.96435  0.00000  0.10000  0.00000  0.00000  0.00000
51.33000  10.38806 -6.48433 -0.83231  0.00000  0.10000  0.00000  0.00000  0.00000
51.34000  10.57821 -4.95753 -0.46922  0.00000  0.10000  0.00000  0.00000  0.00000
51.35000  10.08134 -4.64289 -0.58318  0.00000  0.10000  0.00000  0.00000  0.00000
51.36000  10.06863 -4.04945 -0.66034  0.00000  0.10000  0.00000  0.00000  0.00000
51.37000  10.08488 -2.02870 -0.51603  0.00000  0.10000  0.00000  0.00000  0.00000
51.38000  10.13796 -2.43118 -0.77832  0.00000  0.10000  0.00000  0.00000  0.00000
51.39000  10.47097 -1.87999 -0.59220  0.00000  0.10000  0.00000  0.00000  0.00000
51.40000  10.28443 -0.42700 -0.29404  0.00000  0.10000  0.00000  0.00000  0.00000
51.41000  10.21722 -1.14814  0.05266  0.00000  0.10000  0.00000  0.00000  0.00000
51.42000  10.74319  0.23664 -0.14919  0.00000  0.10000  0.00000  0.00000  0.00000
51.43000  10.75015 -0.50250 -0.48997  0.00000  0.10000  0.00000  0.00000  0.00000
51.44000  10.87183 -0.31326 -0.34910  0.00000  0.10000  0.00000  0.00000  0.00000
51.45000  10.65904 -0.50251 -0.05338  0.00000  0.10000  0.00000  0.00000  0.00000
51.46000  10.93645 -0.61932  0.11022  0.00000  0.10000  0.00000  0.00000  0.00000
51.47000  10.69932  0.22078  0.35597  0.00000  0.10000  0.00000  0.00000  0.00000
51.48000  10.87933 -1.37952  0.29204  0.00000  0.10000  0.00000  0.00000  0.00000
51.49000  11.02103 -1.99128  0.02328  0.00000  0.10000  0.00000  0.00000  0.00000
51.50000  11.03106  0.14086  0.07094  0.00000  0.10000  0.00000  0.00000  0.00000
51.51000  10.84377 -1.60417  0.39236  0.00000  0.10000  0.00000  0.00000  0.00000
51.52000  10.46143 -1.40968  0.33641  0.00000  0.10000  0.00000  0.00000  0.00000
51.53000  10.50085  1.96809  0.22418  0.00000  0.10000  0.00000  0.00000  0.00000
51.54000  10.48849  3.00386  0.40004  0.00000  0.10000  0.00000  0.00000  0.00000
51.55000  10.40369  3.15883  0.58604  0.00000  0.10000  0.00000  0.00000  0.00000
51.56000  10.25415  1.52632  0.46101  0.00000  0.10000  0.00000  0.00000  0.00000
51.57000  10.14776  0.76973  0.49854  0.00000  0.10000  0.00000  0.00000  0.00000
51.58000  10.01761  0.36305  0.44863  0.00000  0.10000  0.00000  0.00000  0.00000
51.59000  10.20133  0.29771  0.29492  0.00000  0.10000  0.00000  0.00000  0.00000
51.60000  10.14594  0.03584  0.14246  0.00000  0.10000  0.00000  0.00000  0.00000
51.61000  10.26653  0.23141  0.25180  0.00000  0.10000  0.00000  0.00000  0.00000
51.62000  10.44363  1.42655  0.22813  0.00000  0.10000  0.00000  0.00000  0.00000
51.63000  10.42434  2.82604 -0.20275  0.00000  0.10000  0.00000  0.00000  0.00000
51.64000  10.44974  3.04405 -0.49442  0.00000  0.10000  0.00000  0.00000  0.00000
51.65000  10.44933  3.07937 -0.55525  0.00000  0.10000  0.00000  0.00000  0.00000
51.66000  10.59833  6.06627 -0.55358  0.00000  0.10000  0.00000  0.00000  0.00000
51.67000  10.33936  4.59651 -0.23119  0.00000  0.10000  0.00000  0.00000  0.00000
51.68000  10.17498  3.27935 -0.71192  0.00000  0.10000  0.00000  0.00000  0.00000
51.69000  10.50732  3.87405 -0.74248  0.00000  0.10000  0.00000  0.00000  0.00000
51.70000  10.49187  3.50020 -1.27386  0.00000  0.10000  0.00000  0.00000  0.00000
51.71000  10.28754  3.88096 -1.22701  0.00000  0.10000  0.00000  0.00000  0.00000
51.72000  10.18652  3.30832 -0.82916  0.00000  0.10000  0.00000  0.00000  0.00000
51.73000  10.29891  2.47822 -0.79635  0.00000  0.10000  0.00000  0.00000  0.00000
51.74000  10.41765  3.66696 -0.39874  0.00000  0.10000  0.00000  0.00000  0.00000
51.75000  10.24694  3.39829 -0.45908  0.00000  0.10000  0.00000  0.00000  0.00000
51.76000  10.57213  2.77236 -0.29096  0.00000  0.10000  0.00000  0.00000  0.00000
51.77000  10.39288  2.83449 -0.10443  0.00000  0.10000  0.00000  0.00000  0.00000
51.78000  9.90095  2.91255 -0.02765  0.00000  0.10000  0.00000  0.00000  0.00000
51.79000  10.18201  4.04337  0.02639  0.00000  0.10000  0.00000  0.00000  0.00000
51.80000  10.10070  4.98682  0.13803  0.00000  0.10000  0.00000  0.00000  0.00000
51.81000  9.99641  8.09095 -0.24723  0.00000  0.10000  0.00000  0.00000  0.00000
51.82000  9.49073  8.13535 -0.85841  0.00000  0.10000  0.00000  0.00000  0.00000
51.83000  9.56609  5.90247 -0.09225  0.00000  0.10000  0.00000  0.00000  0.00000
51.84000  9.44612  6.03784 -0.13625  0.00000  0.10000  0.00000  0.00000  0.00000
51.85000  9.36921  4.82813  0.06471  0.00000  0.10000  0.00000  0.00000  0.00000
51.86000  9.64737  5.07476  0.30366  0.00000  0.10000  0.00000  0.00000  0.00000
51.87000  9.40976  6.25564 -0.18334  0.00000  0.10000  0.00000  0.00000  0.00000
51.88000  9.46242  5.01826 -0.37233  0.00000  0.10000  0.00000  0.00000  0.00000
51.89000  9.68786  3.91806 -0.82254  0.00000  0.10000  0.00000  0.00000  0.00000
51.90000  9.68382  2.64796 -1.21383  0.00000  0.10000  0.00000  0.00000  0.00000
51.91000  9.51443  5.48500 -1.19752  0.00000  0.10000  0.00000  0.00000  0.00000
51.92000  9.34206  0.54805 -1.00604  0.00000  0.10000  0.00000  0.00000  0.00000
51.93000  9.54900  1.15330 -1.04883  0.00000  0.10000  0.00000  0.00000  0.00000
51.94000  9.74140  1.33887 -1.08249  0.00000  0.10000  0.00000  0.00000  0.00000
51.95000  9.96653  0.26212 -0.73346  0.00000  0.10000  0.00000  0.00000  0.00000
51.96000  9.63003 -1.21536 -0.84727  0.00000  0.10000  0.00000  0.00000  0.00000
51.97000  9.60514  1.43695 -0.47134  0.00000  0.10000  0.00000  0.00000  0.00000
51.98000  9.59124  0.12225 -0.68321  0.00000  0.10000  0.00000  0.00000  0.00000
51.99000  9.41349 -1.08643 -0.47281  0.00000  0.10000  0.00000  0.00000  0.00000
52.00000  9.72030 -2.11428 -0.38735  0.00000  0.10000  0.00000  0.00000  0.00000
52.01000  9.42260 -0.12238  0.00027  0.00000  0.10000  0.00000  0.00000  0.00000
52.02000  9.29008 -1.10858 -0.47638  0.00000  0.10000  0.00000  0.00000  0.00000
52.03000  9.02105 -0.27828 -0.03603  0.00000  0.10000  0.00000  0.00000  0.00000
52.04000  8.76399 -1.14165 -0.30071  0.00000  0.10000  0.00000  0.00000  0.00000
52.05000  8.59584 -2.01859 -0.71824  0.00000  0.10000  0.00000  0.00000  0.00000
52.06000  8.71132 -2.96517 -0.90110  0.00000  0.10000  0.00000  0.00000  0.00000
52.07000  9.11490 -2.09346 -1.10903  0.00000  0.10000  0.00000  0.00000  0.00000
52.08000  8.95087 -1.25863 -1.03959  0.00000  0.10000  0.00000  0.00000  0.00000
52.09000  8.71356 -0.45383 -0.57082  0.00000  0.10000  0.00000  0.00000  0.00000
52.10000  9.18142  1.60664 -0.39476  0.00000  0.10000  0.00000  0.00000  0.00000
52.11000  9.36676  1.62536 -0.83462  0.00000  0.10000  0.00000  0.00000  0.00000
52.12000  9.22880  2.00173 -0.78431  0.00000  0.10000  0.00000  0.00000  0.00000
52.13000  9.13210  3.09732 -0.97766  0.00000  0.10000  0.00000  0.00000  0.00000
52.14000  8.89578  3.19245 -0.80585  0.00000  0.10000  0.00000  0.00000  0.00000
52.15000  9.03612  1.00412 -0.54452  0.00000  0.10000  0.00000  0.00000  0.00000
52.16000  9.30428  2.47602 -0.45946  0.00000  0.10000  0.00000  0.00000  0.00000
52.17000  9.15407  2.92314 -0.37141  0.00000  0.10000  0.00000  0.00000  0.00000
52.18000  9.39865  8.01678 -0.32253  0.00000  0.10000  0.00000  0.00000  0.00000
52.19000  9.41523  6.14624  0.11171  0.00000  0.10000  0.00000  0.00000  0.00000
52.20000  9.40120  3.91581  0.11296  0.00000  0.10000  0.00000  0.00000  0.00000
52.21000  9.50635  4.67661  0.12141  0.00000  0.10000  0.00000  0.00000  0.00000
52.22000  9.64382  5.37840  0.22925  0.00000  0.10000  0.00000  0.00000  0.00000
52.23000  9.72799  6.15807  0.09088  0.00000  0.10000  0.00000  0.00000  0.00000
52.24000  9.74098  5.90620 -0.15990  0.00000  0.10000  0.00000  0.00000  0.00000
52.25000  9.62005  5.26037 -0.44099  0.00000  0.10000  0.00000  0.00000  0.00000
52.26000  9.56838  5.51768 -0.13252  0.00000  0.10000  0.00000  0.00000  0.00000
52.27000  9.32580  6.00003 -0.14180  0.00000  0.10000  0.00000  0.00000  0.00000
52.28000  9.17930  5.85592 -0.53033  0.00000  0.10000  0.00000  0.00000  0.00000
52.29000  8.95553  5.43361 -0.35262  0.00000  0.10000  0.00000  0.00000  0.00000
52.30000  8.85112  3.14221 -0.41846  0.00000  0.10000  0.00000  0.00000  0.00000
52.31000  8.96489  2.54262 -0.77797  0.00000  0.10000  0.00000  0.00000  0.00000
52.32000  9.00952  3.77454 -0.36762  0.00000  0.10000  0.00000  0.00000  0.00000
52.33000  8.85522  4.72415 -0.79524  0.00000  0.10000  0.00000  0.00000  0.00000
52.34000  9.15465  4.91352 -0.94207  0.00000  0.10000  0.00000  0.00000  0.00000
52.35000  9.20071  5.71779 -0.66789  0.00000  0.10000  0.00000  0.00000  0.00000
52.36000  9.29773  3.89723 -0.83399  0.00000  0.10000  0.00000  0.00000  0.00000
52.37000  9.36345  4.20682 -0.37994  0.00000  0.10000  0.00000  0.00000  0.00000
52.38000  9.34209  6.17348 -0.48699  0.00000  0.10000  0.00000  0.00000  0.00000
52.39000  9.32554  6.57593 -0.30878  0.00000  0.10000  0.00000  0.00000  0.00000
52.40000  9.06986  4.88757 -0.42488  0.00000  0.10000  0.00000  0.00000  0.00000
52.41000  9.31332  5.70462 -0.54693  0.00000  0.10000  0.00000  0.00000  0.00000
52.42000  9.49643  6.79180 -0.69985  0.00000  0.10000  0.00000  0.00000  0.00000
52.43000  9.64624  7.15764 -0.56642  0.00000  0.10000  0.00000  0.00000  0.00000
52.44000  9.66577  9.29658 -0.55806  0.00000  0.10000  0.00000  0.00000  0.00000
52.45000  9.80285  10.00377 -0.95441  0.00000  0.10000  0.00000  0.00000  0.00000
52.46000  9.81488  10.20724 -1.27005  0.00000  0.10000  0.00000  0.00000  0.00000
52.47000  9.98297  10.07748 -0.86773  0.00000  0.10000  0.00000  0.00000  0.00000
52.48000  10.13838  10.05635 -1.00995  0.00000  0.10000  0.00000  0.00000  0.00000
52.49000  10.29880  8.59848 -0.98247  0.00000  0.10000  0.00000  0.00000  0.00000
52.50000  9.82686  12.14921 -1.32843  0.00000  0.10000  0.00000  0.00000  0.00000
52.51000  10.30414  9.96375 -1.21113  0.00000  0.10000  0.00000  0.00000  0.00000
52.52000  10.58525  10.70051 -1.18081  0.00000  0.10000  0.00000  0.00000  0.00000
52.53000  10.08985  8.41918 -0.89272  0.00000  0.10000  0.00000  0.00000  0.00000
52.54000  10.27745  9.57602 -1.36235  0.00000  0.10000  0.00000  0.00000  0.00000
52.55000  10.33192  8.62034 -1.46164  0.00000  0.10000  0.00000  0.00000  0.00000
52.56000  10.21244  9.63463 -0.95763  0.00000  0.10000  0.00000  0.00000  0.00000
52.57000  10.18952  6.96969 -1.30797  0.00000  0.10000  0.00000  0.00000  0.00000
52.58000  10.09251  9.28047 -1.43233  0.00000  0.10000  0.00000  0.00000  0.00000
52.59000  10.74269  7.64459 -1.67899  0.00000  0.10000  0.00000  0.00000  0.00000
52.60000  10.45357  9.68521 -1.34395  0.00000  0.10000  0.00000  0.00000  0.00000
52.61000  10.67698  7.82806 -1.43472  0.00000  0.10000  0.00000  0.00000  0.00000
52.62000  10.45873  6.72448 -1.02067  0.00000  0.10000  0.00000  0.00000  0.00000
52.63000  10.56174  7.86438 -1.09523  0.00000  0.10000  0.00000  0.00000  0.00000
52.64000  10.21584  7.61552 -1.14923  0.00000  0.10000  0.00000  0.00000  0.00000
52.65000  9.97096  8.14572 -1.18923  0.00000  0.10000  0.00000  0.00000  0.00000
52.66000  10.00445  9.12329 -0.88595  0.00000  0.10000  0.00000  0.00000  0.00000
52.67000  9.69193  9.88889 -0.63548  0.00000  0.10000  0.00000  0.00000  0.00000
52.68000  9.29180  7.17689 -0.21166  0.00000  0.10000  0.00000  0.00000  0.00000
52.69000  9.19679  6.85565 -0.36319  0.00000  0.10000  0.00000  0.00000  0.00000
52.70000  9.40066  7.38325 -0.27148  0.00000  0.10000  0.00000  0.00000  0.00000
52.71000  9.52442  4.96777 -0.50187  0.00000  0.10000  0.00000  0.00000  0.00000
52.72000  9.62235  4.14023 -0.35622  0.00000  0.10000  0.00000  0.00000  0.00000
52.73000  9.19758  6.56268 -0.69768  0.00000  0.10000  0.00000  0.00000  0.00000
52.74000  9.25325  3.73588 -1.15901  0.00000  0.10000  0.00000  0.00000  0.00000
52.75000  8.90681  2.96298 -0.83769  0.00000  0.10000  0.00000  0.00000  0.00000
52.76000  8.70256  3.93328 -0.78552  0.00000  0.10000  0.00000  0.00000  0.00000
52.77000  8.38639  1.14742 -0.90934  0.00000  0.10000  0.00000  0.00000  0.00000
52.78000  8.38368  1.17770 -0.42011  0.00000  0.10000  0.00000  0.00000  0.00000
52.79000  8.66881 -0.77578 -0.44569  0.00000  0.10000  0.00000  0.00000  0.00000
52.80000  8.56502  0.67657 -0.45382  0.00000  0.10000  0.00000  0.00000  0.00000
52.81000  8.53984  0.57456 -0.52682  0.00000  0.10000  0.00000  0.00000  0.00000
52.82000  8.44242  2.67065 -0.41704  0.00000  0.10000  0.00000  0.00000  0.00000
52.83000  8.45716  3.41799 -0.43765  0.00000  0.10000  0.00000  0.00000  0.00000
52.84000  8.70367  3.53523 -0.13680  0.00000  0.10000  0.00000  0.00000  0.00000
52.85000  8.57525  1.08759 -0.02669  0.00000  0.10000  0.00000  0.00000  0.00000
52.86000  8.61262  1.11528  0.30267  0.00000  0.10000  0.00000  0.00000  0.00000
52.87000  8.26907  0.08317  0.03188  0.00000  0.10000  0.00000  0.00000  0.00000
52.88000  8.18614  1.86626 -0.06526  0.00000  0.10000  0.00000  0.00000  0.00000
52.89000  8.31291  3.76019 -0.04443  0.00000  0.10000  0.00000  0.00000  0.00000
52.90000  8.29319  2.83726  0.10628  0.00000  0.10000  0.00000  0.00000  0.00000
52.91000  8.12687  1.47353 -0.28278  0.00000  0.10000  0.00000  0.00000  0.00000
52.92000  8.50016  2.41905  0.05377  0.00000  0.10000  0.00000  0.00000  0.00000
52.93000  8.04161 -0.73309 -0.67598  0.00000  0.10000  0.00000  0.00000  0.00000
52.94000  8.24570  1.36948 -1.03204  0.00000  0.10000  0.00000  0.00000  0.00000
52.95000  8.15326  2.54542 -0.83386  0.00000  0.10000  0.00000  0.00000  0.00000
52.96000  8.26228  0.32773 -0.79756  0.00000  0.10000  0.00000  0.00000  0.00000
52.97000  8.60486 -0.68388 -0.70732  0.00000  0.10000  0.00000  0.00000  0.00000
52.98000  8.35515 -1.04274 -0.72618  0.00000  0.10000  0.00000  0.00000  0.00000
52.99000  8.88455  2.01431 -0.91982  0.00000  0.10000  0.00000  0.00000  0.00000
53.00000  8.74740  0.48125 -0.52869  0.00000  0.10000  0.00000  0.00000  0.00000
53.01000  8.66976  0.86501 -0.94577  0.00000  0.10000  0.00000  0.00000  0.00000
53.02000  8.88781  1.26513 -0.89039  0.00000  0.10000  0.00000  0.00000  0.00000
53.03000  9.05399  1.85771 -1.33832  0.00000  0.10000  0.00000  0.00000  0.00000
53.04000  9.01940  0.12283 -1.40710  0.00000  0.10000  0.00000  0.00000  0.00000
53.05000  9.23352  1.45794 -1.40973  0.00000  0.10000  0.00000  0.00000  0.00000
53.06000  9.16616 -0.25941 -1.42172  0.00000  0.10000  0.00000  0.00000  0.00000
53.07000  9.31651 -0.23753 -1.33058  0.00000  0.10000  0.00000  0.00000  0.00000
53.08000  9.47442 -0.19713 -1.35600  0.00000  0.10000  0.00000  0.00000  0.00000
53.09000  9.47438 -0.65146 -0.96748  0.00000  0.10000  0.00000  0.00000  0.00000
53.10000  9.35216 -1.16269 -1.10540  0.00000  0.10000  0.00000  0.00000  0.00000
53.11000  9.15301 -2.04659 -1.33865  0.00000  0.10000  0.00000  0.00000  0.00000
53.12000  9.34782 -2.19663 -0.97042  0.00000  0.10000  0.00000  0.00000  0.00000
53.13000  9.35106 -3.41124 -0.82809  0.00000  0.10000  0.00000  0.00000  0.00000
53.14000  9.03899 -3.67253 -0.83830  0.00000  0.10000  0.00000  0.00000  0.00000
53.15000  9.02483 -2.61976 -0.49327  0.00000  0.10000  0.00000  0.00000  0.00000
53.16000  9.02179 -2.59230 -0.53625  0.00000  0.10000  0.00000  0.00000  0.00000
53.17000  8.74275  0.49098 -0.44696  0.00000  0.10000  0.00000  0.00000  0.00000
53.18000  9.11306  0.85941 -0.49598  0.00000  0.10000  0.00000  0.00000  0.00000
53.19000  9.04059 -1.46850 -0.72194  0.00000  0.10000  0.00000  0.00000  0.00000
53.20000  8.65275 -3.02419 -0.30380  0.00000  0.10000  0.00000  0.00000  0.00000
53.21000  8.58202 -1.74919 -0.06487  0.00000  0.10000  0.00000  0.00000  0.00000
53.22000  8.64748 -3.05955 -0.18964  0.00000  0.10000  0.00000  0.00000  0.00000
53.23000  8.67076 -5.95534 -0.51788  0.00000  0.10000  0.00000  0.00000  0.00000
53.24000  8.68301 -3.83948 -0.19010  0.00000  0.10000  0.00000  0.00000  0.00000
53.25000  8.47424 -2.54046 -0.87825  0.00000  0.10000  0.00000  0.00000  0.00000
53.26000  8.79573 -3.86854 -0.78319  0.00000  0.10000  0.00000  0.00000  0.00000
53.27000  8.70654 -3.70762 -0.84677  0.00000  0.10000  0.00000  0.00000  0.00000
53.28000  8.68540 -2.82334 -0.71162  0.00000  0.10000  0.00000  0.00000  0.00000
53.29000  8.90475 -3.30406 -0.01710  0.00000  0.10000  0.00000  0.00000  0.00000
53.30000  8.96274 -2.95124  0.03621  0.00000  0.10000  0.00000  0.00000  0.00000
53.31000  9.00076 -2.60364 -0.26318  0.00000  0.10000  0.00000  0.00000  0.00000
53.32000  9.20504 -3.35186 -0.21401  0.00000  0.10000  0.00000  0.00000  0.00000
53.33000  9.07453 -2.85720  0.09390  0.00000  0.10000  0.00000  0.00000  0.00000
53.34000  9.29133 -0.53802 -0.24098  0.00000  0.10000  0.00000  0.00000  0.00000
53.35000  9.67973 -0.76243 -0.51195  0.00000  0.10000  0.00000  0.00000  0.00000
53.36000  9.58177 -2.56441 -1.06866  0.00000  0.10000  0.00000  0.00000  0.00000
53.37000  9.68495 -2.85238 -0.56260  0.00000  0.10000  0.00000  0.00000  0.00000
53.38000  9.69004 -6.19995 -0.32638  0.00000  0.10000  0.00000  0.00000  0.00000
53.39000  9.58868 -2.45351 -0.39151  0.00000  0.10000  0.00000  0.00000  0.00000
53.40000  9.44964 -3.25667 -0.39223  0.00000  0.10000  0.00000  0.00000  0.00000
53.41000  9.51370 -3.08675 -0.97415  0.00000  0.10000  0.00000  0.00000  0.00000
53.42000  9.42383 -3.60631 -1.10037  0.00000  0.10000  0.00000  0.00000  0.00000
53.43000  9.50345 -2.95632 -0.99345  0.00000  0.10000  0.00000  0.00000  0.00000
53.44000  9.57504 -0.73912 -1.00701  0.00000  0.10000  0.00000  0.00000  0.00000
53.45000  9.51353  1.89136 -1.09841  0.00000  0.10000  0.00000  0.00000  0.00000
53.46000  9.53927  0.28309 -0.90780  0.00000  0.10000  0.00000  0.00000  0.00000
53.47000  9.08721  1.19384 -0.53974  0.00000  0.10000  0.00000  0.00000  0.00000
53.48000  9.25207 -0.60073 -0.70961  0.00000  0.10000  0.00000  0.00000  0.00000
53.49000  9.12243 -0.73992 -0.37997  0.00000  0.10000  0.00000  0.00000  0.00000
53.50000  9.28155 -0.13349 -0.53195  0.00000  0.10000  0.00000  0.00000  0.00000
53.51000  9.10664 -1.23036 -0.37046  0.00000  0.10000  0.00000  0.00000  0.00000
53.52000  9.00241 -0.71878 -0.01326  0.00000  0.10000  0.00000  0.00000  0.00000
53.53000  9.03472 -0.93922 -0.04249  0.00000  0.10000  0.00000  0.00000  0.00000
53.54000  9.15955 -2.28496  0.34541  0.00000  0.10000  0.00000  0.00000  0.00000
53.55000  8.91415 -2.41525  0.36440  0.00000  0.10000  0.00000  0.00000  0.00000
53.56000  9.20012 -1.97980  0.36311  0.00000  0.10000  0.00000  0.00000  0.00000
53.57000  9.12608 -1.19896  0.62213  0.00000  0.10000  0.00000  0.00000  0.00000
53.58000  9.05568 -0.65761  0.19275  0.00000  0.10000  0.00000  0.00000  0.00000
53.59000  9.71667 -2.86204  0.22531  0.00000  0.10000  0.00000  0.00000  0.00000
53.60000  9.60721 -3.25815  0.47816  0.00000  0.10000  0.00000  0.00000  0.00000
53.61000  9.56630 -1.82716  0.52010  0.00000  0.10000  0.00000  0.00000  0.00000
53.62000  9.61386 -1.99516  0.52833  0.00000  0.10000  0.00000  0.00000  0.00000
53.63000  9.65051 -0.36347  0.24911  0.00000  0.10000  0.00000  0.00000  0.00000
53.64000  9.68960 -2.78967  0.04946  0.00000  0.10000  0.00000  0.00000  0.00000
53.65000  9.54370 -1.67241  0.12920  0.00000  0.10000  0.00000  0.00000  0.00000
53.66000  9.51101 -1.45601  0.03811  0.00000  0.10000  0.00000  0.00000  0.00000
53.67000  9.52762  0.35235  0.10522  0.00000  0.10000  0.00000  0.00000  0.00000
53.68000  9.32755  1.30324 -0.22205  0.00000  0.10000  0.00000  0.00000  0.00000
53.69000  9.23234  1.84295  0.12210  0.00000  0.10000  0.00000  0.00000  0.00000
53.70000  9.29347  0.64351  0.14699  0.00000  0.10000  0.00000  0.00000  0.00000
53.71000  8.90600 -0.58833 -0.15168  0.00000  0.10000  0.00000  0.00000  0.00000
53.72000  9.04580  0.24255 -0.26758  0.00000  0.10000  0.00000  0.00000  0.00000
53.73000  9.15735  1.88499 -0.09957  0.00000  0.10000  0.00000  0.00000  0.00000
53.74000  9.29427 -0.34559 -0.73469  0.00000  0.10000  0.00000  0.00000  0.00000
53.75000  9.22075 -3.11431 -0.56123  0.00000  0.10000  0.00000  0.00000  0.00000
53.76000  9.56083 -0.98651 -0.21468  0.00000  0.10000  0.00000  0.00000  0.00000
53.77000  9.09989 -1.32440 -0.16775  0.00000  0.10000  0.00000  0.00000  0.00000
53.78000  9.40044 -1.67483 -0.17613  0.00000  0.10000  0.00000  0.00000  0.00000
53.79000  9.13403 -3.47092 -0.46254  0.00000  0.10000  0.00000  0.00000  0.00000
53.80000  8.95627 -4.17324 -0.67781  0.00000  0.10000  0.00000  0.00000  0.00000
53.81000  9.05706 -5.29066 -0.52435  0.00000  0.10000  0.00000  0.00000  0.00000
53.82000  8.82052 -2.15665 -0.65835  0.00000  0.10000  0.00000  0.00000  0.00000
53.83000  8.77206 -4.98682 -0.71611  0.00000  0.10000  0.00000  0.00000  0.00000
53.84000  9.21402 -3.62518 -0.26846  0.00000  0.10000  0.00000  0.00000  0.00000
53.85000  8.88032 -5.51500 -0.03353  0.00000  0.10000  0.00000  0.00000  0.00000
53.86000  9.49288 -7.44259 -0.03646  0.00000  0.10000  0.00000  0.00000  0.00000
53.87000  9.59634 -9.27708 -0.11941  0.00000  0.10000  0.00000  0.00000  0.00000
53.88000  9.62403 -8.56346 -0.16491  0.00000  0.10000  0.00000  0.00000  0.00000
53.89000  9.75456 -9.93529 -0.22746  0.00000  0.10000  0.00000  0.00000  0.00000
53.90000  9.93114 -9.14846  0.03183  0.00000  0.10000  0.00000  0.00000  0.00000
53.91000  10.08847 -8.48535 -0.06492  0.00000  0.10000  0.00000  0.00000  0.00000
53.92000  9.93956 -7.24115  0.25135  0.00000  0.10000  0.00000  0.00000  0.00000
53.93000  10.08813 -7.53858  0.27810  0.00000  0.10000  0.00000  0.00000  0.00000
53.94000  10.00735 -7.24705  0.41661  0.00000  0.10000  0.00000  0.00000  0.00000
53.95000  9.78002 -5.94455  0.91914  0.00000  0.10000  0.00000  0.00000  0.00000
53.96000  9.90691 -5.33426  1.12788  0.00000  0.10000  0.00000  0.00000  0.00000
53.97000  10.27222 -5.25935  1.14109  0.00000  0.10000  0.00000  0.00000  0.00000
53.98000  10.24800 -7.38651  1.36084  0.00000  0.10000  0.00000  0.00000  0.00000
53.99000  10.37032 -7.46229  1.32002  0.00000  0.10000  0.00000  0.00000  0.00000
54.00000  10.19818 -4.94700  1.57402  0.00000  0.10000  0.00000  0.00000  0.00000
54.01000  10.68760 -7.49253  1.35028  0.00000  0.10000  0.00000  0.00000  0.00000
54.02000  11.11905 -7.09280  2.03590  0.00000  0.10000  0.00000  0.00000  0.00000
54.03000  11.39421 -6.60814  1.64917  0.00000  0.10000  0.00000  0.00000  0.00000
54.04000  11.70333 -7.10443  1.62219  0.00000  0.10000  0.00000  0.00000  0.00000
54.05000  11.54621 -6.28601  1.87390  0.00000  0.10000  0.00000  0.00000  0.00000
54.06000  11.59215 -6.51358  1.98435  0.00000  0.10000  0.00000  0.00000  0.00000
54.07000  11.66414 -5.46645  1.51725  0.00000  0.10000  0.00000  0.00000  0.00000
54.08000  11.67119 -5.62894  1.54506  0.00000  0.10000  0.00000  0.00000  0.00000
54.09000  11.41964 -5.17474  1.62156  0.00000  0.10000  0.00000  0.00000  0.00000
54.10000  11.32106 -4.79089  1.43245  0.00000  0.10000  0.00000  0.00000  0.00000
54.11000  11.13391 -5.12389  1.50879  0.00000  0.10000  0.00000  0.00000  0.00000
54.12000  11.22605 -3.21113  1.64966  0.00000  0.10000  0.00000  0.00000  0.00000
54.13000  11.54303 -3.33871  1.60489  0.00000  0.10000  0.00000  0.00000  0.00000
54.14000  11.36090 -4.07417  1.43866  0.00000  0.10000  0.00000  0.00000  0.00000
54.15000  11.38353 -5.86858  1.20364  0.00000  0.10000  0.00000  0.00000  0.00000
54.16000  11.10859 -4.09998  1.59021  0.00000  0.10000  0.00000  0.00000  0.00000
54.17000  11.55399 -4.15395  1.50008  0.00000  0.10000  0.00000  0.00000  0.00000
54.18000  11.35809 -2.87725  1.53824  0.00000  0.10000  0.00000  0.00000  0.00000
54.19000  11.32764 -3.63405  1.59118  0.00000  0.10000  0.00000  0.00000  0.00000
54.20000  11.35534 -3.90271  1.38954  0.00000  0.10000  0.00000  0.00000  0.00000
54.21000  11.70135 -5.11006  1.92365  0.00000  0.10000  0.00000  0.00000  0.00000
54.22000  11.45417 -4.06031  1.92308  0.00000  0.10000  0.00000  0.00000  0.00000
54.23000  11.46278 -4.84130  1.55512  0.00000  0.10000  0.00000  0.00000  0.00000
54.24000  11.35550 -5.77867  1.33458  0.00000  0.10000  0.00000  0.00000  0.00000
54.25000  11.52271 -5.92729  1.56165  0.00000  0.10000  0.00000  0.00000  0.00000
54.26000  11.44349 -6.89425  1.89260  0.00000  0.10000  0.00000  0.00000  0.00000
54.27000  11.54065 -4.01368  1.43606  0.00000  0.10000  0.00000  0.00000  0.00000
54.28000  11.74670 -4.40249  1.43857  0.00000  0.10000  0.00000  0.00000  0.00000
54.29000  11.72465 -5.06931  1.39871  0.00000  0.10000  0.00000  0.00000  0.00000
54.30000  11.59021 -5.19347  1.94891  0.00000  0.10000  0.00000  0.00000  0.00000
54.31000  11.70215 -4.41185  1.26150  0.00000  0.10000  0.00000  0.00000  0.00000
54.32000  11.73434 -3.69841  1.31252  0.00000  0.10000  0.00000  0.00000  0.00000
54.33000  11.73375 -1.95491  1.58450  0.00000  0.10000  0.00000  0.00000  0.00000
54.34000  11.84185 -4.39596  1.59098  0.00000  0.10000  0.00000  0.00000  0.00000
54.35000  11.75211 -4.94204  1.58330  0.00000  0.10000  0.00000  0.00000  0.00000
54.36000  11.33911 -6.12919  1.69572  0.00000  0.10000  0.00000  0.00000  0.00000
54.37000  11.51587 -5.01110  1.70474  0.00000  0.10000  0.00000  0.00000  0.00000
54.38000  11.40354 -6.83821  1.54558  0.00000  0.10000  0.00000  0.00000  0.00000
54.39000  11.37941 -4.68866  1.53092  0.00000  0.10000  0.00000  0.00000  0.00000
54.40000  11.50297 -3.35394  1.24045  0.00000  0.10000  0.00000  0.00000  0.00000
54.41000  11.51648 -4.37559  1.35814  0.00000  0.10000  0.00000  0.00000  0.00000
54.42000  11.83670 -1.49500  1.99633  0.00000  0.10000  0.00000  0.00000  0.00000
54.43000  12.09879 -4.07005  1.91472  0.00000  0.10000  0.00000  0.00000  0.00000
54.44000  12.10526 -5.57990  1.98226  0.00000  0.10000  0.00000  0.00000  0.00000
54.45000  11.75847 -3.61881  2.10102  0.00000  0.10000  0.00000  0.00000  0.00000
54.46000  11.65242 -5.71201  1.77152  0.00000  0.10000  0.00000  0.00000  0.00000
54.47000  11.56415 -4.92750  1.66898  0.00000  0.10000  0.00000  0.00000  0.00000
54.48000  11.55626 -5.02374  1.79273  0.00000  0.10000  0.00000  0.00000  0.00000
54.49000  11.74779 -4.03298  1.59854  0.00000  0.10000  0.00000  0.00000  0.00000
54.50000  11.93248 -4.99333  1.71244  0.00000  0.10000  0.00000  0.00000  0.00000
54.51000  11.94966 -3.35086  1.89938  0.00000  0.10000  0.00000  0.00000  0.00000
54.52000  12.32438 -2.46809  1.93679  0.00000  0.10000  0.00000  0.00000  0.00000
54.53000  12.37695 -2.68528  1.88577  0.00000  0.10000  0.00000  0.00000  0.00000
54.54000  12.43098 -0.21193  1.62872  0.00000  0.10000  0.00000  0.00000  0.00000
54.55000  12.42806 -2.37078  1.83030  0.00000  0.10000  0.00000  0.00000  0.00000
54.56000  12.04565 -2.89600  1.22166  0.00000  0.10000  0.00000  0.00000  0.00000
54.57000  12.52243 -2.51196  1.15969  0.00000  0.10000  0.00000  0.00000  0.00000
54.58000  12.68815 -4.62352  1.12415  0.00000  0.10000  0.00000  0.00000  0.00000
54.59000  12.69118 -4.92330  1.34070  0.00000  0.10000  0.00000  0.00000  0.00000
54.60000  12.62344 -4.40857  1.56422  0.00000  0.10000  0.00000  0.00000  0.00000
54.61000  12.24393 -5.05819  1.46721  0.00000  0.10000  0.00000  0.00000  0.00000
54.62000  12.24526 -3.74396  1.41698  0.00000  0.10000  0.00000  0.00000  0.00000
54.63000  12.26586 -1.69411  1.39019  0.00000  0.10000  0.00000  0.00000  0.00000
54.64000  12.01003 -2.81939  1.60838  0.00000  0.10000  0.00000  0.00000  0.00000
54.65000  11.97592 -4.30515  1.48698  0.00000  0.10000  0.00000  0.00000  0.00000
54.66000  11.69396 -4.36005  1.50248  0.00000  0.10000  0.00000  0.00000  0.00000
54.67000  11.72861 -3.75636  1.54227  0.00000  0.10000  0.00000  0.00000  0.00000
54.68000  11.50717 -3.93919  1.39733  0.00000  0.10000  0.00000  0.00000  0.00000
54.69000  12.18108 -5.14403  1.50364  0.00000  0.10000  0.00000  0.00000  0.00000
54.70000  11.76716 -6.09168  1.06028  0.00000  0.10000  0.00000  0.00000  0.00000
54.71000  11.86161 -5.88810  1.15937  0.00000  0.10000  0.00000  0.00000  0.00000
54.72000  11.87067 -7.44005  1.27959  0.00000  0.10000  0.00000  0.00000  0.00000
54.73000  11.81663 -8.61982  1.10088  0.00000  0.10000  0.00000  0.00000  0.00000
54.74000  11.68950 -6.92256  0.72105  0.00000  0.10000  0.00000  0.00000  0.00000
54.75000  11.77951 -6.73654  0.57173  0.00000  0.10000  0.00000  0.00000  0.00000
54.76000  11.72349 -7.04892  0.65880  0.00000  0.10000  0.00000  0.00000  0.00000
54.77000  11.72928 -7.55357  0.81614  0.00000  0.10000  0.00000  0.00000  0.00000
54.78000  11.97530 -6.57958  0.77396  0.00000  0.10000  0.00000  0.00000  0.00000
54.79000  12.12833 -5.95623  0.44446  0.00000  0.10000  0.00000  0.00000  0.00000
54.80000  11.89303 -4.35693  0.75186  0.00000  0.10000  0.00000  0.00000  0.00000
54.81000  11.93248 -4.71691  1.02032  0.00000  0.10000  0.00000  0.00000  0.00000
54.82000  11.72553 -5.06319  0.39932  0.00000  0.10000  0.00000  0.00000  0.00000
54.83000  12.22748 -4.47153  0.36519  0.00000  0.10000  0.00000  0.00000  0.00000
54.84000  12.03214 -3.87331  0.79071  0.00000  0.10000  0.00000  0.00000  0.00000
54.85000  12.00213 -4.59808  0.56708  0.00000  0.10000  0.00000  0.00000  0.00000
54.86000  12.33536 -5.11431  0.52116  0.00000  0.10000  0.00000  0.00000  0.00000
54.87000  12.36974 -4.21290  0.64495  0.00000  0.10000  0.00000  0.00000  0.00000
54.88000  12.21102 -4.32100  0.51846  0.00000  0.10000  0.00000  0.00000  0.00000
54.89000  11.96179 -4.73391  0.76331  0.00000  0.10000  0.00000  0.00000  0.00000
54.90000  11.74530 -5.74133  0.80175  0.00000  0.10000  0.00000  0.00000  0.00000
54.91000  12.22002 -6.92730  1.08252  0.00000  0.10000  0.00000  0.00000  0.00000
54.92000  11.94385 -5.27787  1.17474  0.00000  0.10000  0.00000  0.00000  0.00000
54.93000  11.95453 -5.50394  1.07213  0.00000  0.10000  0.00000  0.00000  0.00000
54.94000  11.79666 -3.12358  1.11035  0.00000  0.10000  0.00000  0.00000  0.00000
54.95000  11.85594 -3.72996  1.25160  0.00000  0.10000  0.00000  0.00000  0.00000
54.96000  11.68128 -2.57003  1.45508  0.00000  0.10000  0.00000  0.00000  0.00000
54.97000  11.43720 -3.25189  0.85734  0.00000  0.10000  0.00000  0.00000  0.00000
54.98000  11.72479 -4.60342  1.07040  0.00000  0.10000  0.00000  0.00000  0.00000
54.99000  12.05967 -4.68277  1.29967  0.00000  0.10000  0.00000  0.00000  0.00000
55.00000  12.35441 -5.58883  1.06248  0.00000  0.10000  0.00000  0.00000  0.00000
55.01000  12.09273 -5.87817  1.08326  0.00000  0.10000  0.00000  0.00000  0.00000
55.02000  11.92561 -4.98543  1.02785  0.00000  0.10000  0.00000  0.00000  0.00000
55.03000  12.15710 -6.94063  1.57843  0.00000  0.10000  0.00000  0.00000  0.00000
55.04000  12.21810 -5.73055  1.18370  0.00000  0.10000  0.00000  0.00000  0.00000
55.05000  12.38988 -6.72751  0.92100  0.00000  0.10000  0.00000  0.00000  0.00000
55.06000  12.40148 -4.56991  0.73428  0.00000  0.10000  0.00000  0.00000  0.00000
55.07000  12.35322 -4.59803  0.68028  0.00000  0.10000  0.00000  0.00000  0.00000
55.08000  12.23778 -5.63223  0.77350  0.00000  0.10000  0.00000  0.00000  0.00000
55.09000  12.06647 -6.76342  0.54319  0.00000  0.10000  0.00000  0.00000  0.00000
55.10000  12.30608 -7.49160  0.38802  0.00000  0.10000  0.00000  0.00000  0.00000
55.11000  12.50538 -8.44446  0.24720  0.00000  0.10000  0.00000  0.00000  0.00000
55.12000  12.10494 -8.31048  0.70296  0.00000  0.10000  0.00000  0.00000  0.00000
55.13000  11.98544 -9.13994  0.83852  0.00000  0.10000  0.00000  0.00000  0.00000
55.14000  12.18865 -7.73069  1.27250  0.00000  0.10000  0.00000  0.00000  0.00000
55.15000  12.32029 -7.28789  1.01697  0.00000  0.10000  0.00000  0.00000  0.00000
55.16000  12.60869 -6.83202  1.01001  0.00000  0.10000  0.00000  0.00000  0.00000
55.17000  12.40160 -7.62712  0.80639  0.00000  0.10000  0.00000  0.00000  0.00000
55.18000  12.84969 -6.32996  0.97206  0.00000  0.10000  0.00000  0.00000  0.00000
55.19000  13.08906 -6.31529  0.93461  0.00000  0.10000  0.00000  0.00000  0.00000
55.20000  12.95165 -4.68772  0.63369  0.00000  0.10000  0.00000  0.00000  0.00000
55.21000  13.14913 -4.33959  0.72342  0.00000  0.10000  0.00000  0.00000  0.00000
55.22000  12.86666 -4.78246  0.93559  0.00000  0.10000  0.00000  0.00000  0.00000
55.23000  13.04681 -6.19862  0.52815  0.00000  0.10000  0.00000  0.00000  0.00000
55.24000  13.16129 -4.34584  0.23122  0.00000  0.10000  0.00000  0.00000  0.00000
55.25000  13.33040 -3.91172  0.54777  0.00000  0.10000  0.00000  0.00000  0.00000
55.26000  13.02908 -4.84850  0.57734  0.00000  0.10000  0.00000  0.00000  0.00000
55.27000  13.39366 -5.39632  0.80838  0.00000  0.10000  0.00000  0.00000  0.00000
55.28000  13.37363 -4.63295  0.28902  0.00000  0.10000  0.00000  0.00000  0.00000
55.29000  13.39486 -2.66746  0.65623  0.00000  0.10000  0.00000  0.00000  0.00000
55.30000  13.11477 -2.37716  0.33013  0.00000  0.10000  0.00000  0.00000  0.00000
55.31000  13.30909 -2.14781  0.47923  0.00000  0.10000  0.00000  0.00000  0.00000
55.32000  13.29905 -2.01527  0.59463  0.00000  0.10000  0.00000  0.00000  0.00000
55.33000  12.91619 -4.03082  0.97173  0.00000  0.10000  0.00000  0.00000  0.00000
55.34000  12.86007 -3.84276  1.22357  0.00000  0.10000  0.00000  0.00000  0.00000
55.35000  12.95410 -2.46758  1.01169  0.00000  0.10000  0.00000  0.00000  0.00000
55.36000  12.72231 -3.19317  1.05675  0.00000  0.10000  0.00000  0.00000  0.00000
55.37000  12.76442 -2.39882  1.30611  0.00000  0.10000  0.00000  0.00000  0.00000
55.38000  12.65093 -1.72836  1.42658  0.00000  0.10000  0.00000  0.00000  0.00000
55.39000  12.71420 -1.03515  1.76191  0.00000  0.10000  0.00000  0.00000  0.00000
55.40000  12.99409 -3.11541  1.82866  0.00000  0.10000  0.00000  0.00000  0.00000
55.41000  13.07215 -3.12114  1.85355  0.00000  0.10000  0.00000  0.00000  0.00000
55.42000  13.44069 -2.91955  1.67855  0.00000  0.10000  0.00000  0.00000  0.00000
55.43000  13.07976 -3.41317  1.65549  0.00000  0.10000  0.00000  0.00000  0.00000
55.44000  13.42095 -1.06327  1.73875  0.00000  0.10000  0.00000  0.00000  0.00000
55.45000  13.82617 -2.07813  1.68144  0.00000  0.10000  0.00000  0.00000  0.00000
55.46000  14.11276 -2.00369  1.73320  0.00000  0.10000  0.00000  0.00000  0.00000
55.47000  14.34405 -0.41104  1.77631  0.00000  0.10000  0.00000  0.00000  0.00000
55.48000  14.47291 -0.06088  1.87451  0.00000  0.10000  0.00000  0.00000  0.00000
55.49000  14.30225  1.39024  1.84246  0.00000  0.10000  0.00000  0.00000  0.00000
55.50000  14.09935  0.54478  1.79927  0.00000  0.10000  0.00000  0.00000  0.00000
55.51000  14.36233  1.02715  1.82215  0.00000  0.10000  0.00000  0.00000  0.00000
55.52000  14.31149  0.85903  1.78559  0.00000  0.10000  0.00000  0.00000  0.00000
55.53000  14.02913 -0.16472  2.10854  0.00000  0.10000  0.00000  0.00000  0.00000
55.54000  13.60724  0.37165  2.07137  0.00000  0.10000  0.00000  0.00000  0.00000
55.55000  13.72819 -0.55970  2.08497  0.00000  0.10000  0.00000  0.00000  0.00000
55.56000  13.94352  0.30924  1.93206  0.00000  0.10000  0.00000  0.00000  0.00000
55.57000  13.81312  0.03489  1.83531  0.00000  0.10000  0.00000  0.00000  0.00000
55.58000  13.85242 -0.34211  1.61967  0.00000  0.10000  0.00000  0.00000  0.00000
55.59000  13.99891 -2.70226  1.65210  0.00000  0.10000  0.00000  0.00000  0.00000
55.60000  13.76428 -3.60985  1.15577  0.00000  0.10000  0.00000  0.00000  0.00000
55.61000  13.77929 -3.30122  1.69570  0.00000  0.10000  0.00000  0.00000  0.00000
55.62000  13.97721 -3.90922  1.32334  0.00000  0.10000  0.00000  0.00000  0.00000
55.63000  13.86907 -4.44330  1.41789  0.00000  0.10000  0.00000  0.00000  0.00000
55.64000  14.11816 -1.00075  1.36149  0.00000  0.10000  0.00000  0.00000  0.00000
55.65000  14.02842 -1.50092  1.50590  0.00000  0.10000  0.00000  0.00000  0.00000
55.66000  14.00770 -1.86521  1.76875  0.00000  0.10000  0.00000  0.00000  0.00000
55.67000  13.72834 -1.88553  1.56072  0.00000  0.10000  0.00000  0.00000  0.00000
55.68000  13.65511 -2.32952  1.22395  0.00000  0.10000  0.00000  0.00000  0.00000
55.69000  13.84577 -1.35311  1.36112  0.00000  0.10000  0.00000  0.00000  0.00000
55.70000  13.67401 -0.87758  1.28265  0.00000  0.10000  0.00000  0.00000  0.00000
55.71000  13.68586 -0.31519  1.42529  0.00000  0.10000  0.00000  0.00000  0.00000
55.72000  13.30524 -1.22495  1.23294  0.00000  0.10000  0.00000  0.00000  0.00000
55.73000  13.29894 -1.46428  1.14952  0.00000  0.10000  0.00000  0.00000  0.00000
55.74000  13.24413 -1.99842  0.76014  0.00000  0.10000  0.00000  0.00000  0.00000
55.75000  13.18451 -3.37899  0.63092  0.00000  0.10000  0.00000  0.00000  0.00000
55.76000  13.56233 -4.73220  0.95841  0.00000  0.10000  0.00000  0.00000  0.00000
55.77000  13.57572 -4.50834  0.86959  0.00000  0.10000  0.00000  0.00000  0.00000
55.78000  13.50294 -6.08926  1.08367  0.00000  0.10000  0.00000  0.00000  0.00000
55.79000  13.54219 -5.00382  1.34323  0.00000  0.10000  0.00000  0.00000  0.00000
55.80000  13.65127 -6.39655  1.29362  0.00000  0.10000  0.00000  0.00000  0.00000
55.81000  13.39111 -5.87812  1.07936  0.00000  0.10000  0.00000  0.00000  0.00000
55.82000  13.40306 -5.07142  1.27420  0.00000  0.10000  0.00000  0.00000  0.00000
55.83000  13.39912 -5.11085  1.12385  0.00000  0.10000  0.00000  0.00000  0.00000
55.84000  13.56207 -4.36572  1.23621  0.00000  0.10000  0.00000  0.00000  0.00000
55.85000  13.36253 -2.50997  1.55889  0.00000  0.10000  0.00000  0.00000  0.00000
55.86000  13.26828 -2.03686  1.56807  0.00000  0.10000  0.00000  0.00000  0.00000
55.87000  13.53798 -3.75749  1.78380  0.00000  0.10000  0.00000  0.00000  0.00000
55.88000  13.56789 -2.16775  1.47322  0.00000  0.10000  0.00000  0.00000  0.00000
55.89000  13.59009 -1.74127  1.48077  0.00000  0.10000  0.00000  0.00000  0.00000
55.90000  13.60792 -2.93140  1.17608  0.00000  0.10000  0.00000  0.00000  0.00000
55.91000  12.89902 -1.06128  1.40683  0.00000  0.10000  0.00000  0.00000  0.00000
55.92000  13.18642 -0.97621  1.17722  0.00000  0.10000  0.00000  0.00000  0.00000
55.93000  13.26351 -1.05236  0.94348  0.00000  0.10000  0.00000  0.00000  0.00000
55.94000  13.27296 -0.78415  1.34592  0.00000  0.10000  0.00000  0.00000  0.00000
55.95000  13.01989 -2.56218  1.45284  0.00000  0.10000  0.00000  0.00000  0.00000
55.96000  13.12102 -0.97949  1.56036  0.00000  0.10000  0.00000  0.00000  0.00000
55.97000  13.32463 -0.70180  1.17428  0.00000  0.10000  0.00000  0.00000  0.00000
55.98000  13.09564 -0.99569  1.15096  0.00000  0.10000  0.00000  0.00000  0.00000
55.99000  13.17473 -1.53243  1.25133  0.00000  0.10000  0.00000  0.00000  0.00000
56.00000  13.30994 -1.86505  1.47982  0.00000  0.10000  0.00000  0.00000  0.00000
56.01000  13.42304 -1.30765  1.55968  0.00000  0.10000  0.00000  0.00000  0.00000
56.02000  13.24562 -1.84439  1.39881  0.00000  0.10000  0.00000  0.00000  0.00000
56.03000  13.33015 -1.07180  1.48477  0.00000  0.10000  0.00000  0.00000  0.00000
56.04000  13.39015 -0.89805  1.48041  0.00000  0.10000  0.00000  0.00000  0.00000
56.05000  13.22225  0.20265  1.63622  0.00000  0.10000  0.00000  0.00000  0.00000
56.06000  13.29265  0.24994  1.06414  0.00000  0.10000  0.00000  0.00000  0.00000
56.07000  13.44615  1.20406  1.51575  0.00000  0.10000  0.00000  0.00000  0.00000
56.08000  13.42644  2.62023  1.33852  0.00000  0.10000  0.00000  0.00000  0.00000
56.09000  13.11189  3.11648  1.28126  0.00000  0.10000  0.00000  0.00000  0.00000
56.10000  13.23250  3.45671  1.61583  0.00000  0.10000  0.00000  0.00000  0.00000
56.11000  13.14352  3.23511  1.59128  0.00000  0.10000  0.00000  0.00000  0.00000
56.12000  12.86992  3.13684  1.49750  0.00000  0.10000  0.00000  0.00000  0.00000
56.13000  12.72913  3.14739  1.52603  0.00000  0.10000  0.00000  0.00000  0.00000
56.14000  12.76111  2.43012  1.47704  0.00000  0.10000  0.00000  0.00000  0.00000
56.15000  12.84186  1.40679  1.46511  0.00000  0.10000  0.00000  0.00000  0.00000
56.16000  12.56008  1.20466  1.88903  0.00000  0.10000  0.00000  0.00000  0.00000
56.17000  12.48677  3.10879  2.06789  0.00000  0.10000  0.00000  0.00000  0.00000
56.18000  12.48307  3.94893  1.70341  0.00000  0.10000  0.00000  0.00000  0.00000
56.19000  12.68749  3.47891  1.63184  0.00000  0.10000  0.00000  0.00000  0.00000
56.20000  12.57011  5.52585  1.53280  0.00000  0.10000  0.00000  0.00000  0.00000
56.21000  12.60965  6.58607  1.76229  0.00000  0.10000  0.00000  0.00000  0.00000
56.22000  12.63031  5.58442  2.09747  0.00000  0.10000  0.00000  0.00000  0.00000
56.23000  12.55054  4.13697  1.52326  0.00000  0.10000  0.00000  0.00000  0.00000
56.24000  12.79987  2.84748  1.78080  0.00000  0.10000  0.00000  0.00000  0.00000
56.25000  12.80082  4.16864  1.35018  0.00000  0.10000  0.00000  0.00000  0.00000
56.26000  12.81664  3.04990  1.24343  0.00000  0.10000  0.00000  0.00000  0.00000
56.27000  12.78705  3.06471  1.15216  0.00000  0.10000  0.00000  0.00000  0.00000
56.28000  12.25970  2.65529  1.26176  0.00000  0.10000  0.00000  0.00000  0.00000
56.29000  12.38808  3.99281  1.30874  0.00000  0.10000  0.00000  0.00000  0.00000
56.30000  11.97032  2.99612  1.33736  0.00000  0.10000  0.00000  0.00000  0.00000
56.31000  11.95346  0.98845  1.44987  0.00000  0.10000  0.00000  0.00000  0.00000
56.32000  12.00687  0.35425  1.68808  0.00000  0.10000  0.00000  0.00000  0.00000
56.33000  12.06603  1.20251  1.77452  0.00000  0.10000  0.00000  0.00000  0.00000
56.34000  12.01681  1.10591  1.49053  0.00000  0.10000  0.00000  0.00000  0.00000
56.35000  12.21051  1.48567  1.65545  0.00000  0.10000  0.00000  0.00000  0.00000
56.36000  12.28189  3.26116  1.74516  0.00000  0.10000  0.00000  0.00000  0.00000
56.37000  12.25110  2.61275  2.01125  0.00000  0.10000  0.00000  0.00000  0.00000
56.38000  12.32299  2.50092  2.40086  0.00000  0.10000  0.00000  0.00000  0.00000
56.39000  12.08561  3.44254  2.18971  0.00000  0.10000  0.00000  0.00000  0.00000
56.40000  12.07179  6.83390  1.85384  0.00000  0.10000  0.00000  0.00000  0.00000
56.41000  12.55155  4.93736  2.08544  0.00000  0.10000  0.00000  0.00000  0.00000
56.42000  12.47064  4.89008  2.25066  0.00000  0.10000  0.00000  0.00000  0.00000
56.43000  12.52718  5.25178  1.79547  0.00000  0.10000  0.00000  0.00000  0.00000
56.44000  12.08509  5.27282  1.48581  0.00000  0.10000  0.00000  0.00000  0.00000
56.45000  11.94448  4.28910  1.47333  0.00000  0.10000  0.00000  0.00000  0.00000
56.46000  11.96689  2.18758  1.77866  0.00000  0.10000  0.00000  0.00000  0.00000
56.47000  11.78284  3.16320  1.80962  0.00000  0.10000  0.00000  0.00000  0.00000
56.48000  11.85916  3.41481  1.98884  0.00000  0.10000  0.00000  0.00000  0.00000
56.49000  11.83969  2.97318  2.11871  0.00000  0.10000  0.00000  0.00000  0.00000
56.50000  12.07157  1.39845  2.46633  0.00000  0.10000  0.00000  0.00000  0.00000
56.51000  12.18995  2.73922  2.33526  0.00000  0.10000  0.00000  0.00000  0.00000
56.52000  12.19376  3.07117  2.13078  0.00000  0.10000  0.00000  0.00000  0.00000
56.53000  12.31225  3.25975  1.86723  0.00000  0.10000  0.00000  0.00000  0.00000
56.54000  12.44565  4.07736  2.33460  0.00000  0.10000  0.00000  0.00000  0.00000
56.55000  12.54950  3.34806  2.12322  0.00000  0.10000  0.00000  0.00000  0.00000
56.56000  12.46851  2.56676  2.34731  0.00000  0.10000  0.00000  0.00000  0.00000
56.57000  12.58361  2.90643  2.91613  0.00000  0.10000  0.00000  0.00000  0.00000
56.58000  12.45486  0.67549  2.68138  0.00000  0.10000  0.00000  0.00000  0.00000
56.59000  12.53250  0.97918  2.91408  0.00000  0.10000  0.00000  0.00000  0.00000
56.60000  12.62738  1.74639  2.49106  0.00000  0.10000  0.00000  0.00000  0.00000
56.61000  12.53701  2.00009  2.63906  0.00000  0.10000  0.00000  0.00000  0.00000
56.62000  12.26929  1.49461  2.85628  0.00000  0.10000  0.00000  0.00000  0.00000
56.63000  12.15654  0.64030  2.87709  0.00000  0.10000  0.00000  0.00000  0.00000
56.64000  12.14564  0.14926  2.82744  0.00000  0.10000  0.00000  0.00000  0.00000
56.65000  12.02492  0.11718  2.72695  0.00000  0.10000  0.00000  0.00000  0.00000
56.66000  11.99753  0.68729  3.06578  0.00000  0.10000  0.00000  0.00000  0.00000
56.67000  11.75776 -1.00735  2.92440  0.00000  0.10000  0.00000  0.00000  0.00000
56.68000  11.68387  1.11007  2.49775  0.00000  0.10000  0.00000  0.00000  0.00000
56.69000  11.63868  1.96554  2.41594  0.00000  0.10000  0.00000  0.00000  0.00000
56.70000  11.70409  4.18503  2.81838  0.00000  0.10000  0.00000  0.00000  0.00000
56.71000  12.24893  3.99052  2.90049  0.00000  0.10000  0.00000  0.00000  0.00000
56.72000  12.10207  3.94268  3.44585  0.00000  0.10000  0.00000  0.00000  0.00000
56.73000  12.12400  3.18723  3.37811  0.00000  0.10000  0.00000  0.00000  0.00000
56.74000  11.78538  0.80667  3.00988  0.00000  0.10000  0.00000  0.00000  0.00000
56.75000  11.52469 -1.79339  2.98528  0.00000  0.10000  0.00000  0.00000  0.00000
56.76000  11.69842  0.10286  2.73855  0.00000  0.10000  0.00000  0.00000  0.00000
56.77000  11.92809 -1.58072  2.89124  0.00000  0.10000  0.00000  0.00000  0.00000
56.78000  11.84623 -0.78759  2.77905  0.00000  0.10000  0.00000  0.00000  0.00000
56.79000  11.85477 -0.96457  2.17510  0.00000  0.10000  0.00000  0.00000  0.00000
56.80000  11.75678 -2.18532  2.59513  0.00000  0.10000  0.00000  0.00000  0.00000
56.81000  11.82093 -0.55189  2.62453  0.00000  0.10000  0.00000  0.00000  0.00000
56.82000  11.99769 -0.89728  2.42361  0.00000  0.10000  0.00000  0.00000  0.00000
56.83000  11.88130 -1.71706  2.19935  0.00000  0.10000  0.00000  0.00000  0.00000
56.84000  12.14849 -0.81769  2.41919  0.00000  0.10000  0.00000  0.00000  0.00000
56.85000  11.99392 -0.58437  2.53954  0.00000  0.10000  0.00000  0.00000  0.00000
56.86000  11.55340  0.42218  2.74310  0.00000  0.10000  0.00000  0.00000  0.00000
56.87000  11.75847 -0.09973  2.52128  0.00000  0.10000  0.00000  0.00000  0.00000
56.88000  11.85052  0.98601  2.47959  0.00000  0.10000  0.00000  0.00000  0.00000
56.89000  11.79929  0.63108  3.26120  0.00000  0.10000  0.00000  0.00000  0.00000
56.90000  11.96926 -1.69068  2.82244  0.00000  0.10000  0.00000  0.00000  0.00000
56.91000  12.15760 -3.09679  2.63178  0.00000  0.10000  0.00000  0.00000  0.00000
56.92000  11.97298 -1.13443  2.72322  0.00000  0.10000  0.00000  0.00000  0.00000
56.93000  11.84855 -3.13703  2.70426  0.00000  0.10000  0.00000  0.00000  0.00000
56.94000  11.67242 -1.36466  2.79610  0.00000  0.10000  0.00000  0.00000  0.00000
56.95000  11.87291 -2.18412  2.13697  0.00000  0.10000  0.00000  0.00000  0.00000
56.96000  11.66893 -0.92655  2.09592  0.00000  0.10000  0.00000  0.00000  0.00000
56.97000  11.71905 -0.65303  2.12571  0.00000  0.10000  0.00000  0.00000  0.00000
56.98000  11.85789 -1.33802  2.01695  0.00000  0.10000  0.00000  0.00000  0.00000
56.99000  12.02838 -1.38350  1.98152  0.00000  0.10000  0.00000  0.00000  0.00000
57.00000  12.01126 -1.24427  1.98913  0.00000  0.10000  0.00000  0.00000  0.00000
57.01000  11.99921 -2.96345  2.10196  0.00000  0.10000  0.00000  0.00000  0.00000
57.02000  11.98202 -2.45822  2.19936  0.00000  0.10000  0.00000  0.00000  0.00000
57.03000  11.96783 -3.56032  1.97299  0.00000  0.10000  0.00000  0.00000  0.00000
57.04000  11.85309 -1.86566  1.78738  0.00000  0.10000  0.00000  0.00000  0.00000
57.05000  12.00741 -2.42366  2.03175  0.00000  0.10000  0.00000  0.00000  0.00000
57.06000  12.19435 -2.47251  2.38607  0.00000  0.10000  0.00000  0.00000  0.00000
57.07000  11.66304 -3.96036  2.00591  0.00000  0.10000  0.00000  0.00000  0.00000
57.08000  11.53611 -3.85330  1.84654  0.00000  0.10000  0.00000  0.00000  0.00000
57.09000  11.50097 -2.34322  1.87440  0.00000  0.10000  0.00000  0.00000  0.00000
57.10000  11.43310 -0.19306  1.73639  0.00000  0.10000  0.00000  0.00000  0.00000
57.11000  11.45561 -2.18148  1.83229  0.00000  0.10000  0.00000  0.00000  0.00000
57.12000  11.64091 -0.11949  2.28847  0.00000  0.10000  0.00000  0.00000  0.00000
57.13000  11.84717  0.60831  2.03358  0.00000  0.10000  0.00000  0.00000  0.00000
57.14000  12.36020 -0.13954  2.08517  0.00000  0.10000  0.00000  0.00000  0.00000
57.15000  12.09339 -0.34101  1.79880  0.00000  0.10000  0.00000  0.00000  0.00000
57.16000  12.03485  0.76834  1.99464  0.00000  0.10000  0.00000  0.00000  0.00000
57.17000  11.98448 -1.08210  1.88666  0.00000  0.10000  0.00000  0.00000  0.00000
57.18000  11.85430  0.01068  1.48625  0.00000  0.10000  0.00000  0.00000  0.00000
57.19000  11.79472 -1.23779  1.58096  0.00000  0.10000  0.00000  0.00000  0.00000
57.20000  11.85881 -0.58790  1.47234  0.00000  0.10000  0.00000  0.00000  0.00000
57.21000  11.90163  0.38159  1.62746  0.00000  0.10000  0.00000  0.00000  0.00000
57.22000  11.68877 -0.69366  1.82752  0.00000  0.10000  0.00000  0.00000  0.00000
57.23000  11.51588  0.45946  2.22530  0.00000  0.10000  0.00000  0.00000  0.00000
57.24000  11.38506 -0.13810  2.23900  0.00000  0.10000  0.00000  0.00000  0.00000
57.25000  11.41562  0.87952  2.46212  0.00000  0.10000  0.00000  0.00000  0.00000
57.26000  11.50479  1.94823  2.21416  0.00000  0.10000  0.00000  0.00000  0.00000
57.27000  11.88168  3.09187  1.95805  0.00000  0.10000  0.00000  0.00000  0.00000
57.28000  11.76726  2.81174  1.88001  0.00000  0.10000  0.00000  0.00000  0.00000
57.29000  11.64853  0.68555  1.52331  0.00000  0.10000  0.00000  0.00000  0.00000
57.30000  12.12203  0.29111  1.94429  0.00000  0.10000  0.00000  0.00000  0.00000
57.31000  12.61004  0.68265  2.21712  0.00000  0.10000  0.00000  0.00000  0.00000
57.32000  12.24630  0.35722  1.98139  0.00000  0.10000  0.00000  0.00000  0.00000
57.33000  12.70541 -1.35002  2.05967  0.00000  0.10000  0.00000  0.00000  0.00000
57.34000  12.91917 -1.26156  2.16711  0.00000  0.10000  0.00000  0.00000  0.00000
57.35000  12.94748 -2.86812  1.99181  0.00000  0.10000  0.00000  0.00000  0.00000
57.36000  12.90664 -1.15408  2.56061  0.00000  0.10000  0.00000  0.00000  0.00000
57.37000  12.72290 -0.93772  1.92015  0.00000  0.10000  0.00000  0.00000  0.00000
57.38000  12.60555 -1.17671  2.32152  0.00000  0.10000  0.00000  0.00000  0.00000
57.39000  12.35639 -0.68041  1.86967  0.00000  0.10000  0.00000  0.00000  0.00000
57.40000  12.43898  0.10314  1.80132  0.00000  0.10000  0.00000  0.00000  0.00000
57.41000  12.63553  1.24966  1.88591  0.00000  0.10000  0.00000  0.00000  0.00000
57.42000  12.74869  1.50846  1.59801  0.00000  0.10000  0.00000  0.00000  0.00000
57.43000  12.40898  1.20578  1.44031  0.00000  0.10000  0.00000  0.00000  0.00000
57.44000  12.20113  1.93924  1.38964  0.00000  0.10000  0.00000  0.00000  0.00000
57.45000  12.85375  0.98028  1.58755  0.00000  0.10000  0.00000  0.00000  0.00000
57.46000  12.54270  2.34287  1.84245  0.00000  0.10000  0.00000  0.00000  0.00000
57.47000  12.48209  2.24723  1.87716  0.00000  0.10000  0.00000  0.00000  0.00000
57.48000  12.91657 -0.62109  1.99862  0.00000  0.10000  0.00000  0.00000  0.00000
57.49000  12.88282 -1.55808  1.89286  0.00000  0.10000  0.00000  0.00000  0.00000
57.50000  12.74548 -3.37242  1.89977  0.00000  0.10000  0.00000  0.00000  0.00000
57.51000  12.72347 -0.73242  1.94428  0.00000  0.10000  0.00000  0.00000  0.00000
57.52000  12.48998 -3.44636  1.72399  0.00000  0.10000  0.00000  0.00000  0.00000
57.53000  12.77399 -3.37754  1.40221  0.00000  0.10000  0.00000  0.00000  0.00000
57.54000  12.64005 -3.03836  1.32300  0.00000  0.10000  0.00000  0.00000  0.00000
57.55000  12.78343 -1.28509  1.05639  0.00000  0.10000  0.00000  0.00000  0.00000
57.56000  12.95856 -0.02132  1.17328  0.00000  0.10000  0.00000  0.00000  0.00000
57.57000  12.71057 -0.92252  1.01494  0.00000  0.10000  0.00000  0.00000  0.00000
57.58000  12.12138  0.80345  0.83959  0.00000  0.10000  0.00000  0.00000  0.00000
57.59000  11.85087  1.30964  0.93320  0.00000  0.10000  0.00000  0.00000  0.00000
57.60000  12.03749  0.93947  0.99991  0.00000  0.10000  0.00000  0.00000  0.00000
57.61000  12.05512  0.41712  0.73120  0.00000  0.10000  0.00000  0.00000  0.00000
57.62000  12.15060  0.28147  1.06874  0.00000  0.10000  0.00000  0.00000  0.00000
57.63000  12.56790  0.53754  1.03139  0.00000  0.10000  0.00000  0.00000  0.00000
57.64000  12.57489  0.90164  1.42251  0.00000  0.10000  0.00000  0.00000  0.00000
57.65000  12.69973 -0.18557  1.75707  0.00000  0.10000  0.00000  0.00000  0.00000
57.66000  13.00209  0.97108  1.78739  0.00000  0.10000  0.00000  0.00000  0.00000
57.67000  13.02677 -0.24717  1.60661  0.00000  0.10000  0.00000  0.00000  0.00000
57.68000  13.05461  0.43527  2.00498  0.00000  0.10000  0.00000  0.00000  0.00000
57.69000  13.42475  0.52254  1.33261  0.00000  0.10000  0.00000  0.00000  0.00000
57.70000  13.27108 -0.59513  1.24815  0.00000  0.10000  0.00000  0.00000  0.00000
57.71000  12.96462  1.40621  1.02339  0.00000  0.10000  0.00000  0.00000  0.00000
57.72000  12.70077  2.36656  1.25550  0.00000  0.10000  0.00000  0.00000  0.00000
57.73000  12.65850  2.12481  1.44776  0.00000  0.10000  0.00000  0.00000  0.00000
57.74000  12.79998  1.20998  1.08571  0.00000  0.10000  0.00000  0.00000  0.00000
57.75000  12.73110  1.95285  0.95662  0.00000  0.10000  0.00000  0.00000  0.00000
57.76000  12.93169  2.06855  0.60465  0.00000  0.10000  0.00000  0.00000  0.00000
57.77000  13.08713  1.50337  0.46894  0.00000  0.10000  0.00000  0.00000  0.00000
57.78000  12.44771  2.48489  0.84816  0.00000  0.10000  0.00000  0.00000  0.00000
57.79000  12.41565  2.13853  1.11077  0.00000  0.10000  0.00000  0.00000  0.00000
57.80000  11.97073  3.07679  1.56377  0.00000  0.10000  0.00000  0.00000  0.00000
57.81000  12.13978  1.85425  1.64597  0.00000  0.10000  0.00000  0.00000  0.00000
57.82000  11.61534  2.48197  1.23999  0.00000  0.10000  0.00000  0.00000  0.00000
57.83000  12.16254  3.16201  1.50950  0.00000  0.10000  0.00000  0.00000  0.00000
57.84000  12.01004  2.73510  1.55086  0.00000  0.10000  0.00000  0.00000  0.00000
57.85000  12.07459  2.33769  1.93657  0.00000  0.10000  0.00000  0.00000  0.00000
57.86000  12.04408  4.11254  1.85439  0.00000  0.10000  0.00000  0.00000  0.00000
57.87000  11.88535 -0.10312  2.21576  0.00000  0.10000  0.00000  0.00000  0.00000
57.88000  12.01993 -1.56166  1.77055  0.00000  0.10000  0.00000  0.00000  0.00000
57.89000  12.48088 -1.61104  1.77953  0.00000  0.10000  0.00000  0.00000  0.00000
57.90000  12.47032 -0.31360  1.97902  0.00000  0.10000  0.00000  0.00000  0.00000
57.91000  12.56597  0.29953  1.80672  0.00000  0.10000  0.00000  0.00000  0.00000
57.92000  12.68668 -0.75039  1.84183  0.00000  0.10000  0.00000  0.00000  0.00000
57.93000  13.24485  0.88991  1.56494  0.00000  0.10000  0.00000  0.00000  0.00000
57.94000  13.01276 -0.87434  1.54098  0.00000  0.10000  0.00000  0.00000  0.00000
57.95000  13.18518 -0.28150  1.67036  0.00000  0.10000  0.00000  0.00000  0.00000
57.96000  13.71852 -0.13520  1.69767  0.00000  0.10000  0.00000  0.00000  0.00000
57.97000  13.25653 -0.62746  1.46602  0.00000  0.10000  0.00000  0.00000  0.00000
57.98000  13.21373  0.85209  1.59758  0.00000  0.10000  0.00000  0.00000  0.00000
57.99000  12.92364  1.76004  1.46209  0.00000  0.10000  0.00000  0.00000  0.00000
58.00000  13.13526  3.02792  1.63105  0.00000  0.10000  0.00000  0.00000  0.00000
58.01000  12.74332  1.53424  1.75528  0.00000  0.10000  0.00000  0.00000  0.00000
58.02000  12.53046 -0.52504  1.58941  0.00000  0.10000  0.00000  0.00000  0.00000
58.03000  12.80163 -0.01672  1.68959  0.00000  0.10000  0.00000  0.00000  0.00000
58.04000  12.71942  3.72317  1.84705  0.00000  0.10000  0.00000  0.00000  0.00000
58.05000  12.75220  3.33821  1.83795  0.00000  0.10000  0.00000  0.00000  0.00000
58.06000  12.98582  4.93480  1.66199  0.00000  0.10000  0.00000  0.00000  0.00000
58.07000  13.40728  3.75012  1.63372  0.00000  0.10000  0.00000  0.00000  0.00000
58.08000  13.43743  2.72245  1.42285  0.00000  0.10000  0.00000  0.00000  0.00000
58.09000  12.97456  3.77673  1.82721  0.00000  0.10000  0.00000  0.00000  0.00000
58.10000  13.30620  4.13578  1.50457  0.00000  0.10000  0.00000  0.00000  0.00000
58.11000  13.11411  5.69111  1.51490  0.00000  0.10000  0.00000  0.00000  0.00000
58.12000  13.25645  4.89347  1.54070  0.00000  0.10000  0.00000  0.00000  0.00000
58.13000  12.90881  4.52162  1.98746  0.00000  0.10000  0.00000  0.00000  0.00000
58.14000  12.87665  3.78345  1.62622  0.00000  0.10000  0.00000  0.00000  0.00000
58.15000  13.10885  3.70121  1.72011  0.00000  0.10000  0.00000  0.00000  0.00000
58.16000  13.00279  2.75816  2.05288  0.00000  0.10000  0.00000  0.00000  0.00000
58.17000  13.28380  1.97905  2.36360  0.00000  0.10000  0.00000  0.00000  0.00000
58.18000  13.26879  1.00180  1.78606  0.00000  0.10000  0.00000  0.00000  0.00000
58.19000  13.31445  1.53779  1.35439  0.00000  0.10000  0.00000  0.00000  0.00000
58.20000  13.12817  0.65114  1.20653  0.00000  0.10000  0.00000  0.00000  0.00000
58.21000  13.16203  0.19296  1.36233  0.00000  0.10000  0.00000  0.00000  0.00000
58.22000  12.94439 -0.52251  1.59430  0.00000  0.10000  0.00000  0.00000  0.00000
58.23000  12.91166 -1.18353  1.20285  0.00000  0.10000  0.00000  0.00000  0.00000
58.24000  12.99840  0.00179  1.17808  0.00000  0.10000  0.00000  0.00000  0.00000
58.25000  13.20500 -0.13064  1.26133  0.00000  0.10000  0.00000  0.00000  0.00000
58.26000  13.03323  2.01072  1.53354  0.00000  0.10000  0.00000  0.00000  0.00000
58.27000  12.99712  0.44131  1.70570  0.00000  0.10000  0.00000  0.00000  0.00000
58.28000  13.35849  0.92811  1.96377  0.00000  0.10000  0.00000  0.00000  0.00000
58.29000  13.07714  0.13654  2.04167  0.00000  0.10000  0.00000  0.00000  0.00000
58.30000  13.24100  1.21943  2.12996  0.00000  0.10000  0.00000  0.00000  0.00000
58.31000  12.99636  0.20198  1.64221  0.00000  0.10000  0.00000  0.00000  0.00000
58.32000  12.80628 -0.48598  1.72495  0.00000  0.10000  0.00000  0.00000  0.00000
58.33000  12.68126 -0.85750  2.04063  0.00000  0.10000  0.00000  0.00000  0.00000
58.34000  12.99056 -1.04143  2.21930  0.00000  0.10000  0.00000  0.00000  0.00000
58.35000  12.85584 -4.34056  1.91157  0.00000  0.10000  0.00000  0.00000  0.00000
58.36000  13.08496 -2.68508  1.71301  0.00000  0.10000  0.00000  0.00000  0.00000
58.37000  12.89636 -2.69552  1.46860  0.00000  0.10000  0.00000  0.00000  0.00000
58.38000  13.23897 -3.67021  1.59799  0.00000  0.10000  0.00000  0.00000  0.00000
58.39000  12.97698 -1.39075  1.54429  0.00000  0.10000  0.00000  0.00000  0.00000
58.40000  13.00352 -0.93975  1.30125  0.00000  0.10000  0.00000  0.00000  0.00000
58.41000  12.73820 -0.46203  1.69073  0.00000  0.10000  0.00000  0.00000  0.00000
58.42000  13.08206 -1.17740  1.72010  0.00000  0.10000  0.00000  0.00000  0.00000
58.43000  13.23244 -0.22128  1.65910  0.00000  0.10000  0.00000  0.00000  0.00000
58.44000  12.67039 -0.84608  1.78366  0.00000  0.10000  0.00000  0.00000  0.00000
58.45000  12.81136 -0.11992  1.71914  0.00000  0.10000  0.00000  0.00000  0.00000
58.46000  12.78987 -0.89575  1.83273  0.00000  0.10000  0.00000  0.00000  0.00000
58.47000  12.90011 -1.76521  2.01151  0.00000  0.10000  0.00000  0.00000  0.00000
58.48000  12.93457 -0.84130  1.67903  0.00000  0.10000  0.00000  0.00000  0.00000
58.49000  13.11481 -1.32227  1.92121  0.00000  0.10000  0.00000  0.00000  0.00000
58.50000  13.22172 -0.54149  2.50836  0.00000  0.10000  0.00000  0.00000  0.00000
58.51000  13.51897 -0.02313  2.19231  0.00000  0.10000  0.00000  0.00000  0.00000
58.52000  13.62357 -0.61442  2.39397  0.00000  0.10000  0.00000  0.00000  0.00000
58.53000  13.92430 -0.69829  2.22128  0.00000  0.10000  0.00000  0.00000  0.00000
58.54000  13.47224 -1.20548  2.13243  0.00000  0.10000  0.00000  0.00000  0.00000
58.55000  13.54531 -0.59991  2.40373  0.00000  0.10000  0.00000  0.00000  0.00000
58.56000  13.54080 -0.54751  2.13959  0.00000  0.10000  0.00000  0.00000  0.00000
58.57000  13.57057 -0.59897  2.27571  0.00000  0.10000  0.00000  0.00000  0.00000
58.58000  13.54285  0.22414  2.25971  0.00000  0.10000  0.00000  0.00000  0.00000
58.59000  13.53042  0.63493  2.36931  0.00000  0.10000  0.00000  0.00000  0.00000
58.60000  13.48777  1.41083  2.32155  0.00000  0.10000  0.00000  0.00000  0.00000
58.61000  13.62216  0.58609  2.63931  0.00000  0.10000  0.00000  0.00000  0.00000
58.62000  13.74879  2.85767  2.25504  0.00000  0.10000  0.00000  0.00000  0.00000
58.63000  13.77766  1.25768  2.10334  0.00000  0.10000  0.00000  0.00000  0.00000
58.64000  13.86175  2.07280  2.41473  0.00000  0.10000  0.00000  0.00000  0.00000
58.65000  14.30173  3.43747  2.14152  0.00000  0.10000  0.00000  0.00000  0.00000
58.66000  14.50639  2.22964  1.92620  0.00000  0.10000  0.00000  0.00000  0.00000
58.67000  14.08427  2.16266  1.91469  0.00000  0.10000  0.00000  0.00000  0.00000
58.68000  14.03807  3.75811  2.18083  0.00000  0.10000  0.00000  0.00000  0.00000
58.69000  14.30982  4.44035  1.87619  0.00000  0.10000  0.00000  0.00000  0.00000
58.70000  14.19304  3.88494  2.00541  0.00000  0.10000  0.00000  0.00000  0.00000
58.71000  13.89675  4.68358  2.32983  0.00000  0.10000  0.00000  0.00000  0.00000
58.72000  13.92344  4.82767  1.69275  0.00000  0.10000  0.00000  0.00000  0.00000
58.73000  13.82014  3.12313  1.71364  0.00000  0.10000  0.00000  0.00000  0.00000
58.74000  13.61716  2.84889  1.32887  0.00000  0.10000  0.00000  0.00000  0.00000
58.75000  13.44663  3.44079  1.62316  0.00000  0.10000  0.00000  0.00000  0.00000
58.76000  13.60032  5.12339  1.77242  0.00000  0.10000  0.00000  0.00000  0.00000
58.77000  13.40000  4.43368  1.77037  0.00000  0.10000  0.00000  0.00000  0.00000
58.78000  13.19449  4.13064  1.60117  0.00000  0.10000  0.00000  0.00000  0.00000
58.79000  13.40944  5.18466  1.39971  0.00000  0.10000  0.00000  0.00000  0.00000
58.80000  13.47028  5.16539  1.59796  0.00000  0.10000  0.00000  0.00000  0.00000
58.81000  13.35431  4.55786  2.31493  0.00000  0.10000  0.00000  0.00000  0.00000
58.82000  13.57779  3.80337  2.04306  0.00000  0.10000  0.00000  0.00000  0.00000
58.83000  13.76798  3.43376  1.73214  0.00000  0.10000  0.00000  0.00000  0.00000
58.84000  13.96540  4.11180  1.63486  0.00000  0.10000  0.00000  0.00000  0.00000
58.85000  13.92795  3.56246  1.55783  0.00000  0.10000  0.00000  0.00000  0.00000
58.86000  13.86951  3.98531  1.91519  0.00000  0.10000  0.00000  0.00000  0.00000
58.87000  13.77910  3.96694  1.93799  0.00000  0.10000  0.00000  0.00000  0.00000
58.88000  13.79138  4.47247  2.41473  0.00000  0.10000  0.00000  0.00000  0.00000
58.89000  13.79937  2.93522  2.51046  0.00000  0.10000  0.00000  0.00000  0.00000
58.90000  14.12721  2.69905  2.57996  0.00000  0.10000  0.00000  0.00000  0.00000
58.91000  13.65145  2.45507  2.29427  0.00000  0.10000  0.00000  0.00000  0.00000
58.92000  13.69804  4.07898  2.08976  0.00000  0.10000  0.00000  0.00000  0.00000
58.93000  13.86310  3.02164  1.63754  0.00000  0.10000  0.00000  0.00000  0.00000
58.94000  14.21589  1.95566  1.74431  0.00000  0.10000  0.00000  0.00000  0.00000
58.95000  14.08144  2.87215  2.06076  0.00000  0.10000  0.00000  0.00000  0.00000
58.96000  14.09973  1.92423  2.28235  0.00000  0.10000  0.00000  0.00000  0.00000
58.97000  14.01299  3.17488  2.11077  0.00000  0.10000  0.00000  0.00000  0.00000
58.98000  13.58699  2.06105  2.03671  0.00000  0.10000  0.00000  0.00000  0.00000
58.99000  13.77597  0.99094  2.10709  0.00000  0.10000  0.00000  0.00000  0.00000
59.00000  13.84741  2.96026  2.13949  0.00000  0.10000  0.00000  0.00000  0.00000
59.01000  13.96889  3.57335  1.62624  0.00000  0.10000  0.00000  0.00000  0.00000
59.02000  13.85708  4.14233  1.69545  0.00000  0.10000  0.00000  0.00000  0.00000
59.03000  14.04946  2.51330  1.73769  0.00000  0.10000  0.00000  0.00000  0.00000
59.04000  14.08905  3.15293  2.01781  0.00000  0.10000  0.00000  0.00000  0.00000
59.05000  14.71013  2.88772  2.26415  0.00000  0.10000  0.00000  0.00000  0.00000
59.06000  14.57050  2.67173  2.14728  0.00000  0.10000  0.00000  0.00000  0.00000
59.07000  14.64547  2.07753  2.22910  0.00000  0.10000  0.00000  0.00000  0.00000
59.08000  14.90960  3.00854  2.33159  0.00000  0.10000  0.00000  0.00000  0.00000
59.09000  15.04335  2.73519  2.43910  0.00000  0.10000  0.00000  0.00000  0.00000
59.10000  14.61401  1.98432  1.94400  0.00000  0.10000  0.00000  0.00000  0.00000
59.11000  14.72828  4.73118  2.03339  0.00000  0.10000  0.00000  0.00000  0.00000
59.12000  14.86089  3.13494  2.10772  0.00000  0.10000  0.00000  0.00000  0.00000
59.13000  14.70785  3.89684  2.11354  0.00000  0.10000  0.00000  0.00000  0.00000
59.14000  14.70565  3.39090  2.29979  0.00000  0.10000  0.00000  0.00000  0.00000
59.15000  14.48309  3.15386  2.34242  0.00000  0.10000  0.00000  0.00000  0.00000
59.16000  14.28760  2.35053  2.66928  0.00000  0.10000  0.00000  0.00000  0.00000
59.17000  14.32663  2.62393  2.31436  0.00000  0.10000  0.00000  0.00000  0.00000
59.18000  14.14523 -0.14458  2.66520  0.00000  0.10000  0.00000  0.00000  0.00000
59.19000  14.26828  0.75597  2.53533  0.00000  0.10000  0.00000  0.00000  0.00000
59.20000  14.17398  2.87171  3.20869  0.00000  0.10000  0.00000  0.00000  0.00000
59.21000  14.39306  3.47514  3.25046  0.00000  0.10000  0.00000  0.00000  0.00000
59.22000  14.13709  1.69125  3.07300  0.00000  0.10000  0.00000  0.00000  0.00000
59.23000  13.86063  1.94824  3.12089  0.00000  0.10000  0.00000  0.00000  0.00000
59.24000  13.97094  1.10936  3.02214  0.00000  0.10000  0.00000  0.00000  0.00000
59.25000  13.77559  1.34733  2.79257  0.00000  0.10000  0.00000  0.00000  0.00000
59.26000  13.33410  1.60136  2.88969  0.00000  0.10000  0.00000  0.00000  0.00000
59.27000  13.26201  1.19948  2.93045  0.00000  0.10000  0.00000  0.00000  0.00000
59.28000  13.24189  2.61243  2.98320  0.00000  0.10000  0.00000  0.00000  0.00000
59.29000  12.99805  3.79654  2.96659  0.00000  0.10000  0.00000  0.00000  0.00000
59.30000  13.04130  4.63791  2.88755  0.00000  0.10000  0.00000  0.00000  0.00000
59.31000  13.09261  4.07519  2.70141  0.00000  0.10000  0.00000  0.00000  0.00000
59.32000  13.03823  4.00932  2.34280  0.00000  0.10000  0.00000  0.00000  0.00000
59.33000  13.08545  4.89680  2.35226  0.00000  0.10000  0.00000  0.00000  0.00000
59.34000  13.54001  3.61682  2.10661  0.00000  0.10000  0.00000  0.00000  0.00000
59.35000  13.38539  3.38845  2.23856  0.00000  0.10000  0.00000  0.00000  0.00000
59.36000  13.28855  4.96494  2.21526  0.00000  0.10000  0.00000  0.00000  0.00000
59.37000  12.76666  5.36085  2.26817  0.00000  0.10000  0.00000  0.00000  0.00000
59.38000  13.03416  6.01710  2.64783  0.00000  0.10000  0.00000  0.00000  0.00000
59.39000  13.03251  6.51802  2.35916  0.00000  0.10000  0.00000  0.00000  0.00000
59.40000  12.99354  5.56034  1.60819  0.00000  0.10000  0.00000  0.00000  0.00000
59.41000  12.85143  5.88570  1.67495  0.00000  0.10000  0.00000  0.00000  0.00000
59.42000  13.11496  5.69133  2.02886  0.00000  0.10000  0.00000  0.00000  0.00000
59.43000  13.21953  4.90446  2.15967  0.00000  0.10000  0.00000  0.00000  0.00000
59.44000  13.30072  5.73357  2.18848  0.00000  0.10000  0.00000  0.00000  0.00000
59.45000  13.22527  4.66576  2.12350  0.00000  0.10000  0.00000  0.00000  0.00000
59.46000  13.20019  5.17310  1.91863  0.00000  0.10000  0.00000  0.00000  0.00000
59.47000  12.78901  3.04630  2.05263  0.00000  0.10000  0.00000  0.00000  0.00000
59.48000  13.05097  3.90884  2.11412  0.00000  0.10000  0.00000  0.00000  0.00000
59.49000  12.84049  2.41506  2.09080  0.00000  0.10000  0.00000  0.00000  0.00000
59.50000  12.58478  2.26014  2.10407  0.00000  0.10000  0.00000  0.00000  0.00000
59.51000  12.42841  1.36086  1.56814  0.00000  0.10000  0.00000  0.00000  0.00000
59.52000  12.59669  0.78403  2.28874  0.00000  0.10000  0.00000  0.00000  0.00000
59.53000  12.19023 -0.18341  2.40013  0.00000  0.10000  0.00000  0.00000  0.00000
59.54000  12.34330  0.32721  2.25407  0.00000  0.10000  0.00000  0.00000  0.00000
59.55000  12.48551  1.07743  1.92032  0.00000  0.10000  0.00000  0.00000  0.00000
59.56000  12.34960  1.23740  1.72622  0.00000  0.10000  0.00000  0.00000  0.00000
59.57000  12.05574  1.10450  1.71983  0.00000  0.10000  0.00000  0.00000  0.00000
59.58000  12.38058  1.00248  1.66173  0.00000  0.10000  0.00000  0.00000  0.00000
59.59000  12.23859  1.68666  1.91378  0.00000  0.10000  0.00000  0.00000  0.00000
59.60000  12.25770  0.77005  1.36227  0.00000  0.10000  0.00000  0.00000  0.00000
59.61000  12.27834  2.66236  1.69969  0.00000  0.10000  0.00000  0.00000  0.00000
59.62000  12.19791  3.50735  1.52036  0.00000  0.10000  0.00000  0.00000  0.00000
59.63000  12.14337  3.72133  1.64658  0.00000  0.10000  0.00000  0.00000  0.00000
59.64000  12.36806  4.99969  1.05691  0.00000  0.10000  0.00000  0.00000  0.00000
59.65000  12.16585  4.13875  1.68141  0.00000  0.10000  0.00000  0.00000  0.00000
59.66000  11.96151  2.04637  1.19788  0.00000  0.10000  0.00000  0.00000  0.00000
59.67000  11.67636  1.91314  1.48761  0.00000  0.10000  0.00000  0.00000  0.00000
59.68000  11.62480  0.93006  1.23205  0.00000  0.10000  0.00000  0.00000  0.00000
59.69000  11.35131  2.01416  1.13191  0.00000  0.10000  0.00000  0.00000  0.00000
59.70000  11.85317  1.31852  1.42152  0.00000  0.10000  0.00000  0.00000  0.00000
59.71000  11.60284  3.60196  1.24745  0.00000  0.10000  0.00000  0.00000  0.00000
59.72000  11.50692  3.75448  1.22500  0.00000  0.10000  0.00000  0.00000  0.00000
59.73000  11.23431  3.17740  1.59442  0.00000  0.10000  0.00000  0.00000  0.00000
59.74000  11.43066  5.15645  1.93250  0.00000  0.10000  0.00000  0.00000  0.00000
59.75000  11.45002  3.30196  1.87558  0.00000  0.10000  0.00000  0.00000  0.00000
59.76000  11.27754  3.85193  2.14583  0.00000  0.10000  0.00000  0.00000  0.00000
59.77000  11.36127  4.34626  2.00550  0.00000  0.10000  0.00000  0.00000  0.00000
59.78000  11.63944  7.26967  2.14061  0.00000  0.10000  0.00000  0.00000  0.00000
59.79000  11.38658  6.74550  1.96065  0.00000  0.10000  0.00000  0.00000  0.00000
59.80000  11.63540  3.72347  1.63376  0.00000  0.10000  0.00000  0.00000  0.00000
59.81000  11.49294  1.81349  1.48163  0.00000  0.10000  0.00000  0.00000  0.00000
59.82000  11.83620  3.23415  2.04507  0.00000  0.10000  0.00000  0.00000  0.00000
59.83000  11.82484  3.13125  1.91796  0.00000  0.10000  0.00000  0.00000  0.00000
59.84000  12.26568  4.70527  2.05407  0.00000  0.10000  0.00000  0.00000  0.00000
59.85000  12.20416  5.01472  1.69902  0.00000  0.10000  0.00000  0.00000  0.00000
59.86000  12.06965  4.32767  1.86615  0.00000  0.10000  0.00000  0.00000  0.00000
59.87000  12.02334  3.92387  2.22387  0.00000  0.10000  0.00000  0.00000  0.00000
59.88000  11.88883  2.35676  2.12536  0.00000  0.10000  0.00000  0.00000  0.00000
59.89000  12.29701  3.61074  1.75559  0.00000  0.10000  0.00000  0.00000  0.00000
59.90000  12.19789  2.72864  1.41669  0.00000  0.10000  0.00000  0.00000  0.00000
59.91000  11.76110  3.33391  1.05984  0.00000  0.10000  0.00000  0.00000  0.00000
59.92000  11.39235  3.38143  1.02399  0.00000  0.10000  0.00000  0.00000  0.00000
59.93000  11.66871  4.14148  0.87729  0.00000  0.10000  0.00000  0.00000  0.00000
59.94000  11.78081  2.82030  0.94070  0.00000  0.10000  0.00000  0.00000  0.00000
59.95000  11.61787  3.92695  1.01230  0.00000  0.10000  0.00000  0.00000  0.00000
59.96000  11.62475  3.05926  1.29101  0.00000  0.10000  0.00000  0.00000  0.00000
59.97000  11.71421  2.34629  0.86997  0.00000  0.10000  0.00000  0.00000  0.00000
59.98000  11.85484  1.44156  0.72343  0.00000  0.10000  0.00000  0.00000  0.00000
59.99000  11.86839  2.64170  0.94169  0.00000  0.10000  0.00000  0.00000  0.00000
60.00000  11.72240  0.64274  1.09072  0.00000  0.10000  0.00000  0.00000  0.00000
60.01000  11.65773 -0.68915  0.91802  0.00000  0.10000  0.00000  0.00000  0.00000
60.02000  11.57352  3.41256  1.48064  0.00000  0.10000  0.00000  0.00000  0.00000
60.03000  11.70966  1.85774  1.30282  0.00000  0.10000  0.00000  0.00000  0.00000
60.04000  11.76007  1.99344  1.31279  0.00000  0.10000  0.00000  0.00000  0.00000
60.05000  11.67556  0.69678  1.25096  0.00000  0.10000  0.00000  0.00000  0.00000
60.06000  11.48488  2.38962  1.42510  0.00000  0.10000  0.00000  0.00000  0.00000
60.07000  11.57415  2.29883  1.72042  0.00000  0.10000  0.00000  0.00000  0.00000
60.08000  11.34568  1.14753  1.45087  0.00000  0.10000  0.00000  0.00000  0.00000
60.09000  11.50805  1.05524  1.77928  0.00000  0.10000  0.00000  0.00000  0.00000
60.10000  11.26794 -1.45664  1.68845  0.00000  0.10000  0.00000  0.00000  0.00000
60.11000  11.48064 -3.87355  1.51647  0.00000  0.10000  0.00000  0.00000  0.00000
60.12000  11.16653 -4.04506  1.31277  0.00000  0.10000  0.00000  0.00000  0.00000
60.13000  11.28718 -2.05808  1.36807  0.00000  0.10000  0.00000  0.00000  0.00000
60.14000  11.23197 -0.91394  1.25240  0.00000  0.10000  0.00000  0.00000  0.00000
60.15000  11.40663 -1.22728  1.42245  0.00000  0.10000  0.00000  0.00000  0.00000
60.16000  11.61420 -0.24317  1.54085  0.00000  0.10000  0.00000  0.00000  0.00000
60.17000  11.72171 -0.92314  1.21175  0.00000  0.10000  0.00000  0.00000  0.00000
60.18000  11.95468  0.25016  1.26768  0.00000  0.10000  0.00000  0.00000  0.00000
60.19000  11.74453  2.59176  1.45944  0.00000  0.10000  0.00000  0.00000  0.00000
60.20000  11.64992  1.22770  1.01965  0.00000  0.10000  0.00000  0.00000  0.00000
60.21000  11.49249 -0.32686  0.57880  0.00000  0.10000  0.00000  0.00000  0.00000
60.22000  11.90665  1.74724  0.98701  0.00000  0.10000  0.00000  0.00000  0.00000
60.23000  11.84305 -0.99470  0.86118  0.00000  0.10000  0.00000  0.00000  0.00000
60.24000  11.82956 -0.40838  0.70981  0.00000  0.10000  0.00000  0.00000  0.00000
60.25000  11.85377 -1.30046  0.91152  0.00000  0.10000  0.00000  0.00000  0.00000
60.26000  12.05429 -1.10309  1.11265  0.00000  0.10000  0.00000  0.00000  0.00000
60.27000  11.88601 -3.18811  1.42534  0.00000  0.10000  0.00000  0.00000  0.00000
60.28000  12.33198 -3.19737  0.75669  0.00000  0.10000  0.00000  0.00000  0.00000
60.29000  11.66098 -5.86308  0.93456  0.00000  0.10000  0.00000  0.00000  0.00000
60.30000  11.90717 -5.01261  1.07167  0.00000  0.10000  0.00000  0.00000  0.00000
60.31000  12.16152 -5.29082  1.49378  0.00000  0.10000  0.00000  0.00000  0.00000
60.32000  11.82892 -2.27830  1.14812  0.00000  0.10000  0.00000  0.00000  0.00000
60.33000  11.77728 -1.17574  0.97774  0.00000  0.10000  0.00000  0.00000  0.00000
60.34000  11.66966 -0.21921  1.17930  0.00000  0.10000  0.00000  0.00000  0.00000
60.35000  11.47653 -0.44025  1.13964  0.00000  0.10000  0.00000  0.00000  0.00000
60.36000  11.33784  0.46450  1.69102  0.00000  0.10000  0.00000  0.00000  0.00000
60.37000  11.43967  0.41365  1.42549  0.00000  0.10000  0.00000  0.00000  0.00000
60.38000  11.79313  1.41412  1.52180  0.00000  0.10000  0.00000  0.00000  0.00000
60.39000  11.51303  2.44982  1.59685  0.00000  0.10000  0.00000  0.00000  0.00000
60.40000  11.51775  3.04056  1.81319  0.00000  0.10000  0.00000  0.00000  0.00000
60.41000  11.17376  2.15203  1.69141  0.00000  0.10000  0.00000  0.00000  0.00000
60.42000  10.94855  3.92880  1.89041  0.00000  0.10000  0.00000  0.00000  0.00000
60.43000  11.23109  5.20850  2.02936  0.00000  0.10000  0.00000  0.00000  0.00000
60.44000  11.01338  6.55634  1.88220  0.00000  0.10000  0.00000  0.00000  0.00000
60.45000  11.25971  5.42339  1.49038  0.00000  0.10000  0.00000  0.00000  0.00000
60.46000  11.51795  5.51792  1.32640  0.00000  0.10000  0.00000  0.00000  0.00000
60.47000  11.32791  6.20888  1.69890  0.00000  0.10000  0.00000  0.00000  0.00000
60.48000  11.34492  7.77024  1.80830  0.00000  0.10000  0.00000  0.00000  0.00000
60.49000  11.17645  9.05584  2.22614  0.00000  0.10000  0.00000  0.00000  0.00000
60.50000  11.43690  9.72102  2.49311  0.00000  0.10000  0.00000  0.00000  0.00000
60.51000  11.92417  9.46545  2.14327  0.00000  0.10000  0.00000  0.00000  0.00000
60.52000  11.79840  9.19567  2.09982  0.00000  0.10000  0.00000  0.00000  0.00000
60.53000  11.64942  9.63701  2.19402  0.00000  0.10000  0.00000  0.00000  0.00000
60.54000  11.67254  9.45295  1.85976  0.00000  0.10000  0.00000  0.00000  0.00000
60.55000  11.57298  9.60921  1.86905  0.00000  0.10000  0.00000  0.00000  0.00000
60.56000  11.74890  10.00395  1.37424  0.00000  0.10000  0.00000  0.00000  0.00000
60.57000  11.83559  9.88508  1.84764  0.00000  0.10000  0.00000  0.00000  0.00000
60.58000  11.81868  8.46857  2.06500  0.00000  0.10000  0.00000  0.00000  0.00000
60.59000  11.51164  7.19844  2.17720  0.00000  0.10000  0.00000  0.00000  0.00000
60.60000  11.86731  5.95693  2.34279  0.00000  0.10000  0.00000  0.00000  0.00000
60.61000  11.98128  8.69913  2.05049  0.00000  0.10000  0.00000  0.00000  0.00000
60.62000  11.69003  8.05197  1.98568  0.00000  0.10000  0.00000  0.00000  0.00000
60.63000  11.53259  7.83637  1.91140  0.00000  0.10000  0.00000  0.00000  0.00000
60.64000  11.46704  8.25233  1.83600  0.00000  0.10000  0.00000  0.00000  0.00000
60.65000  11.58661  8.51231  1.77218  0.00000  0.10000  0.00000  0.00000  0.00000
60.66000  11.71817  7.32502  1.55881  0.00000  0.10000  0.00000  0.00000  0.00000
60.67000  11.65218  9.86964  1.73970  0.00000  0.10000  0.00000  0.00000  0.00000
60.68000  11.52463  11.00862  1.77905  0.00000  0.10000  0.00000  0.00000  0.00000
60.69000  12.13899  10.81916  1.55964  0.00000  0.10000  0.00000  0.00000  0.00000
60.70000  11.99242  11.52553  2.10793  0.00000  0.10000  0.00000  0.00000  0.00000
60.71000  11.58050  9.00607  1.57065  0.00000  0.10000  0.00000  0.00000  0.00000
60.72000  11.80551  9.83252  1.74982  0.00000  0.10000  0.00000  0.00000  0.00000
60.73000  11.94861  8.70282  1.86947  0.00000  0.10000  0.00000  0.00000  0.00000
60.74000  11.72362  9.67984  1.83724  0.00000  0.10000  0.00000  0.00000  0.00000
60.75000  11.53931  11.17559  1.75324  0.00000  0.10000  0.00000  0.00000  0.00000
60.76000  11.58941  10.54399  1.71110  0.00000  0.10000  0.00000  0.00000  0.00000
60.77000  11.64706  10.29539  1.52493  0.00000  0.10000  0.00000  0.00000  0.00000
60.78000  11.53703  9.79757  1.05559  0.00000  0.10000  0.00000  0.00000  0.00000
60.79000  11.21400  9.62088  1.32748  0.00000  0.10000  0.00000  0.00000  0.00000
60.80000  11.38020  10.45202  1.25013  0.00000  0.10000  0.00000  0.00000  0.00000
60.81000  11.65842  10.39103  1.07908  0.00000  0.10000  0.00000  0.00000  0.00000
60.82000  11.56446  10.83238  1.33725  0.00000  0.10000  0.00000  0.00000  0.00000
60.83000  11.51109  8.93968  1.19006  0.00000  0.10000  0.00000  0.00000  0.00000
60.84000  11.45888  9.60137  1.06441  0.00000  0.10000  0.00000  0.00000  0.00000
60.85000  11.73681  8.97870  0.79183  0.00000  0.10000  0.00000  0.00000  0.00000
60.86000  11.58550  8.43678  1.35148  0.00000  0.10000  0.00000  0.00000  0.00000
60.87000  11.22922  10.00352  1.28878  0.00000  0.10000  0.00000  0.00000  0.00000
60.88000  11.49423  9.96830  1.37998  0.00000  0.10000  0.00000  0.00000  0.00000
60.89000  11.33736  10.13694  1.53471  0.00000  0.10000  0.00000  0.00000  0.00000
60.90000  11.62810  10.01716  1.61442  0.00000  0.10000  0.00000  0.00000  0.00000
60.91000  11.75283  9.91864  1.55464  0.00000  0.10000  0.00000  0.00000  0.00000
60.92000  11.65215  10.18176  2.04391  0.00000  0.10000  0.00000  0.00000  0.00000
60.93000  11.63139  9.96617  1.95155  0.00000  0.10000  0.00000  0.00000  0.00000
60.94000  12.11594  10.39081  1.89136  0.00000  0.10000  0.00000  0.00000  0.00000
60.95000  11.63780  10.69402  1.61698  0.00000  0.10000  0.00000  0.00000  0.00000
60.96000  12.36014  9.19925  1.37318  0.00000  0.10000  0.00000  0.00000  0.00000
60.97000  12.04706  8.97695  1.52921  0.00000  0.10000  0.00000  0.00000  0.00000
60.98000  11.81412  9.46857  1.52188  0.00000  0.10000  0.00000  0.00000  0.00000
60.99000  11.90073  9.91178  1.60715  0.00000  0.10000  0.00000  0.00000  0.00000
61.00000  11.62694  8.84592  1.50670  0.00000  0.10000  0.00000  0.00000  0.00000
61.01000  11.75398  8.13744  2.20514  0.00000  0.10000  0.00000  0.00000  0.00000
61.02000  11.46677  8.21748  1.87738  0.00000  0.10000  0.00000  0.00000  0.00000
61.03000  11.66830  9.60026  1.76310  0.00000  0.10000  0.00000  0.00000  0.00000
61.04000  11.52274  8.32410  1.62185  0.00000  0.10000  0.00000  0.00000  0.00000
61.05000  11.52412  9.14971  1.37833  0.00000  0.10000  0.00000  0.00000  0.00000
61.06000  11.63134  8.10042  1.02625  0.00000  0.10000  0.00000  0.00000  0.00000
61.07000  11.70137  7.77723  0.86815  0.00000  0.10000  0.00000  0.00000  0.00000
61.08000  11.95673  6.82887  1.37669  0.00000  0.10000  0.00000  0.00000  0.00000
61.09000  11.84635  7.25390  1.33794  0.00000  0.10000  0.00000  0.00000  0.00000
61.10000  11.82101  7.42390  1.66073  0.00000  0.10000  0.00000  0.00000  0.00000
61.11000  11.59496  8.51617  1.07679  0.00000  0.10000  0.00000  0.00000  0.00000
61.12000  11.66564  7.86984  1.30600  0.00000  0.10000  0.00000  0.00000  0.00000
61.13000  11.69398  6.00055  1.40837  0.00000  0.10000  0.00000  0.00000  0.00000
61.14000  11.64054  7.12585  1.42243  0.00000  0.10000  0.00000  0.00000  0.00000
61.15000  11.51513  6.14326  1.34935  0.00000  0.10000  0.00000  0.00000  0.00000
61.16000  11.54647  7.10169  1.33523  0.00000  0.10000  0.00000  0.00000  0.00000
61.17000  11.48432  7.14859  1.26585  0.00000  0.10000  0.00000  0.00000  0.00000
61.18000  11.44558  6.55386  1.65002  0.00000  0.10000  0.00000  0.00000  0.00000
61.19000  11.89474  7.29486  1.51565  0.00000  0.10000  0.00000  0.00000  0.00000
61.20000  11.56018  8.31948  1.24231  0.00000  0.10000  0.00000  0.00000  0.00000
61.21000  11.35154  9.08209  1.87425  0.00000  0.10000  0.00000  0.00000  0.00000
61.22000  11.20391  9.18936  1.73070  0.00000  0.10000  0.00000  0.00000  0.00000
61.23000  11.62731  9.06657  1.55030  0.00000  0.10000  0.00000  0.00000  0.00000
61.24000  11.57592  11.14903  1.49236  0.00000  0.10000  0.00000  0.00000  0.00000
61.25000  11.77409  9.52609  0.98224  0.00000  0.10000  0.00000  0.00000  0.00000
61.26000  11.58944  8.48255  1.37058  0.00000  0.10000  0.00000  0.00000  0.00000
61.27000  11.56190  6.57716  1.25229  0.00000  0.10000  0.00000  0.00000  0.00000
61.28000  11.66018  6.28860  1.72103  0.00000  0.10000  0.00000  0.00000  0.00000
61.29000  11.63623  5.82029  2.05548  0.00000  0.10000  0.00000  0.00000  0.00000
61.30000  11.80052  6.49848  2.14282  0.00000  0.10000  0.00000  0.00000  0.00000
61.31000  12.10982  7.26721  2.30283  0.00000  0.10000  0.00000  0.00000  0.00000
61.32000  11.64996  6.76228  2.07394  0.00000  0.10000  0.00000  0.00000  0.00000
61.33000  11.89255  7.93888  2.21361  0.00000  0.10000  0.00000  0.00000  0.00000
61.34000  11.95004  6.10328  2.17296  0.00000  0.10000  0.00000  0.00000  0.00000
61.35000  11.90720  6.93511  2.30883  0.00000  0.10000  0.00000  0.00000  0.00000
61.36000  11.86022  6.56855  2.07195  0.00000  0.10000  0.00000  0.00000  0.00000
61.37000  11.85298  5.74833  1.81502  0.00000  0.10000  0.00000  0.00000  0.00000
61.38000  11.68836  4.79496  1.90607  0.00000  0.10000  0.00000  0.00000  0.00000
61.39000  11.58348  4.29812  2.21905  0.00000  0.10000  0.00000  0.00000  0.00000
61.40000  11.66604  5.15582  2.41941  0.00000  0.10000  0.00000  0.00000  0.00000
61.41000  11.61098  5.22878  2.44383  0.00000  0.10000  0.00000  0.00000  0.00000
61.42000  11.40114  2.79910  2.39846  0.00000  0.10000  0.00000  0.00000  0.00000
61.43000  11.42430  3.30590  2.30437  0.00000  0.10000  0.00000  0.00000  0.00000
61.44000  11.38893  1.37537  2.19318  0.00000  0.10000  0.00000  0.00000  0.00000
61.45000  11.58826  1.68759  1.65674  0.00000  0.10000  0.00000  0.00000  0.00000
61.46000  11.97410  1.72504  0.92079  0.00000  0.10000  0.00000  0.00000  0.00000
61.47000  12.01635  3.96905  1.30277  0.00000  0.10000  0.00000  0.00000  0.00000
61.48000  11.87825  2.62870  1.63760  0.00000  0.10000  0.00000  0.00000  0.00000
61.49000  11.86569  3.23987  1.23848  0.00000  0.10000  0.00000  0.00000  0.00000
61.50000  11.90064  2.07443  1.03082  0.00000  0.10000  0.00000  0.00000  0.00000
61.51000  11.52654  1.17280  1.21833  0.00000  0.10000  0.00000  0.00000  0.00000
61.52000  11.19746  1.98045  1.34582  0.00000  0.10000  0.00000  0.00000  0.00000
61.53000  11.85960  1.81726  1.44287  0.00000  0.10000  0.00000  0.00000  0.00000
61.54000  11.93168  2.92422  1.09965  0.00000  0.10000  0.00000  0.00000  0.00000
61.55000  11.65495  2.32563  1.01788  0.00000  0.10000  0.00000  0.00000  0.00000
61.56000  12.13409  3.18866  0.93037  0.00000  0.10000  0.00000  0.00000  0.00000
61.57000  12.01745  1.97089  0.56714  0.00000  0.10000  0.00000  0.00000  0.00000
61.58000  11.83279  1.22133  0.91686  0.00000  0.10000  0.00000  0.00000  0.00000
61.59000  12.10446  3.09762  0.92631  0.00000  0.10000  0.00000  0.00000  0.00000
61.60000  12.04415  3.45507  0.78912  0.00000  0.10000  0.00000  0.00000  0.00000
61.61000  12.26365  3.70637  0.83109  0.00000  0.10000  0.00000  0.00000  0.00000
61.62000  12.34853  2.90279  0.68129  0.00000  0.10000  0.00000  0.00000  0.00000
61.63000  11.91093  2.80885  0.98094  0.00000  0.10000  0.00000  0.00000  0.00000
61.64000  12.01356  4.59488  0.90416  0.00000  0.10000  0.00000  0.00000  0.00000
61.65000  12.36349  5.27929  1.07255  0.00000  0.10000  0.00000  0.00000  0.00000
61.66000  12.39172  6.61791  0.93484  0.00000  0.10000  0.00000  0.00000  0.00000
61.67000  12.42490  5.96692  1.49249  0.00000  0.10000  0.00000  0.00000  0.00000
61.68000  12.02921  5.06638  1.02259  0.00000  0.10000  0.00000  0.00000  0.00000
61.69000  12.26274  5.08708  1.44521  0.00000  0.10000  0.00000  0.00000  0.00000
61.70000  12.07892  4.41950  1.17846  0.00000  0.10000  0.00000  0.00000  0.00000
61.71000  12.43941  4.40488  1.53728  0.00000  0.10000  0.00000  0.00000  0.00000
61.72000  12.41628  3.02729  1.04901  0.00000  0.10000  0.00000  0.00000  0.00000
61.73000  12.54994  3.90044  1.35977  0.00000  0.10000  0.00000  0.00000  0.00000
61.74000  12.72662  4.60799  1.77948  0.00000  0.10000  0.00000  0.00000  0.00000
61.75000  12.41276  4.21145  1.79012  0.00000  0.10000  0.00000  0.00000  0.00000
61.76000  12.25319  3.35877  2.00457  0.00000  0.10000  0.00000  0.00000  0.00000
61.77000  12.03477  4.23704  1.56349  0.00000  0.10000  0.00000  0.00000  0.00000
61.78000  12.18621  6.65811  1.48315  0.00000  0.10000  0.00000  0.00000  0.00000
61.79000  12.13691  7.23294  1.78962  0.00000  0.10000  0.00000  0.00000  0.00000
61.80000  12.31640  7.76627  1.81805  0.00000  0.10000  0.00000  0.00000  0.00000
61.81000  12.20262  6.30936  1.18076  0.00000  0.10000  0.00000  0.00000  0.00000
61.82000  12.08045  6.39570  1.06386  0.00000  0.10000  0.00000  0.00000  0.00000
61.83000  12.40766  6.03083  1.14758  0.00000  0.10000  0.00000  0.00000  0.00000
61.84000  12.16342  6.67008  1.15871  0.00000  0.10000  0.00000  0.00000  0.00000
61.85000  12.45048  7.23477  0.72195  0.00000  0.10000  0.00000  0.00000  0.00000
61.86000  12.50810  5.83713 -0.01299  0.00000  0.10000  0.00000  0.00000  0.00000
61.87000  12.22564  5.67514 -0.05477  0.00000  0.10000  0.00000  0.00000  0.00000
61.88000  12.61022  4.82315 -0.11190  0.00000  0.10000  0.00000  0.00000  0.00000
61.89000  12.62007  3.51420  0.24702  0.00000  0.10000  0.00000  0.00000  0.00000
61.90000  12.87766  4.48119 -0.07246  0.00000  0.10000  0.00000  0.00000  0.00000
61.91000  12.81003  6.23926  0.32824  0.00000  0.10000  0.00000  0.00000  0.00000
61.92000  12.76834  7.68625  0.08904  0.00000  0.10000  0.00000  0.00000  0.00000
61.93000  12.66790  6.17585  0.27563  0.00000  0.10000  0.00000  0.00000  0.00000
61.94000  12.58231  5.71668  0.77892  0.00000  0.10000  0.00000  0.00000  0.00000
61.95000  12.01814  6.74442  1.33647  0.00000  0.10000  0.00000  0.00000  0.00000
61.96000  12.39912  6.70912  1.62952  0.00000  0.10000  0.00000  0.00000  0.00000
61.97000  12.47496  5.48379  1.35733  0.00000  0.10000  0.00000  0.00000  0.00000
61.98000  12.21788  5.84626  1.38044  0.00000  0.10000  0.00000  0.00000  0.00000
61.99000  12.39453  7.40023  1.23761  0.00000  0.10000  0.00000  0.00000  0.00000
62.00000  12.70053  9.13516  1.05906  0.00000  0.10000  0.00000  0.00000  0.00000
62.01000  12.65291  9.37616  0.86943  0.00000  0.10000  0.00000  0.00000  0.00000
62.02000  12.85702  9.04522  0.71974  0.00000  0.10000  0.00000  0.00000  0.00000
62.03000  13.01854  9.67066  0.49483  0.00000  0.10000  0.00000  0.00000  0.00000
62.04000  13.15883  9.21550  0.62334  0.00000  0.10000  0.00000  0.00000  0.00000
62.05000  13.32337  8.27646  0.75351  0.00000  0.10000  0.00000  0.00000  0.00000
62.06000  13.43567  9.63148  0.56656  0.00000  0.10000  0.00000  0.00000  0.00000
62.07000  13.45296  9.58037  0.59532  0.00000  0.10000  0.00000  0.00000  0.00000
62.08000  12.72093  5.93769 -0.13407  0.00000  0.10000  0.00000  0.00000  0.00000
62.09000  12.90336  6.33235  0.16094  0.00000  0.10000  0.00000  0.00000  0.00000
62.10000  13.02838  6.98459  0.03241  0.00000  0.10000  0.00000  0.00000  0.00000
62.11000  12.96147  8.16787  0.07022  0.00000  0.10000  0.00000  0.00000  0.00000
62.12000  13.26658  5.19146  0.22591  0.00000  0.10000  0.00000  0.00000  0.00000
62.13000  13.24828  5.84182 -0.19309  0.00000  0.10000  0.00000  0.00000  0.00000
62.14000  13.47538  6.21286 -0.23653  0.00000  0.10000  0.00000  0.00000  0.00000
62.15000  13.17933  5.27512 -0.29805  0.00000  0.10000  0.00000  0.00000  0.00000
62.16000  13.33803  4.89127 -0.47203  0.00000  0.10000  0.00000  0.00000  0.00000
62.17000  13.39342  6.98687 -0.14016  0.00000  0.10000  0.00000  0.00000  0.00000
62.18000  13.20474  6.69298 -0.08204  0.00000  0.10000  0.00000  0.00000  0.00000
62.19000  13.36874  8.04872 -0.10188  0.00000  0.10000  0.00000  0.00000  0.00000
62.20000  12.95141  6.21154 -0.04689  0.00000  0.10000  0.00000  0.00000  0.00000
62.21000  13.12083  5.10124 -0.39517  0.00000  0.10000  0.00000  0.00000  0.00000
62.22000  13.15716  4.40974 -0.35471  0.00000  0.10000  0.00000  0.00000  0.00000
62.23000  12.94888  4.22404 -0.26534  0.00000  0.10000  0.00000  0.00000  0.00000
62.24000  12.69478  4.43762 -0.07904  0.00000  0.10000  0.00000  0.00000  0.00000
62.25000  12.95406  4.44473 -0.14944  0.00000  0.10000  0.00000  0.00000  0.00000
62.26000  12.75309  5.28111 -0.58800  0.00000  0.10000  0.00000  0.00000  0.00000
62.27000  12.97189  5.92092 -0.96399  0.00000  0.10000  0.00000  0.00000  0.00000
62.28000  13.03033  5.16710 -1.06573  0.00000  0.10000  0.00000  0.00000  0.00000
62.29000  12.74653  4.26992 -0.86323  0.00000  0.10000  0.00000  0.00000  0.00000
62.30000  13.07892  5.86651 -0.78660  0.00000  0.10000  0.00000  0.00000  0.00000
62.31000  13.27470  5.86178 -0.88350  0.00000  0.10000  0.00000  0.00000  0.00000
62.32000  13.02161  6.69101 -0.90951  0.00000  0.10000  0.00000  0.00000  0.00000
62.33000  12.76204  6.50797 -0.70191  0.00000  0.10000  0.00000  0.00000  0.00000
62.34000  12.77230  7.39676 -0.19055  0.00000  0.10000  0.00000  0.00000  0.00000
62.35000  12.27401  6.98648 -0.40111  0.00000  0.10000  0.00000  0.00000  0.00000
62.36000  12.65149  5.16960  0.20136  0.00000  0.10000  0.00000  0.00000  0.00000
62.37000  12.84528  4.43489  0.09860  0.00000  0.10000  0.00000  0.00000  0.00000
62.38000  12.74853  5.07462  0.09097  0.00000  0.10000  0.00000  0.00000  0.00000
62.39000  12.76354  2.13555  0.39452  0.00000  0.10000  0.00000  0.00000  0.00000
62.40000  13.18955  3.48699  0.60215  0.00000  0.10000  0.00000  0.00000  0.00000
62.41000  12.54576  5.13973  1.14435  0.00000  0.10000  0.00000  0.00000  0.00000
62.42000  12.26486  4.02475  0.63337  0.00000  0.10000  0.00000  0.00000  0.00000
62.43000  12.24904  5.95410  0.85829  0.00000  0.10000  0.00000  0.00000  0.00000
62.44000  12.17178  7.47294  0.48311  0.00000  0.10000  0.00000  0.00000  0.00000
62.45000  12.31396  7.95566  0.67851  0.00000  0.10000  0.00000  0.00000  0.00000
62.46000  12.32328  6.44438  0.88759  0.00000  0.10000  0.00000  0.00000  0.00000
62.47000  12.59935  5.45735  0.60850  0.00000  0.10000  0.00000  0.00000  0.00000
62.48000  12.73635  6.94583  1.42292  0.00000  0.10000  0.00000  0.00000  0.00000
62.49000  12.59760  7.81001  1.15836  0.00000  0.10000  0.00000  0.00000  0.00000
62.50000  12.65267  6.27269  1.03547  0.00000  0.10000  0.00000  0.00000  0.00000
62.51000  12.82314  6.33585  1.13956  0.00000  0.10000  0.00000  0.00000  0.00000
62.52000  12.57198  5.88543  1.01916  0.00000  0.10000  0.00000  0.00000  0.00000
62.53000  12.66542  6.45817  0.80295  0.00000  0.10000  0.00000  0.00000  0.00000
62.54000  12.82267  6.60592  0.68823  0.00000  0.10000  0.00000  0.00000  0.00000
62.55000  12.91106  6.42287  0.80888  0.00000  0.10000  0.00000  0.00000  0.00000
62.56000  12.89457  8.10713  0.59843  0.00000  0.10000  0.00000  0.00000  0.00000
62.57000  13.03793  7.88787  0.60072  0.00000  0.10000  0.00000  0.00000  0.00000
62.58000  12.62660  7.48473  0.59369  0.00000  0.10000  0.00000  0.00000  0.00000
62.59000  12.63047  7.47025  0.74950  0.00000  0.10000  0.00000  0.00000  0.00000
62.60000  12.87152  8.37172  0.83767  0.00000  0.10000  0.00000  0.00000  0.00000
62.61000  12.83192  7.95060  1.05628  0.00000  0.10000  0.00000  0.00000  0.00000
62.62000  12.60292  7.89960  0.65993  0.00000  0.10000  0.00000  0.00000  0.00000
62.63000  12.53493  7.02097  0.47986  0.00000  0.10000  0.00000  0.00000  0.00000
62.64000  12.45778  6.67753  0.48980  0.00000  0.10000  0.00000  0.00000  0.00000
62.65000  12.40658  6.51455  0.78558  0.00000  0.10000  0.00000  0.00000  0.00000
62.66000  12.44741  6.59763  0.87099  0.00000  0.10000  0.00000  0.00000  0.00000
62.67000  12.43414  6.85150  0.52199  0.00000  0.10000  0.00000  0.00000  0.00000
62.68000  12.27127  7.31426  0.39159  0.00000  0.10000  0.00000  0.00000  0.00000
62.69000  12.47363  6.84052  0.48932  0.00000  0.10000  0.00000  0.00000  0.00000
62.70000  12.50881  7.81700  0.11415  0.00000  0.10000  0.00000  0.00000  0.00000
62.71000  12.69084  5.96212  0.22379  0.00000  0.10000  0.00000  0.00000  0.00000
62.72000  13.11009  3.72013  0.17876  0.00000  0.10000  0.00000  0.00000  0.00000
62.73000  13.01877  4.98238  0.18961  0.00000  0.10000  0.00000  0.00000  0.00000
62.74000  13.43954  4.11219  0.16878  0.00000  0.10000  0.00000  0.00000  0.00000
62.75000  13.54231  2.81165  0.08045  0.00000  0.10000  0.00000  0.00000  0.00000
62.76000  13.42988  4.68496  0.46522  0.00000  0.10000  0.00000  0.00000  0.00000
62.77000  13.53360  3.36033  0.48593  0.00000  0.10000  0.00000  0.00000  0.00000
62.78000  13.36322  4.25850  0.17443  0.00000  0.10000  0.00000  0.00000  0.00000
62.79000  13.49682  2.55975  0.75525  0.00000  0.10000  0.00000  0.00000  0.00000
62.80000  13.10357  4.51502  1.03311  0.00000  0.10000  0.00000  0.00000  0.00000
62.81000  13.06294  4.44574  1.31911  0.00000  0.10000  0.00000  0.00000  0.00000
62.82000  12.91001  4.32837  1.13917  0.00000  0.10000  0.00000  0.00000  0.00000
62.83000  12.71651  4.39872  0.81239  0.00000  0.10000  0.00000  0.00000  0.00000
62.84000  13.10478  4.45343  0.65816  0.00000  0.10000  0.00000  0.00000  0.00000
62.85000  13.00033  3.79112  0.23412  0.00000  0.10000  0.00000  0.00000  0.00000
62.86000  12.89233  2.39982  0.38976  0.00000  0.10000  0.00000  0.00000  0.00000
62.87000  12.69122  1.69277  0.04895  0.00000  0.10000  0.00000  0.00000  0.00000
62.88000  13.13343  0.86116  0.09113  0.00000  0.10000  0.00000  0.00000  0.00000
62.89000  13.06179  1.40525 -0.01251  0.00000  0.10000  0.00000  0.00000  0.00000
62.90000  12.92870  1.33103  0.02288  0.00000  0.10000  0.00000  0.00000  0.00000
62.91000  13.21673  1.86769  0.20372  0.00000  0.10000  0.00000  0.00000  0.00000
62.92000  13.00948  4.60684  0.39725  0.00000  0.10000  0.00000  0.00000  0.00000
62.93000  12.99536  5.81207  0.27655  0.00000  0.10000  0.00000  0.00000  0.00000
62.94000  12.93000  3.68422  0.53631  0.00000  0.10000  0.00000  0.00000  0.00000
62.95000  12.48793  5.53733  0.46837  0.00000  0.10000  0.00000  0.00000  0.00000
62.96000  12.19693  3.38248  0.44668  0.00000  0.10000  0.00000  0.00000  0.00000
62.97000  12.38313  4.72202  0.82176  0.00000  0.10000  0.00000  0.00000  0.00000
62.98000  12.67332  6.23741  0.46455  0.00000  0.10000  0.00000  0.00000  0.00000
62.99000  12.63760  5.83382  0.59608  0.00000  0.10000  0.00000  0.00000  0.00000
63.00000  12.80304  5.57159  0.48848  0.00000  0.10000  0.00000  0.00000  0.00000
63.01000  12.79589  4.08811  0.39229  0.00000  0.10000  0.00000  0.00000  0.00000
63.02000  12.57684  4.75343  0.36553  0.00000  0.10000  0.00000  0.00000  0.00000
63.03000  12.91767  3.61488  0.16000  0.00000  0.10000  0.00000  0.00000  0.00000
63.04000  12.96891  3.50485 -0.05508  0.00000  0.10000  0.00000  0.00000  0.00000
63.05000  13.15220  2.34165 -0.12798  0.00000  0.10000  0.00000  0.00000  0.00000
63.06000  12.94253  2.81341 -0.00334  0.00000  0.10000  0.00000  0.00000  0.00000
63.07000  13.03302  1.48617 -0.18959  0.00000  0.10000  0.00000  0.00000  0.00000
63.08000  12.99732  1.64983 -0.17835  0.00000  0.10000  0.00000  0.00000  0.00000
63.09000  13.32394  2.26386  0.13262  0.00000  0.10000  0.00000  0.00000  0.00000
63.10000  12.93695  3.21796  0.34987  0.00000  0.10000  0.00000  0.00000  0.00000
63.11000  12.85055  3.53419  0.12319  0.00000  0.10000  0.00000  0.00000  0.00000
63.12000  13.27660  2.11209  0.21866  0.00000  0.10000  0.00000  0.00000  0.00000
63.13000  13.46763  1.20887  0.50283  0.00000  0.10000  0.00000  0.00000  0.00000
63.14000  13.44809 -0.24162  0.71170  0.00000  0.10000  0.00000  0.00000  0.00000
63.15000  13.50367  2.10667  0.92508  0.00000  0.10000  0.00000  0.00000  0.00000
63.16000  13.34696  2.52760  0.96023  0.00000  0.10000  0.00000  0.00000  0.00000
63.17000  13.23473  3.27406  1.04751  0.00000  0.10000  0.00000  0.00000  0.00000
63.18000  13.28836  3.12240  0.92528  0.00000  0.10000  0.00000  0.00000  0.00000
63.19000  13.53756  4.04144  0.83718  0.00000  0.10000  0.00000  0.00000  0.00000
63.20000  13.22581  3.94452  0.90940  0.00000  0.10000  0.00000  0.00000  0.00000
63.21000  13.48249  2.69494  0.58570  0.00000  0.10000  0.00000  0.00000  0.00000
63.22000  13.00660  3.02577  0.71980  0.00000  0.10000  0.00000  0.00000  0.00000
63.23000  13.03786  4.57458  0.35740  0.00000  0.10000  0.00000  0.00000  0.00000
63.24000  13.01296  2.66718  0.76997  0.00000  0.10000  0.00000  0.00000  0.00000
63.25000  13.12573  3.45424  0.74853  0.00000  0.10000  0.00000  0.00000  0.00000
63.26000  12.50853  2.33582  0.96650  0.00000  0.10000  0.00000  0.00000  0.00000
63.27000  12.53731  3.15305  1.33061  0.00000  0.10000  0.00000  0.00000  0.00000
63.28000  12.73792  1.85724  1.34798  0.00000  0.10000  0.00000  0.00000  0.00000
63.29000  12.59052  3.01507  1.11753  0.00000  0.10000  0.00000  0.00000  0.00000
63.30000  12.76914  5.56122  1.00385  0.00000  0.10000  0.00000  0.00000  0.00000
63.31000  12.83114  4.49105  1.52486  0.00000  0.10000  0.00000  0.00000  0.00000
63.32000  12.89238  5.31589  1.83221  0.00000  0.10000  0.00000  0.00000  0.00000
63.33000  13.14405  4.03261  1.79392  0.00000  0.10000  0.00000  0.00000  0.00000
63.34000  12.99617  4.15958  1.98592  0.00000  0.10000  0.00000  0.00000  0.00000
63.35000  12.97131  3.15603  2.00780  0.00000  0.10000  0.00000  0.00000  0.00000
63.36000  13.03337  3.55339  1.76842  0.00000  0.10000  0.00000  0.00000  0.00000
63.37000  12.86664  5.64565  1.54219  0.00000  0.10000  0.00000  0.00000  0.00000
63.38000  12.83147  4.67929  1.26809  0.00000  0.10000  0.00000  0.00000  0.00000
63.39000  12.91453  4.89225  1.28419  0.00000  0.10000  0.00000  0.00000  0.00000
63.40000  12.61513  4.73379  1.09549  0.00000  0.10000  0.00000  0.00000  0.00000
63.41000  12.59444  4.44042  0.91832  0.00000  0.10000  0.00000  0.00000  0.00000
63.42000  12.49310  5.72702  1.23155  0.00000  0.10000  0.00000  0.00000  0.00000
63.43000  12.45210  4.24434  1.65536  0.00000  0.10000  0.00000  0.00000  0.00000
63.44000  12.82337  4.57343  1.44303  0.00000  0.10000  0.00000  0.00000  0.00000
63.45000  12.99015  3.49674  1.38067  0.00000  0.10000  0.00000  0.00000  0.00000
63.46000  12.78471  2.06289  1.33837  0.00000  0.10000  0.00000  0.00000  0.00000
63.47000  12.92190  4.23997  1.14313  0.00000  0.10000  0.00000  0.00000  0.00000
63.48000  12.63816  5.64056  1.13513  0.00000  0.10000  0.00000  0.00000  0.00000
63.49000  12.47782  5.60581  1.53955  0.00000  0.10000  0.00000  0.00000  0.00000
63.50000  12.44146  4.11553  1.60252  0.00000  0.10000  0.00000  0.00000  0.00000
63.51000  12.50450  3.51763  1.62750  0.00000  0.10000  0.00000  0.00000  0.00000
63.52000  12.99869  3.54087  1.83011  0.00000  0.10000  0.00000  0.00000  0.00000
63.53000  12.68424  2.15957  1.73128  0.00000  0.10000  0.00000  0.00000  0.00000
63.54000  12.38459  2.61632  1.55223  0.00000  0.10000  0.00000  0.00000  0.00000
63.55000  12.87018  4.66752  1.48566  0.00000  0.10000  0.00000  0.00000  0.00000
63.56000  12.59555  2.05094  1.83466  0.00000  0.10000  0.00000  0.00000  0.00000
63.57000  12.29103  2.51019  1.73556  0.00000  0.10000  0.00000  0.00000  0.00000
63.58000  12.17765  4.62490  1.62083  0.00000  0.10000  0.00000  0.00000  0.00000
63.59000  11.88334  3.30301  1.31289  0.00000  0.10000  0.00000  0.00000  0.00000
63.60000  11.94121  3.35492  1.36442  0.00000  0.10000  0.00000  0.00000  0.00000
63.61000  11.99819  3.55818  1.46943  0.00000  0.10000  0.00000  0.00000  0.00000
63.62000  11.97244  4.21289  1.29458  0.00000  0.10000  0.00000  0.00000  0.00000
63.63000  11.81791  5.13709  1.34346  0.00000  0.10000  0.00000  0.00000  0.00000
63.64000  11.90060  6.45842  1.28012  0.00000  0.10000  0.00000  0.00000  0.00000
63.65000  11.72892  4.50658  1.16909  0.00000  0.10000  0.00000  0.00000  0.00000
63.66000  11.83032  6.48675  1.26055  0.00000  0.10000  0.00000  0.00000  0.00000
63.67000  12.10564  6.85368  1.04868  0.00000  0.10000  0.00000  0.00000  0.00000
63.68000  11.99670  6.56947  0.92110  0.00000  0.10000  0.00000  0.00000  0.00000
63.69000  11.81031  9.02503  1.16327  0.00000  0.10000  0.00000  0.00000  0.00000
63.70000  11.64091  7.09042  1.36572  0.00000  0.10000  0.00000  0.00000  0.00000
63.71000  12.07653  6.12559  1.59178  0.00000  0.10000  0.00000  0.00000  0.00000
63.72000  11.58163  4.63861  1.34207  0.00000  0.10000  0.00000  0.00000  0.00000
63.73000  11.63896  4.98559  1.48040  0.00000  0.10000  0.00000  0.00000  0.00000
63.74000  11.92496  7.20445  1.42803  0.00000  0.10000  0.00000  0.00000  0.00000
63.75000  11.63216  5.97895  1.47312  0.00000  0.10000  0.00000  0.00000  0.00000
63.76000  12.17037  6.50737  1.21910  0.00000  0.10000  0.00000  0.00000  0.00000
63.77000  12.10278  6.10566  1.12554  0.00000  0.10000  0.00000  0.00000  0.00000
63.78000  12.16956  7.76019  0.95926  0.00000  0.10000  0.00000  0.00000  0.00000
63.79000  12.30882  7.79482  0.86994  0.00000  0.10000  0.00000  0.00000  0.00000
63.80000  12.87383  6.80608  0.51328  0.00000  0.10000  0.00000  0.00000  0.00000
63.81000  12.34752  8.90907  0.69993  0.00000  0.10000  0.00000  0.00000  0.00000
63.82000  12.18193  10.48629  0.73417  0.00000  0.10000  0.00000  0.00000  0.00000
63.83000  12.70050  9.81567  0.97954  0.00000  0.10000  0.00000  0.00000  0.00000
63.84000  12.54612  10.40867  1.34203  0.00000  0.10000  0.00000  0.00000  0.00000
63.85000  12.28396  8.36493  0.90172  0.00000  0.10000  0.00000  0.00000  0.00000
63.86000  12.49220  8.79560  1.07978  0.00000  0.10000  0.00000  0.00000  0.00000
63.87000  12.31577  9.51159  1.13165  0.00000  0.10000  0.00000  0.00000  0.00000
63.88000  12.41385  9.74372  1.04402  0.00000  0.10000  0.00000  0.00000  0.00000
63.89000  12.24669  8.88444  0.76522  0.00000  0.10000  0.00000  0.00000  0.00000
63.90000  12.63881  9.63192  0.75038  0.00000  0.10000  0.00000  0.00000  0.00000
63.91000  12.57440  9.75150  0.65852  0.00000  0.10000  0.00000  0.00000  0.00000
63.92000  12.24959  9.13247  0.53724  0.00000  0.10000  0.00000  0.00000  0.00000
63.93000  12.00253  7.76050  0.33862  0.00000  0.10000  0.00000  0.00000  0.00000
63.94000  12.41904  6.55347  0.64481  0.00000  0.10000  0.00000  0.00000  0.00000
63.95000  12.45568  8.05789  0.30139  0.00000  0.10000  0.00000  0.00000  0.00000
63.96000  12.14039  7.54218  0.29803  0.00000  0.10000  0.00000  0.00000  0.00000
63.97000  12.37373  7.83913  0.49156  0.00000  0.10000  0.00000  0.00000  0.00000
63.98000  12.40523  7.29575  0.47904  0.00000  0.10000  0.00000  0.00000  0.00000
63.99000  12.33790  7.32761  0.41304  0.00000  0.10000  0.00000  0.00000  0.00000
64.00000  12.33483  6.64014  0.45084  0.00000  0.10000  0.00000  0.00000  0.00000
64.01000  12.54405  4.52442  0.52272  0.00000  0.10000  0.00000  0.00000  0.00000
64.02000  12.41709  5.00279  0.78700  0.00000  0.10000  0.00000  0.00000  0.00000
64.03000  12.63759  4.64184  0.54573  0.00000  0.10000  0.00000  0.00000  0.00000
64.04000  12.82319  7.88168  0.52750  0.00000  0.10000  0.00000  0.00000  0.00000
64.05000  12.75492  4.13004  0.48352  0.00000  0.10000  0.00000  0.00000  0.00000
64.06000  12.68544  4.60076  0.48952  0.00000  0.10000  0.00000  0.00000  0.00000
64.07000  12.79443  3.93428  0.60396  0.00000  0.10000  0.00000  0.00000  0.00000
64.08000  12.61737  2.81535  0.62477  0.00000  0.10000  0.00000  0.00000  0.00000
64.09000  12.59089  3.41400  0.14738  0.00000  0.10000  0.00000  0.00000  0.00000
64.10000  12.79003  0.68780  0.19798  0.00000  0.10000  0.00000  0.00000  0.00000
64.11000  12.98608  1.50379  0.25004  0.00000  0.10000  0.00000  0.00000  0.00000
64.12000  12.37283  2.06734  0.52601  0.00000  0.10000  0.00000  0.00000  0.00000
64.13000  12.47786  1.09842  0.57198  0.00000  0.10000  0.00000  0.00000  0.00000
64.14000  12.47047  0.89501  0.25777  0.00000  0.10000  0.00000  0.00000  0.00000
64.15000  12.36749  1.77636 -0.01995  0.00000  0.10000  0.00000  0.00000  0.00000
64.16000  12.57338  2.55146  0.04415  0.00000  0.10000  0.00000  0.00000  0.00000
64.17000  12.41440  3.88664  0.29942  0.00000  0.10000  0.00000  0.00000  0.00000
64.18000  12.52261  4.31302  0.49738  0.00000  0.10000  0.00000  0.00000  0.00000
64.19000  12.89399  4.37676  0.52280  0.00000  0.10000  0.00000  0.00000  0.00000
64.20000  13.11493  6.38323  0.24611  0.00000  0.10000  0.00000  0.00000  0.00000
64.21000  13.39236  7.77329  0.22357  0.00000  0.10000  0.00000  0.00000  0.00000
64.22000  13.51962  8.08247  0.43969  0.00000  0.10000  0.00000  0.00000  0.00000
64.23000  13.50830  6.80298  0.90082  0.00000  0.10000  0.00000  0.00000  0.00000
64.24000  13.53466  8.26566  0.88403  0.00000  0.10000  0.00000  0.00000  0.00000
64.25000  13.61476  8.49959  0.91983  0.00000  0.10000  0.00000  0.00000  0.00000
64.26000  13.30790  8.23391  0.78392  0.00000  0.10000  0.00000  0.00000  0.00000
64.27000  13.20132  8.25437  0.79248  0.00000  0.10000  0.00000  0.00000  0.00000
64.28000  13.42233  7.68377  0.91253  0.00000  0.10000  0.00000  0.00000  0.00000
64.29000  12.85147  8.73505  0.76249  0.00000  0.10000  0.00000  0.00000  0.00000
64.30000  12.81223  10.19952  0.54670  0.00000  0.10000  0.00000  0.00000  0.00000
64.31000  12.68491  9.33065  0.79606  0.00000  0.10000  0.00000  0.00000  0.00000
64.32000  12.61523  9.47372  0.56667  0.00000  0.10000  0.00000  0.00000  0.00000
64.33000  12.66820  10.44382  0.58204  0.00000  0.10000  0.00000  0.00000  0.00000
64.34000  12.89546  10.41459  0.47666  0.00000  0.10000  0.00000  0.00000  0.00000
64.35000  13.00678  9.46238  0.19151  0.00000  0.10000  0.00000  0.00000  0.00000
64.36000  13.16104  7.44287  0.35484  0.00000  0.10000  0.00000  0.00000  0.00000
64.37000  12.98438  7.19925  0.06075  0.00000  0.10000  0.00000  0.00000  0.00000
64.38000  12.93880  8.24343 -0.23928  0.00000  0.10000  0.00000  0.00000  0.00000
64.39000  12.65115  8.08130 -0.17223  0.00000  0.10000  0.00000  0.00000  0.00000
64.40000  12.89352  7.25710  0.38916  0.00000  0.10000  0.00000  0.00000  0.00000
64.41000  12.36183  6.58369 -0.01453  0.00000  0.10000  0.00000  0.00000  0.00000
64.42000  12.48154  7.07435  0.19223  0.00000  0.10000  0.00000  0.00000  0.00000
64.43000  12.35477  7.66708  0.33823  0.00000  0.10000  0.00000  0.00000  0.00000
64.44000  12.36586  5.67059  0.00974  0.00000  0.10000  0.00000  0.00000  0.00000
64.45000  12.41606  6.69334 -0.11422  0.00000  0.10000  0.00000  0.00000  0.00000
64.46000  12.46094  7.21984  0.28793  0.00000  0.10000  0.00000  0.00000  0.00000
64.47000  12.69174  6.42090  0.50601  0.00000  0.10000  0.00000  0.00000  0.00000
64.48000  12.47616  5.36564  0.42054  0.00000  0.10000  0.00000  0.00000  0.00000
64.49000  12.42422  4.52917  0.01418  0.00000  0.10000  0.00000  0.00000  0.00000
64.50000  12.14998  7.06483  0.19709  0.00000  0.10000  0.00000  0.00000  0.00000
64.51000  12.30605  7.57496 -0.12348  0.00000  0.10000  0.00000  0.00000  0.00000
64.52000  12.16963  6.71736 -0.21924  0.00000  0.10000  0.00000  0.00000  0.00000
64.53000  12.17767  6.17254  0.13497  0.00000  0.10000  0.00000  0.00000  0.00000
64.54000  11.91030  7.38403 -0.06891  0.00000  0.10000  0.00000  0.00000  0.00000
64.55000  12.11777  8.13622 -0.23761  0.00000  0.10000  0.00000  0.00000  0.00000
64.56000  11.99745  6.61376 -0.48880  0.00000  0.10000  0.00000  0.00000  0.00000
64.57000  11.92184  6.26131 -0.29394  0.00000  0.10000  0.00000  0.00000  0.00000
64.58000  11.99195  7.31065 -0.42590  0.00000  0.10000  0.00000  0.00000  0.00000
64.59000  11.89040  6.40061 -0.08643  0.00000  0.10000  0.00000  0.00000  0.00000
64.60000  11.62793  6.87957 -0.16628  0.00000  0.10000  0.00000  0.00000  0.00000
64.61000  11.39074  6.49221 -0.35127  0.00000  0.10000  0.00000  0.00000  0.00000
64.62000  11.55331  6.15474 -0.56294  0.00000  0.10000  0.00000  0.00000  0.00000
64.63000  11.62100  5.96931 -0.26221  0.00000  0.10000  0.00000  0.00000  0.00000
64.64000  11.44080  6.87336 -0.35757  0.00000  0.10000  0.00000  0.00000  0.00000
64.65000  11.34907  6.55971 -0.53914  0.00000  0.10000  0.00000  0.00000  0.00000
64.66000  11.26447  7.35564 -0.53723  0.00000  0.10000  0.00000  0.00000  0.00000
64.67000  11.33689  6.18898 -0.45771  0.00000  0.10000  0.00000  0.00000  0.00000
64.68000  11.31031  4.25334 -0.88630  0.00000  0.10000  0.00000  0.00000  0.00000
64.69000  11.41523  7.38899 -1.02822  0.00000  0.10000  0.00000  0.00000  0.00000
64.70000  11.45161  6.80670 -1.02803  0.00000  0.10000  0.00000  0.00000  0.00000
64.71000  11.33139  4.95537 -0.76249  0.00000  0.10000  0.00000  0.00000  0.00000
64.72000  11.37158  4.06022 -0.61666  0.00000  0.10000  0.00000  0.00000  0.00000
64.73000  11.62224  3.00468 -0.84648  0.00000  0.10000  0.00000  0.00000  0.00000
64.74000  11.84548  3.77062 -1.24570  0.00000  0.10000  0.00000  0.00000  0.00000
64.75000  11.47597  4.69048 -1.19438  0.00000  0.10000  0.00000  0.00000  0.00000
64.76000  11.51605  3.98104 -1.45067  0.00000  0.10000  0.00000  0.00000  0.00000
64.77000  11.53382  1.75525 -1.82083  0.00000  0.10000  0.00000  0.00000  0.00000
64.78000  11.26172  2.73227 -2.24114  0.00000  0.10000  0.00000  0.00000  0.00000
64.79000  11.63337 -0.08469 -2.31790  0.00000  0.10000  0.00000  0.00000  0.00000
64.80000  11.66054  0.76006 -2.08503  0.00000  0.10000  0.00000  0.00000  0.00000
64.81000  11.75318  1.09427 -1.80804  0.00000  0.10000  0.00000  0.00000  0.00000
64.82000  11.79803  2.75966 -1.93300  0.00000  0.10000  0.00000  0.00000  0.00000
64.83000  11.75269  2.29188 -1.84303  0.00000  0.10000  0.00000  0.00000  0.00000
64.84000  11.60298  1.17613 -1.96333  0.00000  0.10000  0.00000  0.00000  0.00000
64.85000  11.32072 -0.38930 -1.85486  0.00000  0.10000  0.00000  0.00000  0.00000
64.86000  11.62882 -0.28519 -1.51044  0.00000  0.10000  0.00000  0.00000  0.00000
64.87000  11.64873  1.27869 -1.70518  0.00000  0.10000  0.00000  0.00000  0.00000
64.88000  11.57237  0.78505 -1.39273  0.00000  0.10000  0.00000  0.00000  0.00000
64.89000  11.35683  0.56954 -1.57820  0.00000  0.10000  0.00000  0.00000  0.00000
64.90000  11.59143 -0.22434 -1.57165  0.00000  0.10000  0.00000  0.00000  0.00000
64.91000  11.60135  1.33635 -1.48484  0.00000  0.10000  0.00000  0.00000  0.00000
64.92000  11.80309  1.73850 -1.59289  0.00000  0.10000  0.00000  0.00000  0.00000
64.93000  11.51612 -0.29029 -1.33486  0.00000  0.10000  0.00000  0.00000  0.00000
64.94000  11.61055  1.43949 -1.72667  0.00000  0.10000  0.00000  0.00000  0.00000
64.95000  11.82887  3.55651 -1.38409  0.00000  0.10000  0.00000  0.00000  0.00000
64.96000  11.69508  5.12781 -1.29589  0.00000  0.10000  0.00000  0.00000  0.00000
64.97000  12.33113  1.84573 -1.50318  0.00000  0.10000  0.00000  0.00000  0.00000
64.98000  12.33565  1.97914 -1.39749  0.00000  0.10000  0.00000  0.00000  0.00000
64.99000  12.18987  2.16216 -1.36745  0.00000  0.10000  0.00000  0.00000  0.00000
65.00000  11.88303  3.04390 -1.35027  0.00000  0.10000  0.00000  0.00000  0.00000
65.01000  11.71629  4.41531 -1.22808  0.00000  0.10000  0.00000  0.00000  0.00000
65.02000  12.20961  3.58765 -1.09809  0.00000  0.10000  0.00000  0.00000  0.00000
65.03000  12.15977  3.58318 -0.80529  0.00000  0.10000  0.00000  0.00000  0.00000
65.04000  11.82933  3.62232 -1.11442  0.00000  0.10000  0.00000  0.00000  0.00000
65.05000  12.32746  3.58078 -1.23666  0.00000  0.10000  0.00000  0.00000  0.00000
65.06000  12.68755  3.01344 -1.08710  0.00000  0.10000  0.00000  0.00000  0.00000
65.07000  12.90684  3.26989 -1.04229  0.00000  0.10000  0.00000  0.00000  0.00000
65.08000  13.17856  3.01057 -0.82722  0.00000  0.10000  0.00000  0.00000  0.00000
65.09000  12.97504  2.18381 -1.18894  0.00000  0.10000  0.00000  0.00000  0.00000
65.10000  12.91764  4.15803 -1.00790  0.00000  0.10000  0.00000  0.00000  0.00000
65.11000  13.08783  4.90697 -0.74851  0.00000  0.10000  0.00000  0.00000  0.00000
65.12000  12.82232  3.53423 -0.68911  0.00000  0.10000  0.00000  0.00000  0.00000
65.13000  12.95037  2.86347 -0.69860  0.00000  0.10000  0.00000  0.00000  0.00000
65.14000  13.17959  4.62468 -0.66733  0.00000  0.10000  0.00000  0.00000  0.00000
65.15000  13.03443  5.46390 -0.79412  0.00000  0.10000  0.00000  0.00000  0.00000
65.16000  12.94366  5.75297 -0.62058  0.00000  0.10000  0.00000  0.00000  0.00000
65.17000  12.98127  6.03178 -0.21719  0.00000  0.10000  0.00000  0.00000  0.00000
65.18000  12.89459  4.37409 -0.28582  0.00000  0.10000  0.00000  0.00000  0.00000
65.19000  12.79326  4.38883 -0.19190  0.00000  0.10000  0.00000  0.00000  0.00000
65.20000  12.87915  4.32804 -0.32297  0.00000  0.10000  0.00000  0.00000  0.00000
65.21000  13.41015  3.15026 -0.53077  0.00000  0.10000  0.00000  0.00000  0.00000
65.22000  13.50507  3.67281 -0.36250  0.00000  0.10000  0.00000  0.00000  0.00000
65.23000  13.63678  3.90002 -0.24023  0.00000  0.10000  0.00000  0.00000  0.00000
65.24000  13.56531  4.82922 -0.38569  0.00000  0.10000  0.00000  0.00000  0.00000
65.25000  13.78229  4.53684 -0.18544  0.00000  0.10000  0.00000  0.00000  0.00000
65.26000  13.37672  4.13139  0.20009  0.00000  0.10000  0.00000  0.00000  0.00000
65.27000  13.00934  2.74991  0.53324  0.00000  0.10000  0.00000  0.00000  0.00000
65.28000  13.09946  3.09006  0.71930  0.00000  0.10000  0.00000  0.00000  0.00000
65.29000  13.55932  2.74763  0.93328  0.00000  0.10000  0.00000  0.00000  0.00000
65.30000  13.33798  4.37229  0.97657  0.00000  0.10000  0.00000  0.00000  0.00000
65.31000  13.09111  2.43195  1.41119  0.00000  0.10000  0.00000  0.00000  0.00000
65.32000  12.96387  2.20685  1.10644  0.00000  0.10000  0.00000  0.00000  0.00000
65.33000  13.03770  3.14942  0.97381  0.00000  0.10000  0.00000  0.00000  0.00000
65.34000  12.93392  3.72245  1.06912  0.00000  0.10000  0.00000  0.00000  0.00000
65.35000  13.24694  3.46737  0.69300  0.00000  0.10000  0.00000  0.00000  0.00000
65.36000  13.33879  3.66469  0.62192  0.00000  0.10000  0.00000  0.00000  0.00000
65.37000  13.46697  4.80812  0.59795  0.00000  0.10000  0.00000  0.00000  0.00000
65.38000  13.12029  6.33654  0.28705  0.00000  0.10000  0.00000  0.00000  0.00000
65.39000  13.08252  4.69310  0.79070  0.00000  0.10000  0.00000  0.00000  0.00000
65.40000  13.31240  4.95060  0.53186  0.00000  0.10000  0.00000  0.00000  0.00000
65.41000  13.31651  5.28698  0.70064  0.00000  0.10000  0.00000  0.00000  0.00000
65.42000  13.68470  7.11586  1.23093  0.00000  0.10000  0.00000  0.00000  0.00000
65.43000  13.26719  6.87866  1.05542  0.00000  0.10000  0.00000  0.00000  0.00000
65.44000  13.25902  6.94265  1.57276  0.00000  0.10000  0.00000  0.00000  0.00000
65.45000  13.64131  5.52442  1.56840  0.00000  0.10000  0.00000  0.00000  0.00000
65.46000  13.63023  5.43430  1.13192  0.00000  0.10000  0.00000  0.00000  0.00000
65.47000  13.34637  4.89879  1.20817  0.00000  0.10000  0.00000  0.00000  0.00000
65.48000  13.33506  4.38384  1.12542  0.00000  0.10000  0.00000  0.00000  0.00000
65.49000  13.26301  2.77301  1.17630  0.00000  0.10000  0.00000  0.00000  0.00000
65.50000  13.85476  3.64039  1.17639  0.00000  0.10000  0.00000  0.00000  0.00000
65.51000  13.56998  0.83975  1.11841  0.00000  0.10000  0.00000  0.00000  0.00000
65.52000  13.45629  0.49749  0.49186  0.00000  0.10000  0.00000  0.00000  0.00000
65.53000  13.64745 -0.21752  0.73670  0.00000  0.10000  0.00000  0.00000  0.00000
65.54000  13.36910 -1.74143  0.49427  0.00000  0.10000  0.00000  0.00000  0.00000
65.55000  13.94365 -1.31366  0.66611  0.00000  0.10000  0.00000  0.00000  0.00000
65.56000  14.10712 -1.79351  0.69650  0.00000  0.10000  0.00000  0.00000  0.00000
65.57000  13.85600 -0.31771  0.47260  0.00000  0.10000  0.00000  0.00000  0.00000
65.58000  13.71073  2.12368  0.88786  0.00000  0.10000  0.00000  0.00000  0.00000
65.59000  13.50885  1.26418  0.94740  0.00000  0.10000  0.00000  0.00000  0.00000
65.60000  13.27251  1.32598  1.25327  0.00000  0.10000  0.00000  0.00000  0.00000
65.61000  13.37775  1.25664  1.63462  0.00000  0.10000  0.00000  0.00000  0.00000
65.62000  13.48103  3.51353  1.51102  0.00000  0.10000  0.00000  0.00000  0.00000
65.63000  13.31365  2.34644  1.21089  0.00000  0.10000  0.00000  0.00000  0.00000
65.64000  13.03879  3.88888  1.02122  0.00000  0.10000  0.00000  0.00000  0.00000
65.65000  12.82066  1.73559  0.74912  0.00000  0.10000  0.00000  0.00000  0.00000
65.66000  13.07796  1.45840  0.21550  0.00000  0.10000  0.00000  0.00000  0.00000
65.67000  12.88518  3.45004  0.93231  0.00000  0.10000  0.00000  0.00000  0.00000
65.68000  13.04526  2.80321  1.10487  0.00000  0.10000  0.00000  0.00000  0.00000
65.69000  13.12875  2.64244  0.63382  0.00000  0.10000  0.00000  0.00000  0.00000
65.70000  13.46153  1.74366  0.76427  0.00000  0.10000  0.00000  0.00000  0.00000
65.71000  13.42305  2.48211  0.80412  0.00000  0.10000  0.00000  0.00000  0.00000
65.72000  13.30641  3.39184  0.48273  0.00000  0.10000  0.00000  0.00000  0.00000
65.73000  13.40044  4.82241  0.59155  0.00000  0.10000  0.00000  0.00000  0.00000
65.74000  13.41376  5.56489  0.47390  0.00000  0.10000  0.00000  0.00000  0.00000
65.75000  13.64419  4.36389  0.49482  0.00000  0.10000  0.00000  0.00000  0.00000
65.76000  13.37615  3.59483  0.70989  0.00000  0.10000  0.00000  0.00000  0.00000
65.77000  13.35819  3.79197  0.36741  0.00000  0.10000  0.00000  0.00000  0.00000
65.78000  13.41099  4.91925  0.41251  0.00000  0.10000  0.00000  0.00000  0.00000
65.79000  13.66959  4.80197  0.04427  0.00000  0.10000  0.00000  0.00000  0.00000
65.80000  13.35746  5.49440 -0.02631  0.00000  0.10000  0.00000  0.00000  0.00000
65.81000  13.29511  5.53063 -0.03943  0.00000  0.10000  0.00000  0.00000  0.00000
65.82000  12.86970  5.72676 -0.15178  0.00000  0.10000  0.00000  0.00000  0.00000
65.83000  12.58969  5.51531  0.35649  0.00000  0.10000  0.00000  0.00000  0.00000
65.84000  13.01373  6.74259 -0.12969  0.00000  0.10000  0.00000  0.00000  0.00000
65.85000  12.31767  6.55055 -0.31370  0.00000  0.10000  0.00000  0.00000  0.00000
65.86000  12.64386  8.16792 -0.18804  0.00000  0.10000  0.00000  0.00000  0.00000
65.87000  12.59723  6.30444  0.07826  0.00000  0.10000  0.00000  0.00000  0.00000
65.88000  12.45117  7.03732  0.16119  0.00000  0.10000  0.00000  0.00000  0.00000
65.89000  13.20812  6.50786  0.26000  0.00000  0.10000  0.00000  0.00000  0.00000
65.90000  13.27529  7.68198  0.02885  0.00000  0.10000  0.00000  0.00000  0.00000
65.91000  12.51663  6.38181 -0.13893  0.00000  0.10000  0.00000  0.00000  0.00000
65.92000  12.75520  3.51015  0.31626  0.00000  0.10000  0.00000  0.00000  0.00000
65.93000  12.77747  3.05314  0.11752  0.00000  0.10000  0.00000  0.00000  0.00000
65.94000  12.97829  5.01566 -0.03860  0.00000  0.10000  0.00000  0.00000  0.00000
65.95000  13.19038  5.52067 -0.49424  0.00000  0.10000  0.00000  0.00000  0.00000
65.96000  13.26253  5.06061 -0.62963  0.00000  0.10000  0.00000  0.00000  0.00000
65.97000  13.31325  4.06590 -0.38498  0.00000  0.10000  0.00000  0.00000  0.00000
65.98000  13.49477  3.15096 -0.16530  0.00000  0.10000  0.00000  0.00000  0.00000
65.99000  13.16000  3.21040 -0.16179  0.00000  0.10000  0.00000  0.00000  0.00000
66.00000  13.19361  2.57765 -0.02809  0.00000  0.10000  0.00000  0.00000  0.00000
66.01000  13.06501  3.73898 -0.35865  0.00000  0.10000  0.00000  0.00000  0.00000
66.02000  12.90004  3.77751 -0.33598  0.00000  0.10000  0.00000  0.00000  0.00000
66.03000  12.80232  2.29064 -0.43542  0.00000  0.10000  0.00000  0.00000  0.00000
66.04000  12.83407  3.18830 -0.62316  0.00000  0.10000  0.00000  0.00000  0.00000
66.05000  13.04260  5.11724 -0.52827  0.00000  0.10000  0.00000  0.00000  0.00000
66.06000  13.06771  4.65673 -0.44026  0.00000  0.10000  0.00000  0.00000  0.00000
66.07000  12.89727  4.16111 -0.46968  0.00000  0.10000  0.00000  0.00000  0.00000
66.08000  12.94365  4.59692 -0.28871  0.00000  0.10000  0.00000  0.00000  0.00000
66.09000  12.78493  4.94949 -0.29352  0.00000  0.10000  0.00000  0.00000  0.00000
66.10000  12.39102  6.44311 -0.03573  0.00000  0.10000  0.00000  0.00000  0.00000
66.11000  12.19270  6.13069 -0.26331  0.00000  0.10000  0.00000  0.00000  0.00000
66.12000  12.14664  7.55870 -0.09845  0.00000  0.10000  0.00000  0.00000  0.00000
66.13000  12.28604  5.89286  0.38160  0.00000  0.10000  0.00000  0.00000  0.00000
66.14000  12.34545  5.88898  0.07512  0.00000  0.10000  0.00000  0.00000  0.00000
66.15000  12.20629  6.66720  0.39305  0.00000  0.10000  0.00000  0.00000  0.00000
66.16000  12.15087  8.23213  0.45821  0.00000  0.10000  0.00000  0.00000  0.00000
66.17000  12.46506  7.64405  0.13462  0.00000  0.10000  0.00000  0.00000  0.00000
66.18000  11.97225  7.57682  0.37799  0.00000  0.10000  0.00000  0.00000  0.00000
66.19000  12.03978  8.47106 -0.02074  0.00000  0.10000  0.00000  0.00000  0.00000
66.20000  12.03883  7.85156 -0.20561  0.00000  0.10000  0.00000  0.00000  0.00000
66.21000  12.04058  7.11257 -0.03157  0.00000  0.10000  0.00000  0.00000  0.00000
66.22000  12.07110  7.43809  0.28835  0.00000  0.10000  0.00000  0.00000  0.00000
66.23000  12.27408  5.61277  0.26883  0.00000  0.10000  0.00000  0.00000  0.00000
66.24000  12.31864  5.09003  0.03665  0.00000  0.10000  0.00000  0.00000  0.00000
66.25000  12.23336  6.03120  0.16918  0.00000  0.10000  0.00000  0.00000  0.00000
66.26000  12.18146  6.44548  0.54718  0.00000  0.10000  0.00000  0.00000  0.00000
66.27000  12.06957  7.41391  0.45196  0.00000  0.10000  0.00000  0.00000  0.00000
66.28000  12.22133  9.14638  0.47493  0.00000  0.10000  0.00000  0.00000  0.00000
66.29000  12.30282  8.38427  0.26138  0.00000  0.10000  0.00000  0.00000  0.00000
66.30000  12.05755  7.85416 -0.13834  0.00000  0.10000  0.00000  0.00000  0.00000
66.31000  12.07295  6.83266  0.32923  0.00000  0.10000  0.00000  0.00000  0.00000
66.32000  12.19824  6.24247  0.50208  0.00000  0.10000  0.00000  0.00000  0.00000
66.33000  12.14819  5.69194  0.36063  0.00000  0.10000  0.00000  0.00000  0.00000
66.34000  12.27219  5.61722  0.52733  0.00000  0.10000  0.00000  0.00000  0.00000
66.35000  12.10739  7.36783  0.53172  0.00000  0.10000  0.00000  0.00000  0.00000
66.36000  12.19928  6.97753  0.34548  0.00000  0.10000  0.00000  0.00000  0.00000
66.37000  11.96208  7.48685  0.01097  0.00000  0.10000  0.00000  0.00000  0.00000
66.38000  11.69570  6.55607  0.15982  0.00000  0.10000  0.00000  0.00000  0.00000
66.39000  11.83245  8.73696 -0.19519  0.00000  0.10000  0.00000  0.00000  0.00000
66.40000  11.95834  7.29855 -0.24366  0.00000  0.10000  0.00000  0.00000  0.00000
66.41000  12.24478  7.83569 -0.39098  0.00000  0.10000  0.00000  0.00000  0.00000
66.42000  12.70665  8.97913 -0.24761  0.00000  0.10000  0.00000  0.00000  0.00000
66.43000  12.37459  6.95939 -0.03156  0.00000  0.10000  0.00000  0.00000  0.00000
66.44000  12.42162  8.21221 -0.31920  0.00000  0.10000  0.00000  0.00000  0.00000
66.45000  12.42707  8.71267 -0.26477  0.00000  0.10000  0.00000  0.00000  0.00000
66.46000  12.26180  8.25043 -0.52435  0.00000  0.10000  0.00000  0.00000  0.00000
66.47000  11.95985  8.71452 -0.48923  0.00000  0.10000  0.00000  0.00000  0.00000
66.48000  11.62908  7.61357 -0.60021  0.00000  0.10000  0.00000  0.00000  0.00000
66.49000  11.92356  5.41760 -0.12150  0.00000  0.10000  0.00000  0.00000  0.00000
66.50000  11.84764  4.65024  0.20894  0.00000  0.10000  0.00000  0.00000  0.00000
66.51000  11.68786  3.79395  0.07732  0.00000  0.10000  0.00000  0.00000  0.00000
66.52000  11.63510  4.89913 -0.25929  0.00000  0.10000  0.00000  0.00000  0.00000
66.53000  11.78450  5.29637 -0.23415  0.00000  0.10000  0.00000  0.00000  0.00000
66.54000  11.78113  4.21489 -0.73522  0.00000  0.10000  0.00000  0.00000  0.00000
66.55000  11.88606  5.97293 -0.32756  0.00000  0.10000  0.00000  0.00000  0.00000
66.56000  11.66787  4.74639 -0.69097  0.00000  0.10000  0.00000  0.00000  0.00000
66.57000  11.33877  4.64108 -0.47164  0.00000  0.10000  0.00000  0.00000  0.00000
66.58000  11.17991  5.03844 -0.59176  0.00000  0.10000  0.00000  0.00000  0.00000
66.59000  11.03618  3.90829 -0.57091  0.00000  0.10000  0.00000  0.00000  0.00000
66.60000  11.10553  1.55713 -0.39178  0.00000  0.10000  0.00000  0.00000  0.00000
66.61000  11.10103  0.37381 -0.49573  0.00000  0.10000  0.00000  0.00000  0.00000
66.62000  10.88213  3.86265 -0.66901  0.00000  0.10000  0.00000  0.00000  0.00000
66.63000  11.02199  4.89032 -0.57439  0.00000  0.10000  0.00000  0.00000  0.00000
66.64000  10.92159  3.98843 -0.83594  0.00000  0.10000  0.00000  0.00000  0.00000
66.65000  11.06546  2.22515 -0.50725  0.00000  0.10000  0.00000  0.00000  0.00000
66.66000  10.88501  1.89028 -0.74405  0.00000  0.10000  0.00000  0.00000  0.00000
66.67000  10.86924  2.10945 -0.69941  0.00000  0.10000  0.00000  0.00000  0.00000
66.68000  10.78076  2.98202 -0.38255  0.00000  0.10000  0.00000  0.00000  0.00000
66.69000  10.82217  4.13633 -0.49376  0.00000  0.10000  0.00000  0.00000  0.00000
66.70000  10.99950  5.09046 -0.69660  0.00000  0.10000  0.00000  0.00000  0.00000
66.71000  10.97450  4.38962 -0.15017  0.00000  0.10000  0.00000  0.00000  0.00000
66.72000  10.99731  5.94620 -0.09695  0.00000  0.10000  0.00000  0.00000  0.00000
66.73000  10.88841  6.59899 -0.27319  0.00000  0.10000  0.00000  0.00000  0.00000
66.74000  10.62321  8.21836 -0.12689  0.00000  0.10000  0.00000  0.00000  0.00000
66.75000  10.59536  6.68139  0.14406  0.00000  0.10000  0.00000  0.00000  0.00000
66.76000  10.74204  7.32297  0.56587  0.00000  0.10000  0.00000  0.00000  0.00000
66.77000  10.62974  6.02007  0.23028  0.00000  0.10000  0.00000  0.00000  0.00000
66.78000  10.22406  6.60495  0.21011  0.00000  0.10000  0.00000  0.00000  0.00000
66.79000  10.89382  5.74339  0.43375  0.00000  0.10000  0.00000  0.00000  0.00000
66.80000  11.03020  8.81668  0.01708  0.00000  0.10000  0.00000  0.00000  0.00000
66.81000  10.84790  7.24001  0.14194  0.00000  0.10000  0.00000  0.00000  0.00000
66.82000  10.77499  6.78836  0.18325  0.00000  0.10000  0.00000  0.00000  0.00000
66.83000  10.40577  8.14559 -0.01555  0.00000  0.10000  0.00000  0.00000  0.00000
66.84000  10.73809  11.01040  0.12280  0.00000  0.10000  0.00000  0.00000  0.00000
66.85000  10.46878  10.95258  0.19784  0.00000  0.10000  0.00000  0.00000  0.00000
66.86000  10.89032  12.38849  0.06066  0.00000  0.10000  0.00000  0.00000  0.00000
66.87000  10.78231  10.48832  0.37611  0.00000  0.10000  0.00000  0.00000  0.00000
66.88000  10.75417  11.06929  0.47552  0.00000  0.10000  0.00000  0.00000  0.00000
66.89000  10.74650  11.06872  0.12140  0.00000  0.10000  0.00000  0.00000  0.00000
66.90000  10.86380  12.64967  0.52004  0.00000  0.10000  0.00000  0.00000  0.00000
66.91000  10.98058  12.51782  0.64013  0.00000  0.10000  0.00000  0.00000  0.00000
66.92000  11.15904  11.64183  0.65423  0.00000  0.10000  0.00000  0.00000  0.00000
66.93000  10.97689  12.38980  0.78185  0.00000  0.10000  0.00000  0.00000  0.00000
66.94000  11.02579  11.36999  0.71963  0.00000  0.10000  0.00000  0.00000  0.00000
66.95000  10.99270  10.71541  0.95704  0.00000  0.10000  0.00000  0.00000  0.00000
66.96000  10.96220  10.79254  0.99567  0.00000  0.10000  0.00000  0.00000  0.00000
66.97000  10.89030  12.35604  0.72948  0.00000  0.10000  0.00000  0.00000  0.00000
66.98000  10.62840  13.28769  1.38734  0.00000  0.10000  0.00000  0.00000  0.00000
66.99000  10.90366  13.68577  1.40423  0.00000  0.10000  0.00000  0.00000  0.00000
67.00000  10.75260  13.11603  0.93481  0.00000  0.10000  0.00000  0.00000  0.00000
67.01000  11.00036  12.07589  0.79064  0.00000  0.10000  0.00000  0.00000  0.00000
67.02000  10.79365  13.49439  0.92828  0.00000  0.10000  0.00000  0.00000  0.00000
67.03000  11.25268  9.95578  0.88447  0.00000  0.10000  0.00000  0.00000  0.00000
67.04000  11.11294  12.01468  0.35053  0.00000  0.10000  0.00000  0.00000  0.00000
67.05000  11.25258  12.64882  0.49013  0.00000  0.10000  0.00000  0.00000  0.00000
67.06000  11.12168  12.18256  0.49355  0.00000  0.10000  0.00000  0.00000  0.00000
67.07000  10.85640  13.13983  0.68263  0.00000  0.10000  0.00000  0.00000  0.00000
67.08000  10.43178  12.06561  0.17293  0.00000  0.10000  0.00000  0.00000  0.00000
67.09000  10.28586  11.28952  0.30732  0.00000  0.10000  0.00000  0.00000  0.00000
67.10000  10.41840  10.34203  0.30824  0.00000  0.10000  0.00000  0.00000  0.00000
67.11000  10.35164  8.74126  0.07416  0.00000  0.10000  0.00000  0.00000  0.00000
67.12000  10.47168  10.73593  0.04832  0.00000  0.10000  0.00000  0.00000  0.00000
67.13000  10.36232  13.08742  0.42592  0.00000  0.10000  0.00000  0.00000  0.00000
67.14000  10.22712  15.59373  0.65520  0.00000  0.10000  0.00000  0.00000  0.00000
67.15000  10.21025  14.78711  0.21158  0.00000  0.10000  0.00000  0.00000  0.00000
67.16000  10.12920  16.02194  0.74841  0.00000  0.10000  0.00000  0.00000  0.00000
67.17000  10.15811  12.95299  0.76012  0.00000  0.10000  0.00000  0.00000  0.00000
67.18000  10.20815  15.12603  0.82102  0.00000  0.10000  0.00000  0.00000  0.00000
67.19000  10.25517  15.35107  0.71829  0.00000  0.10000  0.00000  0.00000  0.00000
67.20000  10.22347  13.27042  0.74367  0.00000  0.10000  0.00000  0.00000  0.00000
67.21000  9.70790  14.16080  0.42065  0.00000  0.10000  0.00000  0.00000  0.00000
67.22000  9.70790  13.72154  0.70011  0.00000  0.10000  0.00000  0.00000  0.00000
67.23000  9.69430  11.76487  0.47887  0.00000  0.10000  0.00000  0.00000  0.00000
67.24000  10.14096  14.21035  0.26620  0.00000  0.10000  0.00000  0.00000  0.00000
67.25000  10.16966  12.11793  0.22924  0.00000  0.10000  0.00000  0.00000  0.00000
67.26000  10.38119  10.48187  0.54555  0.00000  0.10000  0.00000  0.00000  0.00000
67.27000  10.21819  10.03479  0.11801  0.00000  0.10000  0.00000  0.00000  0.00000
67.28000  10.05012  10.75563  0.19906  0.00000  0.10000  0.00000  0.00000  0.00000
67.29000  10.53657  10.27732 -0.15016  0.00000  0.10000  0.00000  0.00000  0.00000
67.30000  10.56041  12.13605 -0.42124  0.00000  0.10000  0.00000  0.00000  0.00000
67.31000  10.76990  12.76383 -0.09639  0.00000  0.10000  0.00000  0.00000  0.00000
67.32000  10.61483  11.64800 -0.34100  0.00000  0.10000  0.00000  0.00000  0.00000
67.33000  10.17216  9.97848 -0.59342  0.00000  0.10000  0.00000  0.00000  0.00000
67.34000  10.28911  9.87713 -0.40192  0.00000  0.10000  0.00000  0.00000  0.00000
67.35000  10.19975  10.12549 -0.48482  0.00000  0.10000  0.00000  0.00000  0.00000
67.36000  9.95323  9.84480 -1.00454  0.00000  0.10000  0.00000  0.00000  0.00000
67.37000  10.14703  10.93673 -0.98487  0.00000  0.10000  0.00000  0.00000  0.00000
67.38000  10.17893  10.17255 -1.12370  0.00000  0.10000  0.00000  0.00000  0.00000
67.39000  10.22279  10.71409 -0.70102  0.00000  0.10000  0.00000  0.00000  0.00000
67.40000  10.00911  8.91111 -1.04463  0.00000  0.10000  0.00000  0.00000  0.00000
67.41000  9.98107  9.82568 -1.24440  0.00000  0.10000  0.00000  0.00000  0.00000
67.42000  9.88697  9.58011 -1.12213  0.00000  0.10000  0.00000  0.00000  0.00000
67.43000  10.23052  11.00767 -0.98727  0.00000  0.10000  0.00000  0.00000  0.00000
67.44000  10.01200  11.74273 -0.74352  0.00000  0.10000  0.00000  0.00000  0.00000
67.45000  9.79055  9.90898 -0.92680  0.00000  0.10000  0.00000  0.00000  0.00000
67.46000  10.00155  8.12859 -1.13187  0.00000  0.10000  0.00000  0.00000  0.00000
67.47000  9.55601  8.13683 -1.31581  0.00000  0.10000  0.00000  0.00000  0.00000
67.48000  9.68030  8.55556 -1.34726  0.00000  0.10000  0.00000  0.00000  0.00000
67.49000  9.58075  7.67816 -1.24253  0.00000  0.10000  0.00000  0.00000  0.00000
67.50000  9.92597  8.65504 -1.43377  0.00000  0.10000  0.00000  0.00000  0.00000
67.51000  10.21821  9.53747 -1.71777  0.00000  0.10000  0.00000  0.00000  0.00000
67.52000  9.92885  8.99382 -1.30017  0.00000  0.10000  0.00000  0.00000  0.00000
67.53000  9.98113  11.21190 -1.70578  0.00000  0.10000  0.00000  0.00000  0.00000
67.54000  9.85698  12.32771 -1.71618  0.00000  0.10000  0.00000  0.00000  0.00000
67.55000  10.02243  14.93441 -1.64650  0.00000  0.10000  0.00000  0.00000  0.00000
67.56000  9.80176  13.24723 -1.32195  0.00000  0.10000  0.00000  0.00000  0.00000
67.57000  9.94607  10.57353 -1.32464  0.00000  0.10000  0.00000  0.00000  0.00000
67.58000  9.70439  10.51989 -1.33635  0.00000  0.10000  0.00000  0.00000  0.00000
67.59000  9.83425  12.42720 -1.82129  0.00000  0.10000  0.00000  0.00000  0.00000
67.60000  9.89263  12.80854 -1.57957  0.00000  0.10000  0.00000  0.00000  0.00000
67.61000  9.86408  12.47844 -1.51017  0.00000  0.10000  0.00000  0.00000  0.00000
67.62000  10.03687  11.76671 -1.25989  0.00000  0.10000  0.00000  0.00000  0.00000
67.63000  10.08961  13.61491 -1.41016  0.00000  0.10000  0.00000  0.00000  0.00000
67.64000  9.84164  13.50232 -1.01600  0.00000  0.10000  0.00000  0.00000  0.00000
67.65000  9.94195  12.87233 -1.15515  0.00000  0.10000  0.00000  0.00000  0.00000
67.66000  9.79683  12.10772 -1.07615  0.00000  0.10000  0.00000  0.00000  0.00000
67.67000  9.86033  14.23345 -1.09815  0.00000  0.10000  0.00000  0.00000  0.00000
67.68000  9.69810  14.21491 -1.28368  0.00000  0.10000  0.00000  0.00000  0.00000
67.69000  9.58651  12.59332 -1.01532  0.00000  0.10000  0.00000  0.00000  0.00000
67.70000  10.13845  13.39820 -0.91964  0.00000  0.10000  0.00000  0.00000  0.00000
67.71000  10.22649  12.69265 -0.77438  0.00000  0.10000  0.00000  0.00000  0.00000
67.72000  10.07014  12.17156 -0.84084  0.00000  0.10000  0.00000  0.00000  0.00000
67.73000  10.07843  14.76627 -1.03246  0.00000  0.10000  0.00000  0.00000  0.00000
67.74000  10.28894  13.77445 -0.85887  0.00000  0.10000  0.00000  0.00000  0.00000
67.75000  10.33788  13.19337 -0.85026  0.00000  0.10000  0.00000  0.00000  0.00000
67.76000  10.24239  11.36439 -0.89935  0.00000  0.10000  0.00000  0.00000  0.00000
67.77000  10.46225  10.43284 -0.59536  0.00000  0.10000  0.00000  0.00000  0.00000
67.78000  10.42007  11.77045 -0.63372  0.00000  0.10000  0.00000  0.00000  0.00000
67.79000  10.53796  10.53494 -0.99167  0.00000  0.10000  0.00000  0.00000  0.00000
67.80000  10.34922  11.16130 -0.73443  0.00000  0.10000  0.00000  0.00000  0.00000
67.81000  10.48829  12.06946 -0.98633  0.00000  0.10000  0.00000  0.00000  0.00000
67.82000  10.24070  10.40178 -0.59614  0.00000  0.10000  0.00000  0.00000  0.00000
67.83000  10.12801  11.01243 -0.36136  0.00000  0.10000  0.00000  0.00000  0.00000
67.84000  10.37172  10.32714 -0.49245  0.00000  0.10000  0.00000  0.00000  0.00000
67.85000  10.42179  11.69603 -0.70308  0.00000  0.10000  0.00000  0.00000  0.00000
67.86000  10.34941  10.76226 -0.82891  0.00000  0.10000  0.00000  0.00000  0.00000
67.87000  10.38025  11.78226 -0.76569  0.00000  0.10000  0.00000  0.00000  0.00000
67.88000  10.17693  10.42655 -1.05216  0.00000  0.10000  0.00000  0.00000  0.00000
67.89000  10.80016  11.50148 -0.89882  0.00000  0.10000  0.00000  0.00000  0.00000
67.90000  10.74338  11.93255 -0.82545  0.00000  0.10000  0.00000  0.00000  0.00000
67.91000  10.25674  10.86910 -0.81929  0.00000  0.10000  0.00000  0.00000  0.00000
67.92000  10.55174  10.27962 -0.66004  0.00000  0.10000  0.00000  0.00000  0.00000
67.93000  10.64839  8.10841 -1.13083  0.00000  0.10000  0.00000  0.00000  0.00000
67.94000  10.86249  6.97447 -1.17696  0.00000  0.10000  0.00000  0.00000  0.00000
67.95000  10.94632  7.28827 -1.14959  0.00000  0.10000  0.00000  0.00000  0.00000
67.96000  10.99019  6.37296 -1.21604  0.00000  0.10000  0.00000  0.00000  0.00000
67.97000  10.88563  8.16934 -0.96233  0.00000  0.10000  0.00000  0.00000  0.00000
67.98000  11.20598  7.22180 -1.22380  0.00000  0.10000  0.00000  0.00000  0.00000
67.99000  11.37962  8.71430 -1.60768  0.00000  0.10000  0.00000  0.00000  0.00000
68.00000  11.19494  9.61905 -1.84938  0.00000  0.10000  0.00000  0.00000  0.00000
68.01000  11.16489  10.28907 -1.93135  0.00000  0.10000  0.00000  0.00000  0.00000
68.02000  11.20112  9.57475 -1.75743  0.00000  0.10000  0.00000  0.00000  0.00000
68.03000  11.50748  10.68824 -2.38999  0.00000  0.10000  0.00000  0.00000  0.00000
68.04000  11.29070  10.86514 -2.24596  0.00000  0.10000  0.00000  0.00000  0.00000
68.05000  11.08018  11.14649 -2.40315  0.00000  0.10000  0.00000  0.00000  0.00000
68.06000  11.13307  12.83786 -2.19502  0.00000  0.10000  0.00000  0.00000  0.00000
68.07000  10.68445  8.76755 -1.58204  0.00000  0.10000  0.00000  0.00000  0.00000
68.08000  10.78955  7.76020 -1.32050  0.00000  0.10000  0.00000  0.00000  0.00000
68.09000  11.11605  6.78102 -1.62458  0.00000  0.10000  0.00000  0.00000  0.00000
68.10000  10.74345  8.80587 -1.77026  0.00000  0.10000  0.00000  0.00000  0.00000
68.11000  10.74188  7.38099 -1.70272  0.00000  0.10000  0.00000  0.00000  0.00000
68.12000  10.77176  10.26042 -1.37494  0.00000  0.10000  0.00000  0.00000  0.00000
68.13000  10.70591  9.39543 -1.52908  0.00000  0.10000  0.00000  0.00000  0.00000
68.14000  10.80096  8.47527 -1.37449  0.00000  0.10000  0.00000  0.00000  0.00000
68.15000  10.66461  7.97096 -1.02508  0.00000  0.10000  0.00000  0.00000  0.00000
68.16000  10.77369  8.95644 -1.07405  0.00000  0.10000  0.00000  0.00000  0.00000
68.17000  10.41729  6.74925 -1.44600  0.00000  0.10000  0.00000  0.00000  0.00000
68.18000  10.46332  5.29139 -1.38784  0.00000  0.10000  0.00000  0.00000  0.00000
68.19000  10.23142  6.15679 -1.11362  0.00000  0.10000  0.00000  0.00000  0.00000
68.20000  10.23585  5.96620 -1.19491  0.00000  0.10000  0.00000  0.00000  0.00000
68.21000  9.87237  4.61791 -1.01518  0.00000  0.10000  0.00000  0.00000  0.00000
68.22000  9.81211  7.08579 -1.29786  0.00000  0.10000  0.00000  0.00000  0.00000
68.23000  9.93028  6.73734 -1.34318  0.00000  0.10000  0.00000  0.00000  0.00000
68.24000  9.88499  3.49959 -1.54899  0.00000  0.10000  0.00000  0.00000  0.00000
68.25000  10.10824  6.62121 -1.65146  0.00000  0.10000  0.00000  0.00000  0.00000
68.26000  10.09139  6.34960 -1.12153  0.00000  0.10000  0.00000  0.00000  0.00000
68.27000  9.82172  8.01367 -1.46459  0.00000  0.10000  0.00000  0.00000  0.00000
68.28000  9.80681  10.64216 -1.38132  0.00000  0.10000  0.00000  0.00000  0.00000
68.29000  10.33849  10.16178 -1.21393  0.00000  0.10000  0.00000  0.00000  0.00000
68.30000  10.30831  9.14412 -1.19263  0.00000  0.10000  0.00000  0.00000  0.00000
68.31000  10.19300  7.60997 -0.83592  0.00000  0.10000  0.00000  0.00000  0.00000
68.32000  10.06666  8.87260 -0.95759  0.00000  0.10000  0.00000  0.00000  0.00000
68.33000  10.10286  11.00818 -0.74825  0.00000  0.10000  0.00000  0.00000  0.00000
68.34000  10.33787  10.97562 -0.95625  0.00000  0.10000  0.00000  0.00000  0.00000
68.35000  10.46176  9.53279 -0.48518  0.00000  0.10000  0.00000  0.00000  0.00000
68.36000  10.29532  11.37465 -0.42706  0.00000  0.10000  0.00000  0.00000  0.00000
68.37000  10.30629  11.55781 -0.44659  0.00000  0.10000  0.00000  0.00000  0.00000
68.38000  10.43782  11.38627 -0.48383  0.00000  0.10000  0.00000  0.00000  0.00000
68.39000  10.50132  11.83123 -0.61449  0.00000  0.10000  0.00000  0.00000  0.00000
68.40000  10.84425  10.67296 -0.56725  0.00000  0.10000  0.00000  0.00000  0.00000
68.41000  10.60925  9.61161 -0.75441  0.00000  0.10000  0.00000  0.00000  0.00000
68.42000  10.60249  8.62862 -0.55896  0.00000  0.10000  0.00000  0.00000  0.00000
68.43000  10.51785  8.40243 -0.25436  0.00000  0.10000  0.00000  0.00000  0.00000
68.44000  10.72424  4.97367 -0.14933  0.00000  0.10000  0.00000  0.00000  0.00000
68.45000  10.89124  5.97969  0.10772  0.00000  0.10000  0.00000  0.00000  0.00000
68.46000  10.54669  5.52389 -0.51141  0.00000  0.10000  0.00000  0.00000  0.00000
68.47000  10.59469  3.78335 -0.22477  0.00000  0.10000  0.00000  0.00000  0.00000
68.48000  10.48325  3.29765  0.05946  0.00000  0.10000  0.00000  0.00000  0.00000
68.49000  10.46069  4.06272  0.25907  0.00000  0.10000  0.00000  0.00000  0.00000
68.50000  10.47701  3.13243 -0.04146  0.00000  0.10000  0.00000  0.00000  0.00000
68.51000  10.79841  3.47140 -0.12356  0.00000  0.10000  0.00000  0.00000  0.00000
68.52000  11.04675  4.57626  0.19184  0.00000  0.10000  0.00000  0.00000  0.00000
68.53000  10.93744  5.43371  0.37036  0.00000  0.10000  0.00000  0.00000  0.00000
68.54000  10.67299  4.75216 -0.01074  0.00000  0.10000  0.00000  0.00000  0.00000
68.55000  10.63527  3.28710 -0.11952  0.00000  0.10000  0.00000  0.00000  0.00000
68.56000  10.88818  4.64730 -0.21531  0.00000  0.10000  0.00000  0.00000  0.00000
68.57000  11.07016  2.11015 -0.27565  0.00000  0.10000  0.00000  0.00000  0.00000
68.58000  10.98108  2.23722 -0.17161  0.00000  0.10000  0.00000  0.00000  0.00000
68.59000  11.12453  2.61685 -0.00950  0.00000  0.10000  0.00000  0.00000  0.00000
68.60000  10.86121  3.62971  0.11829  0.00000  0.10000  0.00000  0.00000  0.00000
68.61000  11.43730  2.45636  0.44656  0.00000  0.10000  0.00000  0.00000  0.00000
68.62000  11.69803  2.13814  0.48778  0.00000  0.10000  0.00000  0.00000  0.00000
68.63000  11.68733  2.89222  0.55513  0.00000  0.10000  0.00000  0.00000  0.00000
68.64000  11.45471  3.11964  0.44794  0.00000  0.10000  0.00000  0.00000  0.00000
68.65000  11.27196  0.78957  0.29956  0.00000  0.10000  0.00000  0.00000  0.00000
68.66000  11.22882 -0.17388  0.51444  0.00000  0.10000  0.00000  0.00000  0.00000
68.67000  11.22920  0.44394  0.68977  0.00000  0.10000  0.00000  0.00000  0.00000
68.68000  11.43507  1.24647  0.59496  0.00000  0.10000  0.00000  0.00000  0.00000
68.69000  11.16567  3.07223  0.61564  0.00000  0.10000  0.00000  0.00000  0.00000
68.70000  11.52622  3.03946  0.72886  0.00000  0.10000  0.00000  0.00000  0.00000
68.71000  10.99922 -0.31413  0.54795  0.00000  0.10000  0.00000  0.00000  0.00000
68.72000  10.84224  0.32291  0.66563  0.00000  0.10000  0.00000  0.00000  0.00000
68.73000  10.97656  1.97134  0.86401  0.00000  0.10000  0.00000  0.00000  0.00000
68.74000  11.21416  1.50967  0.49565  0.00000  0.10000  0.00000  0.00000  0.00000
68.75000  11.41861  1.40874  0.64193  0.00000  0.10000  0.00000  0.00000  0.00000
68.76000  11.27751 -0.03464  0.39075  0.00000  0.10000  0.00000  0.00000  0.00000
68.77000  11.07496  1.62487 -0.01719  0.00000  0.10000  0.00000  0.00000  0.00000
68.78000  10.62395  1.20812  0.06175  0.00000  0.10000  0.00000  0.00000  0.00000
68.79000  10.48091 -0.25748  0.29079  0.00000  0.10000  0.00000  0.00000  0.00000
68.80000  10.64334  0.09742  0.44256  0.00000  0.10000  0.00000  0.00000  0.00000
68.81000  11.01106 -1.14770  0.77727  0.00000  0.10000  0.00000  0.00000  0.00000
68.82000  10.79062 -1.88053  0.42053  0.00000  0.10000  0.00000  0.00000  0.00000
68.83000  10.68146 -1.81042  0.24883  0.00000  0.10000  0.00000  0.00000  0.00000
68.84000  10.16190 -1.55013  0.29786  0.00000  0.10000  0.00000  0.00000  0.00000
68.85000  10.39272 -1.82548  0.51402  0.00000  0.10000  0.00000  0.00000  0.00000
68.86000  10.54583 -1.15469  0.40074  0.00000  0.10000  0.00000  0.00000  0.00000
68.87000  10.19952 -1.99285  0.24653  0.00000  0.10000  0.00000  0.00000  0.00000
68.88000  9.88759 -1.05710  0.16673  0.00000  0.10000  0.00000  0.00000  0.00000
68.89000  9.88052 -2.59497  0.29291  0.00000  0.10000  0.00000  0.00000  0.00000
68.90000  9.86339 -1.34489 -0.17692  0.00000  0.10000  0.00000  0.00000  0.00000
68.91000  9.74989 -1.32447 -0.23365  0.00000  0.10000  0.00000  0.00000  0.00000
68.92000  10.45272 -1.23115 -0.39708  0.00000  0.10000  0.00000  0.00000  0.00000
68.93000  10.38156 -1.85887 -0.50160  0.00000  0.10000  0.00000  0.00000  0.00000
68.94000  10.33774 -2.83612 -0.83929  0.00000  0.10000  0.00000  0.00000  0.00000
68.95000  10.11660 -2.35070 -0.26471  0.00000  0.10000  0.00000  0.00000  0.00000
68.96000  9.79034 -2.89983 -0.33732  0.00000  0.10000  0.00000  0.00000  0.00000
68.97000  9.97862 -2.68484 -0.60092  0.00000  0.10000  0.00000  0.00000  0.00000
68.98000  9.96511 -2.31277 -0.41240  0.00000  0.10000  0.00000  0.00000  0.00000
68.99000  10.24045 -4.01503 -0.23176  0.00000  0.10000  0.00000  0.00000  0.00000
69.00000  10.44002 -3.04920 -0.30638  0.00000  0.10000  0.00000  0.00000  0.00000
69.01000  10.29165  0.82192 -0.38975  0.00000  0.10000  0.00000  0.00000  0.00000
69.02000  10.29174  0.81181 -0.53526  0.00000  0.10000  0.00000  0.00000  0.00000
69.03000  10.32170  0.84436 -0.11284  0.00000  0.10000  0.00000  0.00000  0.00000
69.04000  10.34427 -2.08316 -0.44836  0.00000  0.10000  0.00000  0.00000  0.00000
69.05000  10.69160 -3.34708 -0.50132  0.00000  0.10000  0.00000  0.00000  0.00000
69.06000  10.39944 -2.78869 -0.18818  0.00000  0.10000  0.00000  0.00000  0.00000
69.07000  10.33712 -5.10049 -0.14993  0.00000  0.10000  0.00000  0.00000  0.00000
69.08000  10.63011 -0.23975  0.10853  0.00000  0.10000  0.00000  0.00000  0.00000
69.09000  10.74279  1.30805 -0.14788  0.00000  0.10000  0.00000  0.00000  0.00000
69.10000  11.15192 -0.78600 -0.05608  0.00000  0.10000  0.00000  0.00000  0.00000
69.11000  10.68791 -1.64162 -0.56781  0.00000  0.10000  0.00000  0.00000  0.00000
69.12000  11.07357 -0.73981 -0.04368  0.00000  0.10000  0.00000  0.00000  0.00000
69.13000  10.88034 -0.23056  0.02753  0.00000  0.10000  0.00000  0.00000  0.00000
69.14000  10.98128 -3.48468 -0.54729  0.00000  0.10000  0.00000  0.00000  0.00000
69.15000  11.01575 -3.49704 -0.11222  0.00000  0.10000  0.00000  0.00000  0.00000
69.16000  10.64960 -4.75179  0.01312  0.00000  0.10000  0.00000  0.00000  0.00000
69.17000  10.83957 -4.47597  0.09490  0.00000  0.10000  0.00000  0.00000  0.00000
69.18000  10.86851 -6.36017  0.24398  0.00000  0.10000  0.00000  0.00000  0.00000
69.19000  11.24123 -5.78504  0.44258  0.00000  0.10000  0.00000  0.00000  0.00000
69.20000  11.51004 -5.13234  0.64574  0.00000  0.10000  0.00000  0.00000  0.00000
69.21000  11.23713 -4.03696  0.48944  0.00000  0.10000  0.00000  0.00000  0.00000
69.22000  11.05236 -3.65947  0.18366  0.00000  0.10000  0.00000  0.00000  0.00000
69.23000  10.91297 -2.76781  0.30944  0.00000  0.10000  0.00000  0.00000  0.00000
69.24000  10.73761 -4.14578  0.15310  0.00000  0.10000  0.00000  0.00000  0.00000
69.25000  10.98514 -4.72702  0.48063  0.00000  0.10000  0.00000  0.00000  0.00000
69.26000  10.54975 -3.32724  0.14264  0.00000  0.10000  0.00000  0.00000  0.00000
69.27000  10.81569 -3.33937 -0.04288  0.00000  0.10000  0.00000  0.00000  0.00000
69.28000  10.91367 -2.17112 -0.57996  0.00000  0.10000  0.00000  0.00000  0.00000
69.29000  10.24920 -1.24449 -0.20349  0.00000  0.10000  0.00000  0.00000  0.00000
69.30000  10.15079 -0.55853 -0.15373  0.00000  0.10000  0.00000  0.00000  0.00000
69.31000  10.37992  0.69027  0.07923  0.00000  0.10000  0.00000  0.00000  0.00000
69.32000  10.30881 -0.01004  0.42786  0.00000  0.10000  0.00000  0.00000  0.00000
69.33000  9.92889 -2.42321  0.25531  0.00000  0.10000  0.00000  0.00000  0.00000
69.34000  10.16961 -1.69287  0.41813  0.00000  0.10000  0.00000  0.00000  0.00000
69.35000  10.06258  1.62901  0.57243  0.00000  0.10000  0.00000  0.00000  0.00000
69.36000  10.17924 -0.38436  0.51624  0.00000  0.10000  0.00000  0.00000  0.00000
69.37000  10.12474 -0.54856  0.90405  0.00000  0.10000  0.00000  0.00000  0.00000
69.38000  10.26773  0.91468  0.86376  0.00000  0.10000  0.00000  0.00000  0.00000
69.39000  10.45512  1.57331  0.42147  0.00000  0.10000  0.00000  0.00000  0.00000
69.40000  10.42695  1.42639  0.15307  0.00000  0.10000  0.00000  0.00000  0.00000
69.41000  10.14742  0.34688 -0.12570  0.00000  0.10000  0.00000  0.00000  0.00000
69.42000  9.88712  0.25073  0.10721  0.00000  0.10000  0.00000  0.00000  0.00000
69.43000  10.06513  2.17357  0.23834  0.00000  0.10000  0.00000  0.00000  0.00000
69.44000  10.46611  1.59324  0.07644  0.00000  0.10000  0.00000  0.00000  0.00000
69.45000  10.37812  4.39149  0.10996  0.00000  0.10000  0.00000  0.00000  0.00000
69.46000  10.45566  3.88934  0.40367  0.00000  0.10000  0.00000  0.00000  0.00000
69.47000  10.01729  5.88110  0.52967  0.00000  0.10000  0.00000  0.00000  0.00000
69.48000  10.07855  8.71984  0.72087  0.00000  0.10000  0.00000  0.00000  0.00000
69.49000  10.43004  7.17179  0.72077  0.00000  0.10000  0.00000  0.00000  0.00000
69.50000  10.32233  7.43284  0.86367  0.00000  0.10000  0.00000  0.00000  0.00000
69.51000  10.64249  7.28433  0.74513  0.00000  0.10000  0.00000  0.00000  0.00000
69.52000  10.36936  6.83073  0.74867  0.00000  0.10000  0.00000  0.00000  0.00000
69.53000  10.50874  5.43136  0.81576  0.00000  0.10000  0.00000  0.00000  0.00000
69.54000  10.22447  5.65917  0.62102  0.00000  0.10000  0.00000  0.00000  0.00000
69.55000  10.32343  8.57309  0.55981  0.00000  0.10000  0.00000  0.00000  0.00000
69.56000  10.12047  6.17599  0.20291  0.00000  0.10000  0.00000  0.00000  0.00000
69.57000  9.94012  6.25624  0.16128  0.00000  0.10000  0.00000  0.00000  0.00000
69.58000  9.99037  7.77455 -0.10423  0.00000  0.10000  0.00000  0.00000  0.00000
69.59000  9.93727  6.76368  0.12843  0.00000  0.10000  0.00000  0.00000  0.00000
69.60000  9.87392  7.46536  0.04765  0.00000  0.10000  0.00000  0.00000  0.00000
69.61000  9.50214  4.92594  0.14444  0.00000  0.10000  0.00000  0.00000  0.00000
69.62000  9.59067  5.24652  0.04416  0.00000  0.10000  0.00000  0.00000  0.00000
69.63000  9.81722  2.70125 -0.13100  0.00000  0.10000  0.00000  0.00000  0.00000
69.64000  9.78674  2.01523  0.05229  0.00000  0.10000  0.00000  0.00000  0.00000
69.65000  10.10237  4.20017 -0.20568  0.00000  0.10000  0.00000  0.00000  0.00000
69.66000  10.15080  4.98147 -0.27316  0.00000  0.10000  0.00000  0.00000  0.00000
69.67000  10.00206  3.52261 -0.35074  0.00000  0.10000  0.00000  0.00000  0.00000
69.68000  9.97069  4.76210 -0.34883  0.00000  0.10000  0.00000  0.00000  0.00000
69.69000  10.18787  4.60767  0.21374  0.00000  0.10000  0.00000  0.00000  0.00000
69.70000  10.13219  0.42360  0.13203  0.00000  0.10000  0.00000  0.00000  0.00000
69.71000  9.75610  3.27518  0.35227  0.00000  0.10000  0.00000  0.00000  0.00000
69.72000  9.59455  1.29446  0.48809  0.00000  0.10000  0.00000  0.00000  0.00000
69.73000  9.35118  3.83719  0.60009  0.00000  0.10000  0.00000  0.00000  0.00000
69.74000  9.35797 -0.37237  0.32976  0.00000  0.10000  0.00000  0.00000  0.00000
69.75000  9.49764  0.49669 -0.21098  0.00000  0.10000  0.00000  0.00000  0.00000
69.76000  9.06919  1.46432  0.50911  0.00000  0.10000  0.00000  0.00000  0.00000
69.77000  9.19563  1.87876  0.11021  0.00000  0.10000  0.00000  0.00000  0.00000
69.78000  8.95102  1.11488  0.07052  0.00000  0.10000  0.00000  0.00000  0.00000
69.79000  9.53979  3.17177 -0.05741  0.00000  0.10000  0.00000  0.00000  0.00000
69.80000  9.72620  3.04178 -0.06137  0.00000  0.10000  0.00000  0.00000  0.00000
69.81000  10.28250  5.40483  0.08586  0.00000  0.10000  0.00000  0.00000  0.00000
69.82000  10.28172  6.47715  0.32075  0.00000  0.10000  0.00000  0.00000  0.00000
69.83000  10.10275  7.37264  0.34606  0.00000  0.10000  0.00000  0.00000  0.00000
69.84000  10.26465  4.36538  0.21350  0.00000  0.10000  0.00000  0.00000  0.00000
69.85000  10.60816  4.95801  0.10489  0.00000  0.10000  0.00000  0.00000  0.00000
69.86000  10.59967  4.75396 -0.12422  0.00000  0.10000  0.00000  0.00000  0.00000
69.87000  10.60416  3.80696 -0.14186  0.00000  0.10000  0.00000  0.00000  0.00000
69.88000  10.75608  4.84438  0.07887  0.00000  0.10000  0.00000  0.00000  0.00000
69.89000  10.59363  4.77041 -0.10518  0.00000  0.10000  0.00000  0.00000  0.00000
69.90000  10.66212  4.20124  0.22727  0.00000  0.10000  0.00000  0.00000  0.00000
69.91000  10.60140  6.18787  0.09083  0.00000  0.10000  0.00000  0.00000  0.00000
69.92000  10.18039  4.32137  0.21772  0.00000  0.10000  0.00000  0.00000  0.00000
69.93000  10.16227  5.86682  0.41198  0.00000  0.10000  0.00000  0.00000  0.00000
69.94000  10.09371  4.97177  0.26431  0.00000  0.10000  0.00000  0.00000  0.00000
69.95000  10.36421  7.32764 -0.13307  0.00000  0.10000  0.00000  0.00000  0.00000
69.96000  10.20381  7.85606  0.07350  0.00000  0.10000  0.00000  0.00000  0.00000
69.97000  10.49587  7.56199 -0.01127  0.00000  0.10000  0.00000  0.00000  0.00000
69.98000  10.45140  8.29736  0.33998  0.00000  0.10000  0.00000  0.00000  0.00000
69.99000  10.53380  8.68633 -0.01548  0.00000  0.10000  0.00000  0.00000  0.00000
70.00000  10.55674  8.17691 -0.14110  0.00000  0.10000  0.00000  0.00000  0.00000
70.01000  10.43574  7.62832  0.12046  0.00000  0.10000  0.00000  0.00000  0.00000
70.02000  10.16397  9.64085 -0.10159  0.00000  0.10000  0.00000  0.00000  0.00000
70.03000  10.33043  7.14195  0.17570  0.00000  0.10000  0.00000  0.00000  0.00000
70.04000  9.66164  6.66942 -0.18956  0.00000  0.10000  0.00000  0.00000  0.00000
70.05000  9.42634  3.58078 -0.15592  0.00000  0.10000  0.00000  0.00000  0.00000
70.06000  9.50964  2.48214 -0.38671  0.00000  0.10000  0.00000  0.00000  0.00000
70.07000  9.54778  1.91145 -0.07466  0.00000  0.10000  0.00000  0.00000  0.00000
70.08000  9.47409  4.66918 -0.09307  0.00000  0.10000  0.00000  0.00000  0.00000
70.09000  9.69384  6.17357 -0.26367  0.00000  0.10000  0.00000  0.00000  0.00000
70.10000  9.71593  8.26623 -0.36153  0.00000  0.10000  0.00000  0.00000  0.00000
70.11000  9.92683  5.90159 -0.41446  0.00000  0.10000  0.00000  0.00000  0.00000
70.12000  9.63144  6.58943 -0.46008  0.00000  0.10000  0.00000  0.00000  0.00000
70.13000  10.06091  8.98233 -0.58909  0.00000  0.10000  0.00000  0.00000  0.00000
70.14000  9.76332  8.98330 -0.79629  0.00000  0.10000  0.00000  0.00000  0.00000
70.15000  9.54534  7.29135 -0.11542  0.00000  0.10000  0.00000  0.00000  0.00000
70.16000  9.67670  8.22545 -0.34754  0.00000  0.10000  0.00000  0.00000  0.00000
70.17000  9.47321  5.35806 -0.45918  0.00000  0.10000  0.00000  0.00000  0.00000
70.18000  9.87481  4.51763 -0.47325  0.00000  0.10000  0.00000  0.00000  0.00000
70.19000  9.76629  5.12705 -0.26631  0.00000  0.10000  0.00000  0.00000  0.00000
70.20000  9.56379  4.91208 -0.45338  0.00000  0.10000  0.00000  0.00000  0.00000
70.21000  9.41449  5.61139 -0.27870  0.00000  0.10000  0.00000  0.00000  0.00000
70.22000  9.13067  8.14348  0.08946  0.00000  0.10000  0.00000  0.00000  0.00000
70.23000  9.14216  8.49253  0.20456  0.00000  0.10000  0.00000  0.00000  0.00000
70.24000  9.04941  6.43045  0.19290  0.00000  0.10000  0.00000  0.00000  0.00000
70.25000  8.97761  5.37827  0.64602  0.00000  0.10000  0.00000  0.00000  0.00000
70.26000  9.01825  6.45747  0.03909  0.00000  0.10000  0.00000  0.00000  0.00000
70.27000  9.10826  3.45788  0.13534  0.00000  0.10000  0.00000  0.00000  0.00000
70.28000  8.81868  4.01434 -0.01298  0.00000  0.10000  0.00000  0.00000  0.00000
70.29000  8.83407  3.63013  0.17185  0.00000  0.10000  0.00000  0.00000  0.00000
70.30000  9.22554  2.56051  0.29045  0.00000  0.10000  0.00000  0.00000  0.00000
70.31000  9.38946  4.36055 -0.11280  0.00000  0.10000  0.00000  0.00000  0.00000
70.32000  9.80684  2.59759  0.16907  0.00000  0.10000  0.00000  0.00000  0.00000
70.33000  9.71061  2.95035  0.65306  0.00000  0.10000  0.00000  0.00000  0.00000
70.34000  9.57132  6.14781  0.60695  0.00000  0.10000  0.00000  0.00000  0.00000
70.35000  9.59328  5.11785  0.70695  0.00000  0.10000  0.00000  0.00000  0.00000
70.36000  9.52205  6.38836  0.35883  0.00000  0.10000  0.00000  0.00000  0.00000
70.37000  9.59279  3.30844  0.36697  0.00000  0.10000  0.00000  0.00000  0.00000
70.38000  9.43436  4.05193  0.09790  0.00000  0.10000  0.00000  0.00000  0.00000
70.39000  9.71014  4.47443  0.29872  0.00000  0.10000  0.00000  0.00000  0.00000
70.40000  9.70207  4.88737  0.12177  0.00000  0.10000  0.00000  0.00000  0.00000
70.41000  9.86275  6.57172  0.73653  0.00000  0.10000  0.00000  0.00000  0.00000
70.42000  9.79188  6.69833  0.51780  0.00000  0.10000  0.00000  0.00000  0.00000
70.43000  9.67818  4.78813  0.96497  0.00000  0.10000  0.00000  0.00000  0.00000
70.44000  9.38429  1.14297  1.01964  0.00000  0.10000  0.00000  0.00000  0.00000
70.45000  9.86066  4.83212  0.84683  0.00000  0.10000  0.00000  0.00000  0.00000
70.46000  9.77735  6.47681  0.77534  0.00000  0.10000  0.00000  0.00000  0.00000
70.47000  9.75914  4.84579  0.61397  0.00000  0.10000  0.00000  0.00000  0.00000
70.48000  9.78613  7.07462  0.80025  0.00000  0.10000  0.00000  0.00000  0.00000
70.49000  10.25041  9.38177  0.46756  0.00000  0.10000  0.00000  0.00000  0.00000
70.50000  10.20567  10.47395  0.66922  0.00000  0.10000  0.00000  0.00000  0.00000
70.51000  10.34074  8.41886  0.68709  0.00000  0.10000  0.00000  0.00000  0.00000
70.52000  10.49272  11.09117  0.52590  0.00000  0.10000  0.00000  0.00000  0.00000
70.53000  10.44639  11.50660  0.92004  0.00000  0.10000  0.00000  0.00000  0.00000
70.54000  10.48098  11.69304  0.87106  0.00000  0.10000  0.00000  0.00000  0.00000
70.55000  10.36061  12.06959  0.68301  0.00000  0.10000  0.00000  0.00000  0.00000
70.56000  10.09009  11.94669  0.57223  0.00000  0.10000  0.00000  0.00000  0.00000
70.57000  10.36033  10.87816  1.07832  0.00000  0.10000  0.00000  0.00000  0.00000
70.58000  10.24202  9.68393  1.13764  0.00000  0.10000  0.00000  0.00000  0.00000
70.59000  10.08099  12.31242  0.82778  0.00000  0.10000  0.00000  0.00000  0.00000
70.60000  10.18675  11.54714  0.48587  0.00000  0.10000  0.00000  0.00000  0.00000
70.61000  9.97796  11.21478  0.41721  0.00000  0.10000  0.00000  0.00000  0.00000
70.62000  10.04851  9.99038  0.37473  0.00000  0.10000  0.00000  0.00000  0.00000
70.63000  9.85258  7.77355  0.50718  0.00000  0.10000  0.00000  0.00000  0.00000
70.64000  9.50260  7.87898  0.65014  0.00000  0.10000  0.00000  0.00000  0.00000
70.65000  9.66171  10.05322  0.62451  0.00000  0.10000  0.00000  0.00000  0.00000
70.66000  9.73926  9.53786  0.45649  0.00000  0.10000  0.00000  0.00000  0.00000
70.67000  10.01990  7.45808  0.64720  0.00000  0.10000  0.00000  0.00000  0.00000
70.68000  9.76466  9.11381  0.72673  0.00000  0.10000  0.00000  0.00000  0.00000
70.69000  9.95027  7.55453  0.32706  0.00000  0.10000  0.00000  0.00000  0.00000
70.70000  9.58041  4.06942  0.81110  0.00000  0.10000  0.00000  0.00000  0.00000
70.71000  9.89634  4.07229  0.59236  0.00000  0.10000  0.00000  0.00000  0.00000
70.72000  9.63568  4.80242  0.93791  0.00000  0.10000  0.00000  0.00000  0.00000
70.73000  9.58783  4.37152  0.86935  0.00000  0.10000  0.00000  0.00000  0.00000
70.74000  9.59233  4.28013  1.24303  0.00000  0.10000  0.00000  0.00000  0.00000
70.75000  9.13932  5.84645  1.02577  0.00000  0.10000  0.00000  0.00000  0.00000
70.76000  9.09942  5.78494  1.42251  0.00000  0.10000  0.00000  0.00000  0.00000
70.77000  9.27273  5.62630  1.49786  0.00000  0.10000  0.00000  0.00000  0.00000
70.78000  9.26291  4.99894  1.41960  0.00000  0.10000  0.00000  0.00000  0.00000
70.79000  9.46593  2.19117  1.29514  0.00000  0.10000  0.00000  0.00000  0.00000
70.80000  9.41791  3.81077  1.23452  0.00000  0.10000  0.00000  0.00000  0.00000
70.81000  9.42635  5.28974  1.87153  0.00000  0.10000  0.00000  0.00000  0.00000
70.82000  9.56850  4.11740  1.68306  0.00000  0.10000  0.00000  0.00000  0.00000
70.83000  9.13838  4.40514  1.81910  0.00000  0.10000  0.00000  0.00000  0.00000
70.84000  9.05197  4.46718  1.69002  0.00000  0.10000  0.00000  0.00000  0.00000
70.85000  9.69492  3.20454  1.77131  0.00000  0.10000  0.00000  0.00000  0.00000
70.86000  9.76960  1.90956  1.78474  0.00000  0.10000  0.00000  0.00000  0.00000
70.87000  9.72061  2.85491  1.84817  0.00000  0.10000  0.00000  0.00000  0.00000
70.88000  9.56884  0.19205  2.06133  0.00000  0.10000  0.00000  0.00000  0.00000
70.89000  9.67568 -2.54955  1.69322  0.00000  0.10000  0.00000  0.00000  0.00000
70.90000  9.68121 -0.70618  1.76994  0.00000  0.10000  0.00000  0.00000  0.00000
70.91000  9.78869  1.69668  1.64916  0.00000  0.10000  0.00000  0.00000  0.00000
70.92000  9.75263 -2.27502  2.07428  0.00000  0.10000  0.00000  0.00000  0.00000
70.93000  9.16547 -1.89663  1.88066  0.00000  0.10000  0.00000  0.00000  0.00000
70.94000  9.20952 -0.93112  1.99937  0.00000  0.10000  0.00000  0.00000  0.00000
70.95000  9.43630 -0.94005  2.11996  0.00000  0.10000  0.00000  0.00000  0.00000
70.96000  9.88111 -0.56000  2.28058  0.00000  0.10000  0.00000  0.00000  0.00000
70.97000  9.77457 -0.96751  2.11976  0.00000  0.10000  0.00000  0.00000  0.00000
70.98000  9.72847 -0.33737  1.88899  0.00000  0.10000  0.00000  0.00000  0.00000
70.99000  9.37841  1.03928  1.96971  0.00000  0.10000  0.00000  0.00000  0.00000
71.00000  9.84717  0.17002  1.80346  0.00000  0.10000  0.00000  0.00000  0.00000
71.01000  9.84149 -2.11071  1.74405  0.00000  0.10000  0.00000  0.00000  0.00000
71.02000  9.82855 -2.35259  1.44546  0.00000  0.10000  0.00000  0.00000  0.00000
71.03000  10.10214 -0.80558  0.87580  0.00000  0.10000  0.00000  0.00000  0.00000
71.04000  9.95271 -0.43473  0.42132  0.00000  0.10000  0.00000  0.00000  0.00000
71.05000  10.00377 -0.81413  0.74364  0.00000  0.10000  0.00000  0.00000  0.00000
71.06000  10.00522 -1.16492  1.09342  0.00000  0.10000  0.00000  0.00000  0.00000
71.07000  10.07784 -1.92166  1.19707  0.00000  0.10000  0.00000  0.00000  0.00000
71.08000  10.20023 -4.72833  1.39185  0.00000  0.10000  0.00000  0.00000  0.00000
71.09000  9.92174 -5.53343  1.16738  0.00000  0.10000  0.00000  0.00000  0.00000
71.10000  9.84688 -4.09104  1.08402  0.00000  0.10000  0.00000  0.00000  0.00000
71.11000  9.27387 -3.07483  1.34523  0.00000  0.10000  0.00000  0.00000  0.00000
71.12000  9.27905 -3.83555  1.81665  0.00000  0.10000  0.00000  0.00000  0.00000
71.13000  8.99594 -5.01803  1.97219  0.00000  0.10000  0.00000  0.00000  0.00000
71.14000  8.92412 -6.79431  2.00448  0.00000  0.10000  0.00000  0.00000  0.00000
71.15000  8.89937 -5.13821  2.14562  0.00000  0.10000  0.00000  0.00000  0.00000
71.16000  8.72821 -4.93726  2.25711  0.00000  0.10000  0.00000  0.00000  0.00000
71.17000  8.92639 -6.07107  1.78434  0.00000  0.10000  0.00000  0.00000  0.00000
71.18000  9.16286 -6.09088  1.86175  0.00000  0.10000  0.00000  0.00000  0.00000
71.19000  9.00676 -3.05641  1.40673  0.00000  0.10000  0.00000  0.00000  0.00000
71.20000  9.42475 -3.08903  1.78900  0.00000  0.10000  0.00000  0.00000  0.00000
71.21000  9.12796 -4.08360  1.89037  0.00000  0.10000  0.00000  0.00000  0.00000
71.22000  9.27023 -1.67999  1.53140  0.00000  0.10000  0.00000  0.00000  0.00000
71.23000  9.26556 -3.64205  1.82973  0.00000  0.10000  0.00000  0.00000  0.00000
71.24000  9.06420 -2.01495  1.43231  0.00000  0.10000  0.00000  0.00000  0.00000
71.25000  8.74423 -2.46195  1.47759  0.00000  0.10000  0.00000  0.00000  0.00000
71.26000  8.68082 -0.62740  1.59758  0.00000  0.10000  0.00000  0.00000  0.00000
71.27000  8.93907 -0.96026  1.40414  0.00000  0.10000  0.00000  0.00000  0.00000
71.28000  8.96214 -1.84259  1.37195  0.00000  0.10000  0.00000  0.00000  0.00000
71.29000  9.06332 -2.41966  1.13865  0.00000  0.10000  0.00000  0.00000  0.00000
71.30000  9.46885 -6.08073  0.70872  0.00000  0.10000  0.00000  0.00000  0.00000
71.31000  9.36075 -4.30049  1.19602  0.00000  0.10000  0.00000  0.00000  0.00000
71.32000  9.27516 -5.35980  0.98832  0.00000  0.10000  0.00000  0.00000  0.00000
71.33000  9.37185 -5.49381  0.86269  0.00000  0.10000  0.00000  0.00000  0.00000
71.34000  9.56649 -5.13831  0.96547  0.00000  0.10000  0.00000  0.00000  0.00000
71.35000  9.64149 -5.31629  0.89470  0.00000  0.10000  0.00000  0.00000  0.00000
71.36000  9.46587 -2.81473  0.99432  0.00000  0.10000  0.00000  0.00000  0.00000
71.37000  9.04078 -6.01965  0.95657  0.00000  0.10000  0.00000  0.00000  0.00000
71.38000  8.91193 -5.38734  1.07039  0.00000  0.10000  0.00000  0.00000  0.00000
71.39000  9.33110 -4.67673  0.91617  0.00000  0.10000  0.00000  0.00000  0.00000
71.40000  9.26357 -5.15518  1.22456  0.00000  0.10000  0.00000  0.00000  0.00000
71.41000  9.18469 -5.02626  0.74264  0.00000  0.10000  0.00000  0.00000  0.00000
71.42000  9.46970 -3.39347  0.93337  0.00000  0.10000  0.00000  0.00000  0.00000
71.43000  9.71451 -5.15942  1.10772  0.00000  0.10000  0.00000  0.00000  0.00000
71.44000  9.67248 -6.09345  0.98092  0.00000  0.10000  0.00000  0.00000  0.00000
71.45000  9.52418 -5.02716  0.34562  0.00000  0.10000  0.00000  0.00000  0.00000
71.46000  9.55041 -5.04093  0.57251  0.00000  0.10000  0.00000  0.00000  0.00000
71.47000  10.21172 -3.44021  0.64597  0.00000  0.10000  0.00000  0.00000  0.00000
71.48000  10.05904 -3.09534  0.92911  0.00000  0.10000  0.00000  0.00000  0.00000
71.49000  10.24729 -0.47644  0.78140  0.00000  0.10000  0.00000  0.00000  0.00000
71.50000  10.54290 -1.34516  0.90389  0.00000  0.10000  0.00000  0.00000  0.00000
71.51000  10.46498 -2.04917  0.70998  0.00000  0.10000  0.00000  0.00000  0.00000
71.52000  10.22355  0.15021  1.00006  0.00000  0.10000  0.00000  0.00000  0.00000
71.53000  10.20389 -0.45116  1.65323  0.00000  0.10000  0.00000  0.00000  0.00000
71.54000  10.02595 -0.64480  1.63997  0.00000  0.10000  0.00000  0.00000  0.00000
71.55000  9.96509 -2.46970  1.52463  0.00000  0.10000  0.00000  0.00000  0.00000
71.56000  9.96322 -5.43005  1.52705  0.00000  0.10000  0.00000  0.00000  0.00000
71.57000  9.99717 -5.35372  1.54973  0.00000  0.10000  0.00000  0.00000  0.00000
71.58000  10.15942 -4.29771  1.29477  0.00000  0.10000  0.00000  0.00000  0.00000
71.59000  9.99878 -5.76655  0.90792  0.00000  0.10000  0.00000  0.00000  0.00000
71.60000  10.02935 -5.84256  1.36665  0.00000  0.10000  0.00000  0.00000  0.00000
71.61000  10.16666 -6.24015  0.91713  0.00000  0.10000  0.00000  0.00000  0.00000
71.62000  10.14344 -5.62097  1.28950  0.00000  0.10000  0.00000  0.00000  0.00000
71.63000  10.26050 -7.16798  0.88989  0.00000  0.10000  0.00000  0.00000  0.00000
71.64000  10.03397 -4.63925  0.78130  0.00000  0.10000  0.00000  0.00000  0.00000
71.65000  10.44677 -5.33588  1.08343  0.00000  0.10000  0.00000  0.00000  0.00000
71.66000  10.44099 -6.71705  1.07599  0.00000  0.10000  0.00000  0.00000  0.00000
71.67000  10.41961 -7.63660  1.09592  0.00000  0.10000  0.00000  0.00000  0.00000
71.68000  10.39040 -7.83077  0.82164  0.00000  0.10000  0.00000  0.00000  0.00000
71.69000  10.56224 -9.43012  0.83047  0.00000  0.10000  0.00000  0.00000  0.00000
71.70000  10.48489 -9.55065  0.74398  0.00000  0.10000  0.00000  0.00000  0.00000
71.71000  10.64121 -10.28560  0.73555  0.00000  0.10000  0.00000  0.00000  0.00000
71.72000  10.39093 -9.43149  1.25183  0.00000  0.10000  0.00000  0.00000  0.00000
71.73000  10.13163 -7.57514  1.17939  0.00000  0.10000  0.00000  0.00000  0.00000
71.74000  10.17862 -4.62859  1.71214  0.00000  0.10000  0.00000  0.00000  0.00000
71.75000  10.52430 -5.73664  1.57907  0.00000  0.10000  0.00000  0.00000  0.00000
71.76000  10.73660 -6.09411  1.61085  0.00000  0.10000  0.00000  0.00000  0.00000
71.77000  10.49289 -7.97619  1.56012  0.00000  0.10000  0.00000  0.00000  0.00000
71.78000  10.19948 -6.99695  1.30895  0.00000  0.10000  0.00000  0.00000  0.00000
71.79000  10.09999 -7.46436  1.35279  0.00000  0.10000  0.00000  0.00000  0.00000
71.80000  10.37525 -6.96811  1.01899  0.00000  0.10000  0.00000  0.00000  0.00000
71.81000  10.27952 -7.02313  0.94052  0.00000  0.10000  0.00000  0.00000  0.00000
71.82000  9.77864 -5.64364  0.86444  0.00000  0.10000  0.00000  0.00000  0.00000
71.83000  10.12595 -8.03465  0.83326  0.00000  0.10000  0.00000  0.00000  0.00000
71.84000  9.70701 -7.41526  0.95618  0.00000  0.10000  0.00000  0.00000  0.00000
71.85000  10.08060 -7.33867  1.15024  0.00000  0.10000  0.00000  0.00000  0.00000
71.86000  10.11179 -7.66649  0.90722  0.00000  0.10000  0.00000  0.00000  0.00000
71.87000  9.87559 -8.28545  0.63767  0.00000  0.10000  0.00000  0.00000  0.00000
71.88000  9.58875 -8.97935  0.74116  0.00000  0.10000  0.00000  0.00000  0.00000
71.89000  9.73496 -9.49654  0.83721  0.00000  0.10000  0.00000  0.00000  0.00000
71.90000  9.67637 -10.75978  1.25115  0.00000  0.10000  0.00000  0.00000  0.00000
71.91000  9.63529 -12.11036  1.25856  0.00000  0.10000  0.00000  0.00000  0.00000
71.92000  10.19007 -10.50746  1.09758  0.00000  0.10000  0.00000  0.00000  0.00000
71.93000  10.16509 -7.75408  1.03754  0.00000  0.10000  0.00000  0.00000  0.00000
71.94000  10.49533 -7.71430  0.99936  0.00000  0.10000  0.00000  0.00000  0.00000
71.95000  10.19769 -6.86195  1.53901  0.00000  0.10000  0.00000  0.00000  0.00000
71.96000  10.87406 -7.14296  1.02517  0.00000  0.10000  0.00000  0.00000  0.00000
71.97000  10.75401 -6.43176  1.29959  0.00000  0.10000  0.00000  0.00000  0.00000
71.98000  10.67042 -7.44288  1.21418  0.00000  0.10000  0.00000  0.00000  0.00000
71.99000  10.75406 -7.30900  1.29498  0.00000  0.10000  0.00000  0.00000  0.00000
72.00000  10.37034 -5.91870  1.09986  0.00000  0.10000  0.00000  0.00000  0.00000
72.01000  10.20684 -6.74853  0.72276  0.00000  0.10000  0.00000  0.00000  0.00000
72.02000  10.18454 -6.46187  0.71843  0.00000  0.10000  0.00000  0.00000  0.00000
72.03000  9.81368 -5.29156  0.69080  0.00000  0.10000  0.00000  0.00000  0.00000
72.04000  9.91713 -6.37576  0.00713  0.00000  0.10000  0.00000  0.00000  0.00000
72.05000  9.89638 -7.00404 -0.19016  0.00000  0.10000  0.00000  0.00000  0.00000
72.06000  9.80033 -6.48600  0.42655  0.00000  0.10000  0.00000  0.00000  0.00000
72.07000  9.52947 -7.33395  0.77081  0.00000  0.10000  0.00000  0.00000  0.00000
72.08000  9.55301 -9.29668  1.05271  0.00000  0.10000  0.00000  0.00000  0.00000
72.09000  9.72714 -7.74022  1.40261  0.00000  0.10000  0.00000  0.00000  0.00000
72.10000  9.69522 -6.75001  1.23180  0.00000  0.10000  0.00000  0.00000  0.00000
72.11000  9.93620 -8.21981  1.54561  0.00000  0.10000  0.00000  0.00000  0.00000
72.12000  9.83456 -5.81817  2.03124  0.00000  0.10000  0.00000  0.00000  0.00000
72.13000  9.88483 -3.48520  1.81232  0.00000  0.10000  0.00000  0.00000  0.00000
72.14000  9.44004 -1.42587  1.86262  0.00000  0.10000  0.00000  0.00000  0.00000
72.15000  9.66991 -1.74285  1.93847  0.00000  0.10000  0.00000  0.00000  0.00000
72.16000  9.83855 -0.00684  1.90744  0.00000  0.10000  0.00000  0.00000  0.00000
72.17000  9.83031  1.03945  1.36476  0.00000  0.10000  0.00000  0.00000  0.00000
72.18000  10.05332 -0.28098  1.84795  0.00000  0.10000  0.00000  0.00000  0.00000
72.19000  9.85161 -1.64117  2.09613  0.00000  0.10000  0.00000  0.00000  0.00000
72.20000  9.71119 -0.63727  1.51718  0.00000  0.10000  0.00000  0.00000  0.00000
72.21000  10.26021 -2.43327  1.92144  0.00000  0.10000  0.00000  0.00000  0.00000
72.22000  10.31264 -2.67931  1.85470  0.00000  0.10000  0.00000  0.00000  0.00000
72.23000  10.16043 -3.17504  1.59431  0.00000  0.10000  0.00000  0.00000  0.00000
72.24000  9.98594 -3.65408  1.60750  0.00000  0.10000  0.00000  0.00000  0.00000
72.25000  10.07542 -2.54569  1.75383  0.00000  0.10000  0.00000  0.00000  0.00000
72.26000  10.10773 -4.76119  1.73983  0.00000  0.10000  0.00000  0.00000  0.00000
72.27000  9.99745 -4.39625  2.01275  0.00000  0.10000  0.00000  0.00000  0.00000
72.28000  9.91892 -3.94923  2.11877  0.00000  0.10000  0.00000  0.00000  0.00000
72.29000  10.04771 -6.37807  2.32410  0.00000  0.10000  0.00000  0.00000  0.00000
72.30000  9.92813 -6.09220  2.11672  0.00000  0.10000  0.00000  0.00000  0.00000
72.31000  10.03325 -5.13264  2.02251  0.00000  0.10000  0.00000  0.00000  0.00000
72.32000  9.89787 -5.99366  2.00844  0.00000  0.10000  0.00000  0.00000  0.00000
72.33000  9.81130 -6.33990  1.99791  0.00000  0.10000  0.00000  0.00000  0.00000
72.34000  9.94282 -6.19617  1.97278  0.00000  0.10000  0.00000  0.00000  0.00000
72.35000  10.07358 -8.50448  2.00750  0.00000  0.10000  0.00000  0.00000  0.00000
72.36000  10.17424 -8.84343  2.16032  0.00000  0.10000  0.00000  0.00000  0.00000
72.37000  10.25489 -11.34837  2.04007  0.00000  0.10000  0.00000  0.00000  0.00000
72.38000  10.02751 -10.47627  2.08794  0.00000  0.10000  0.00000  0.00000  0.00000
72.39000  9.91928 -10.43498  2.04683  0.00000  0.10000  0.00000  0.00000  0.00000
72.40000  9.96722 -10.88486  1.97247  0.00000  0.10000  0.00000  0.00000  0.00000
72.41000  9.83035 -9.30434  2.03700  0.00000  0.10000  0.00000  0.00000  0.00000
72.42000  9.96585 -10.88381  1.66228  0.00000  0.10000  0.00000  0.00000  0.00000
72.43000  10.03443 -12.71341  1.80951  0.00000  0.10000  0.00000  0.00000  0.00000
72.44000  9.84975 -9.97297  1.52875  0.00000  0.10000  0.00000  0.00000  0.00000
72.45000  10.13595 -9.52306  1.80463  0.00000  0.10000  0.00000  0.00000  0.00000
72.46000  10.09095 -8.74979  1.63066  0.00000  0.10000  0.00000  0.00000  0.00000
72.47000  10.12153 -7.49871  1.80385  0.00000  0.10000  0.00000  0.00000  0.00000
72.48000  10.36097 -11.09403  2.00289  0.00000  0.10000  0.00000  0.00000  0.00000
72.49000  10.28840 -9.00437  1.50542  0.00000  0.10000  0.00000  0.00000  0.00000
72.50000  10.13506 -10.44451  1.85597  0.00000  0.10000  0.00000  0.00000  0.00000
72.51000  9.67110 -10.02149  1.64618  0.00000  0.10000  0.00000  0.00000  0.00000
72.52000  9.88516 -9.09587  1.68035  0.00000  0.10000  0.00000  0.00000  0.00000
72.53000  10.10818 -7.70230  1.26743  0.00000  0.10000  0.00000  0.00000  0.00000
72.54000  10.33568 -6.48637  1.52758  0.00000  0.10000  0.00000  0.00000  0.00000
72.55000  10.27288 -7.09558  1.24467  0.00000  0.10000  0.00000  0.00000  0.00000
72.56000  10.26994 -4.99579  1.65169  0.00000  0.10000  0.00000  0.00000  0.00000
72.57000  10.15888 -6.89822  1.93298  0.00000  0.10000  0.00000  0.00000  0.00000
72.58000  10.13256 -5.13401  1.85445  0.00000  0.10000  0.00000  0.00000  0.00000
72.59000  9.98293 -2.52708  1.74394  0.00000  0.10000  0.00000  0.00000  0.00000
72.60000  9.88133 -4.73690  1.74650  0.00000  0.10000  0.00000  0.00000  0.00000
72.61000  10.02521 -4.86015  1.40440  0.00000  0.10000  0.00000  0.00000  0.00000
72.62000  9.28189 -6.04645  1.43394  0.00000  0.10000  0.00000  0.00000  0.00000
72.63000  9.73141 -6.00103  1.52613  0.00000  0.10000  0.00000  0.00000  0.00000
72.64000  9.88897 -8.84326  1.73471  0.00000  0.10000  0.00000  0.00000  0.00000
72.65000  9.64159 -6.07869  1.67026  0.00000  0.10000  0.00000  0.00000  0.00000
72.66000  9.66377 -5.48418  1.59626  0.00000  0.10000  0.00000  0.00000  0.00000
72.67000  9.36477 -6.68090  1.55091  0.00000  0.10000  0.00000  0.00000  0.00000
72.68000  9.45329 -6.29365  1.66840  0.00000  0.10000  0.00000  0.00000  0.00000
72.69000  9.62649 -5.19759  1.68021  0.00000  0.10000  0.00000  0.00000  0.00000
72.70000  9.72037 -7.52391  1.87548  0.00000  0.10000  0.00000  0.00000  0.00000
72.71000  9.96332 -7.44377  1.86551  0.00000  0.10000  0.00000  0.00000  0.00000
72.72000  9.38400 -7.88734  1.63341  0.00000  0.10000  0.00000  0.00000  0.00000
72.73000  9.70004 -6.88457  1.52288  0.00000  0.10000  0.00000  0.00000  0.00000
72.74000  9.64629 -5.77589  1.50215  0.00000  0.10000  0.00000  0.00000  0.00000
72.75000  9.59046 -7.40327  1.44865  0.00000  0.10000  0.00000  0.00000  0.00000
72.76000  9.70791 -8.81338  1.80272  0.00000  0.10000  0.00000  0.00000  0.00000
72.77000  9.80697 -6.91173  1.17728  0.00000  0.10000  0.00000  0.00000  0.00000
72.78000  9.68602 -7.73164  1.49052  0.00000  0.10000  0.00000  0.00000  0.00000
72.79000  9.65690 -5.47013  1.86375  0.00000  0.10000  0.00000  0.00000  0.00000
72.80000  9.79018 -8.28559  1.86163  0.00000  0.10000  0.00000  0.00000  0.00000
72.81000  9.62944 -8.90811  2.00220  0.00000  0.10000  0.00000  0.00000  0.00000
72.82000  9.74087 -5.62202  2.27351  0.00000  0.10000  0.00000  0.00000  0.00000
72.83000  9.66190 -4.56052  2.08357  0.00000  0.10000  0.00000  0.00000  0.00000
72.84000  9.60609 -5.05061  2.04529  0.00000  0.10000  0.00000  0.00000  0.00000
72.85000  9.61176 -7.46066  2.28312  0.00000  0.10000  0.00000  0.00000  0.00000
72.86000  9.77432 -6.32536  2.16537  0.00000  0.10000  0.00000  0.00000  0.00000
72.87000  9.45754 -6.63249  1.64450  0.00000  0.10000  0.00000  0.00000  0.00000
72.88000  9.00400 -5.57420  1.25953  0.00000  0.10000  0.00000  0.00000  0.00000
72.89000  9.75658 -3.60949  1.07641  0.00000  0.10000  0.00000  0.00000  0.00000
72.90000  9.74285 -2.68538  1.10935  0.00000  0.10000  0.00000  0.00000  0.00000
72.91000  9.65136 -2.06100  1.56325  0.00000  0.10000  0.00000  0.00000  0.00000
72.92000  9.40281 -4.75872  1.49028  0.00000  0.10000  0.00000  0.00000  0.00000
72.93000  9.39407 -2.98805  1.43096  0.00000  0.10000  0.00000  0.00000  0.00000
72.94000  9.14652 -1.35608  1.34002  0.00000  0.10000  0.00000  0.00000  0.00000
72.95000  9.36272 -0.95409  0.86839  0.00000  0.10000  0.00000  0.00000  0.00000
72.96000  9.36559 -3.24414  0.91531  0.00000  0.10000  0.00000  0.00000  0.00000
72.97000  9.40605 -4.54467  0.55870  0.00000  0.10000  0.00000  0.00000  0.00000
72.98000  9.32678 -6.13534  0.52566  0.00000  0.10000  0.00000  0.00000  0.00000
72.99000  9.41419 -6.26674  0.58916  0.00000  0.10000  0.00000  0.00000  0.00000
73.00000  9.27310 -8.89717  0.98321  0.00000  0.10000  0.00000  0.00000  0.00000
73.01000  8.96359 -8.84059  1.17735  0.00000  0.10000  0.00000  0.00000  0.00000
73.02000  9.09055 -8.04984  1.29156  0.00000  0.10000  0.00000  0.00000  0.00000
73.03000  9.09947 -10.03468  1.17294  0.00000  0.10000  0.00000  0.00000  0.00000
73.04000  8.95194 -9.33706  1.41494  0.00000  0.10000  0.00000  0.00000  0.00000
73.05000  9.15104 -6.86866  1.26372  0.00000  0.10000  0.00000  0.00000  0.00000
73.06000  9.19577 -7.82068  0.94366  0.00000  0.10000  0.00000  0.00000  0.00000
73.07000  9.31346 -6.75758  0.82854  0.00000  0.10000  0.00000  0.00000  0.00000
73.08000  8.98701 -6.27752  0.77060  0.00000  0.10000  0.00000  0.00000  0.00000
73.09000  9.01247 -5.91118  0.48515  0.00000  0.10000  0.00000  0.00000  0.00000
73.10000  9.05845 -5.47964  0.60054  0.00000  0.10000  0.00000  0.00000  0.00000
73.11000  8.91961 -8.39604  0.55203  0.00000  0.10000  0.00000  0.00000  0.00000
73.12000  9.08058 -6.74690  0.57179  0.00000  0.10000  0.00000  0.00000  0.00000
73.13000  8.72095 -6.74460  0.51611  0.00000  0.10000  0.00000  0.00000  0.00000
73.14000  8.81072 -7.98424  0.97062  0.00000  0.10000  0.00000  0.00000  0.00000
73.15000  8.90112 -6.36556  1.34040  0.00000  0.10000  0.00000  0.00000  0.00000
73.16000  8.61356 -7.14420  1.13721  0.00000  0.10000  0.00000  0.00000  0.00000
73.17000  8.85818 -6.57909  1.11675  0.00000  0.10000  0.00000  0.00000  0.00000
73.18000  8.75775 -6.18995  1.00000  0.00000  0.10000  0.00000  0.00000  0.00000
73.19000  8.52176 -5.62145  0.80739  0.00000  0.10000  0.00000  0.00000  0.00000
73.20000  8.72663 -7.33864  0.71663  0.00000  0.10000  0.00000  0.00000  0.00000
73.21000  9.16666 -7.94048  0.67033  0.00000  0.10000  0.00000  0.00000  0.00000
73.22000  8.95031 -7.01453  0.57624  0.00000  0.10000  0.00000  0.00000  0.00000
73.23000  8.76914 -6.61088  0.64205  0.00000  0.10000  0.00000  0.00000  0.00000
73.24000  8.98717 -4.37671  0.74540  0.00000  0.10000  0.00000  0.00000  0.00000
73.25000  9.14815 -4.71578  0.74214  0.00000  0.10000  0.00000  0.00000  0.00000
73.26000  9.15087 -6.87937  1.03107  0.00000  0.10000  0.00000  0.00000  0.00000
73.27000  8.73910 -7.92912  0.99720  0.00000  0.10000  0.00000  0.00000  0.00000
73.28000  8.43791 -7.30093  1.33122  0.00000  0.10000  0.00000  0.00000  0.00000
73.29000  8.14778 -8.34170  1.23861  0.00000  0.10000  0.00000  0.00000  0.00000
73.30000  8.34346 -9.88809  1.52947  0.00000  0.10000  0.00000  0.00000  0.00000
73.31000  8.16071 -9.10994  1.70765  0.00000  0.10000  0.00000  0.00000  0.00000
73.32000  7.93390 -10.45007  1.82665  0.00000  0.10000  0.00000  0.00000  0.00000
73.33000  8.25380 -10.75049  2.00835  0.00000  0.10000  0.00000  0.00000  0.00000
73.34000  7.96837 -13.26089  1.54948  0.00000  0.10000  0.00000  0.00000  0.00000
73.35000  7.96815 -9.32290  1.43774  0.00000  0.10000  0.00000  0.00000  0.00000
73.36000  7.95271 -9.69471  1.68301  0.00000  0.10000  0.00000  0.00000  0.00000
73.37000  7.87577 -9.04896  1.67765  0.00000  0.10000  0.00000  0.00000  0.00000
73.38000  7.93985 -8.57666  1.52397  0.00000  0.10000  0.00000  0.00000  0.00000
73.39000  8.28993 -7.25564  1.66179  0.00000  0.10000  0.00000  0.00000  0.00000
73.40000  7.90830 -9.71676  1.87098  0.00000  0.10000  0.00000  0.00000  0.00000
73.41000  7.97105 -13.86301  2.05710  0.00000  0.10000  0.00000  0.00000  0.00000
73.42000  7.73109 -12.62785  2.21022  0.00000  0.10000  0.00000  0.00000  0.00000
73.43000  7.46061 -13.82383  2.07682  0.00000  0.10000  0.00000  0.00000  0.00000
73.44000  7.61057 -8.55504  2.06668  0.00000  0.10000  0.00000  0.00000  0.00000
73.45000  7.79910 -12.04134  1.93784  0.00000  0.10000  0.00000  0.00000  0.00000
73.46000  7.95173 -15.18148  1.61626  0.00000  0.10000  0.00000  0.00000  0.00000
73.47000  7.75029 -14.94691  1.52973  0.00000  0.10000  0.00000  0.00000  0.00000
73.48000  7.62533 -14.35642  1.40962  0.00000  0.10000  0.00000  0.00000  0.00000
73.49000  7.51028 -11.10099  1.88640  0.00000  0.10000  0.00000  0.00000  0.00000
73.50000  7.46104 -13.32776  2.19675  0.00000  0.10000  0.00000  0.00000  0.00000
73.51000  7.66506 -13.36306  1.77580  0.00000  0.10000  0.00000  0.00000  0.00000
73.52000  7.74631 -11.66079  1.64068  0.00000  0.10000  0.00000  0.00000  0.00000
73.53000  7.73438 -9.23536  1.72092  0.00000  0.10000  0.00000  0.00000  0.00000
73.54000  8.06227 -12.82335  1.52883  0.00000  0.10000  0.00000  0.00000  0.00000
73.55000  7.99737 -11.97989  1.95379  0.00000  0.10000  0.00000  0.00000  0.00000
73.56000  8.06749 -9.51154  1.62621  0.00000  0.10000  0.00000  0.00000  0.00000
73.57000  8.03760 -9.80778  1.93208  0.00000  0.10000  0.00000  0.00000  0.00000
73.58000  7.90204 -8.97161  2.30365  0.00000  0.10000  0.00000  0.00000  0.00000
73.59000  8.19187 -5.83300  1.98564  0.00000  0.10000  0.00000  0.00000  0.00000
73.60000  8.07055 -6.37660  2.04295  0.00000  0.10000  0.00000  0.00000  0.00000
73.61000  8.28595 -7.92070  2.43771  0.00000  0.10000  0.00000  0.00000  0.00000
73.62000  8.22636 -3.92425  1.82156  0.00000  0.10000  0.00000  0.00000  0.00000
73.63000  8.24776 -4.01209  2.13868  0.00000  0.10000  0.00000  0.00000  0.00000
73.64000  8.18358 -4.98954  2.24691  0.00000  0.10000  0.00000  0.00000  0.00000
73.65000  8.09379 -1.68532  2.25874  0.00000  0.10000  0.00000  0.00000  0.00000
73.66000  8.50922 -4.38235  1.90654  0.00000  0.10000  0.00000  0.00000  0.00000
73.67000  8.31703 -3.17031  1.54950  0.00000  0.10000  0.00000  0.00000  0.00000
73.68000  8.44489 -3.63922  1.54614  0.00000  0.10000  0.00000  0.00000  0.00000
73.69000  8.55059 -2.32561  2.01050  0.00000  0.10000  0.00000  0.00000  0.00000
73.70000  8.20394 -2.65075  1.72786  0.00000  0.10000  0.00000  0.00000  0.00000
73.71000  8.03455 -1.81352  1.19698  0.00000  0.10000  0.00000  0.00000  0.00000
73.72000  8.32187 -1.73513  1.70875  0.00000  0.10000  0.00000  0.00000  0.00000
73.73000  8.32210 -3.02210  1.62978  0.00000  0.10000  0.00000  0.00000  0.00000
73.74000  8.41154 -2.50226  1.90246  0.00000  0.10000  0.00000  0.00000  0.00000
73.75000  8.10678  0.21203  1.53112  0.00000  0.10000  0.00000  0.00000  0.00000
73.76000  8.38267 -1.12738  1.40702  0.00000  0.10000  0.00000  0.00000  0.00000
73.77000  8.28452 -2.03120  1.56512  0.00000  0.10000  0.00000  0.00000  0.00000
73.78000  8.54334 -2.14747  1.59644  0.00000  0.10000  0.00000  0.00000  0.00000
73.79000  8.34104 -1.62905  1.45383  0.00000  0.10000  0.00000  0.00000  0.00000
73.80000  8.37671  0.69704  1.31543  0.00000  0.10000  0.00000  0.00000  0.00000
73.81000  8.52620  0.68000  1.29549  0.00000  0.10000  0.00000  0.00000  0.00000
73.82000  8.84046 -0.58277  1.05239  0.00000  0.10000  0.00000  0.00000  0.00000
73.83000  8.98030  0.47096  0.95552  0.00000  0.10000  0.00000  0.00000  0.00000
73.84000  8.93361  1.72494  0.61642  0.00000  0.10000  0.00000  0.00000  0.00000
73.85000  8.88487  1.72448  0.53616  0.00000  0.10000  0.00000  0.00000  0.00000
73.86000  8.77720  1.16630  0.58463  0.00000  0.10000  0.00000  0.00000  0.00000
73.87000  8.82483  4.01669  0.42064  0.00000  0.10000  0.00000  0.00000  0.00000
73.88000  8.69504  1.92953  0.19572  0.00000  0.10000  0.00000  0.00000  0.00000
73.89000  8.87836 -0.74516  0.38266  0.00000  0.10000  0.00000  0.00000  0.00000
73.90000  9.15908 -2.03643  0.48077  0.00000  0.10000  0.00000  0.00000  0.00000
73.91000  9.26739 -3.02137  0.37997  0.00000  0.10000  0.00000  0.00000  0.00000
73.92000  9.08303 -2.28304  0.43923  0.00000  0.10000  0.00000  0.00000  0.00000
73.93000  9.20188 -1.78641  0.05134  0.00000  0.10000  0.00000  0.00000  0.00000
73.94000  9.19689 -5.04490  0.10019  0.00000  0.10000  0.00000  0.00000  0.00000
73.95000  9.41536 -3.01891 -0.22443  0.00000  0.10000  0.00000  0.00000  0.00000
73.96000  9.03160 -3.73484  0.29388  0.00000  0.10000  0.00000  0.00000  0.00000
73.97000  8.97578 -2.90739  0.31851  0.00000  0.10000  0.00000  0.00000  0.00000
73.98000  8.74629 -3.04686  0.07660  0.00000  0.10000  0.00000  0.00000  0.00000
73.99000  8.84523 -3.13092 -0.00019  0.00000  0.10000  0.00000  0.00000  0.00000
74.00000  9.16073 -3.06462  0.10746  0.00000  0.10000  0.00000  0.00000  0.00000
74.01000  9.35118 -2.44644 -0.06761  0.00000  0.10000  0.00000  0.00000  0.00000
74.02000  9.61337 -0.50046 -0.13972  0.00000  0.10000  0.00000  0.00000  0.00000
74.03000  9.68736 -0.54152 -0.26649  0.00000  0.10000  0.00000  0.00000  0.00000
74.04000  9.67210  1.61457  0.03172  0.00000  0.10000  0.00000  0.00000  0.00000
74.05000  9.62588  2.30621 -0.21922  0.00000  0.10000  0.00000  0.00000  0.00000
74.06000  9.81024  0.28107  0.12854  0.00000  0.10000  0.00000  0.00000  0.00000
74.07000  9.71955 -0.31005 -0.33361  0.00000  0.10000  0.00000  0.00000  0.00000
74.08000  9.12049 -2.29899 -0.25733  0.00000  0.10000  0.00000  0.00000  0.00000
74.09000  8.99141 -1.05132  0.19430  0.00000  0.10000  0.00000  0.00000  0.00000
74.10000  9.13026  1.41766 -0.24165  0.00000  0.10000  0.00000  0.00000  0.00000
74.11000  9.00582  1.69074  0.12711  0.00000  0.10000  0.00000  0.00000  0.00000
74.12000  8.92222  1.15823 -0.01837  0.00000  0.10000  0.00000  0.00000  0.00000
74.13000  9.14138 -3.26552  0.21149  0.00000  0.10000  0.00000  0.00000  0.00000
74.14000  8.74451 -0.65818 -0.05584  0.00000  0.10000  0.00000  0.00000  0.00000
74.15000  8.70094 -0.22287  0.27657  0.00000  0.10000  0.00000  0.00000  0.00000
74.16000  8.74043 -0.86431 -0.13140  0.00000  0.10000  0.00000  0.00000  0.00000
74.17000  8.67515  0.54088 -0.26207  0.00000  0.10000  0.00000  0.00000  0.00000
74.18000  8.66327  3.63982 -0.09480  0.00000  0.10000  0.00000  0.00000  0.00000
74.19000  8.60822  4.95483 -0.25485  0.00000  0.10000  0.00000  0.00000  0.00000
74.20000  9.04620  4.21334  0.03058  0.00000  0.10000  0.00000  0.00000  0.00000
74.21000  8.57089  3.59933  0.14142  0.00000  0.10000  0.00000  0.00000  0.00000
74.22000  8.59914  4.16062  0.34103  0.00000  0.10000  0.00000  0.00000  0.00000
74.23000  8.36014  1.95909  0.28958  0.00000  0.10000  0.00000  0.00000  0.00000
74.24000  8.65470  0.71783  0.49899  0.00000  0.10000  0.00000  0.00000  0.00000
74.25000  8.63894  4.02673  0.44332  0.00000  0.10000  0.00000  0.00000  0.00000
74.26000  8.75634 -1.25441  0.26474  0.00000  0.10000  0.00000  0.00000  0.00000
74.27000  8.99303  1.55183  0.45649  0.00000  0.10000  0.00000  0.00000  0.00000
74.28000  8.82653  2.28549  0.60753  0.00000  0.10000  0.00000  0.00000  0.00000
74.29000  9.07708  1.66903  0.23044  0.00000  0.10000  0.00000  0.00000  0.00000
74.30000  8.93436  2.30709 -0.06336  0.00000  0.10000  0.00000  0.00000  0.00000
74.31000  8.95203  2.20444 -0.00311  0.00000  0.10000  0.00000  0.00000  0.00000
74.32000  8.88753 -0.92672  0.38995  0.00000  0.10000  0.00000  0.00000  0.00000
74.33000  8.87958  0.48141  0.73875  0.00000  0.10000  0.00000  0.00000  0.00000
74.34000  8.85278  0.32251  0.95360  0.00000  0.10000  0.00000  0.00000  0.00000
74.35000  9.00897  3.08512  0.67369  0.00000  0.10000  0.00000  0.00000  0.00000
74.36000  8.79005  3.77321  0.72924  0.00000  0.10000  0.00000  0.00000  0.00000
74.37000  8.82273  3.91937  0.97752  0.00000  0.10000  0.00000  0.00000  0.00000
74.38000  9.00023  5.32858  0.72473  0.00000  0.10000  0.00000  0.00000  0.00000
74.39000  8.99617  7.98485  0.28197  0.00000  0.10000  0.00000  0.00000  0.00000
74.40000  9.15346  8.61604  0.29249  0.00000  0.10000  0.00000  0.00000  0.00000
74.41000  9.08658  7.80665  0.04938  0.00000  0.10000  0.00000  0.00000  0.00000
74.42000  9.19060  8.53823  0.09783  0.00000  0.10000  0.00000  0.00000  0.00000
74.43000  9.42283  9.27287  0.39017  0.00000  0.10000  0.00000  0.00000  0.00000
74.44000  9.36666  9.46360  0.40630  0.00000  0.10000  0.00000  0.00000  0.00000
74.45000  9.16285  8.70944  0.33128  0.00000  0.10000  0.00000  0.00000  0.00000
74.46000  9.11736  9.66372  0.40158  0.00000  0.10000  0.00000  0.00000  0.00000
74.47000  8.64793  8.18722  0.24662  0.00000  0.10000  0.00000  0.00000  0.00000
74.48000  8.53562  4.58631  0.57580  0.00000  0.10000  0.00000  0.00000  0.00000
74.49000  8.64392  3.47139  0.44915  0.00000  0.10000  0.00000  0.00000  0.00000
74.50000  9.02465  1.32365  0.65528  0.00000  0.10000  0.00000  0.00000  0.00000
74.51000  8.73922  2.32570  0.48491  0.00000  0.10000  0.00000  0.00000  0.00000
74.52000  8.81935  2.49752  0.28724  0.00000  0.10000  0.00000  0.00000  0.00000
74.53000  9.05509  3.48743  0.25906  0.00000  0.10000  0.00000  0.00000  0.00000
74.54000  8.75410  6.67216  0.10503  0.00000  0.10000  0.00000  0.00000  0.00000
74.55000  8.50693  3.48512 -0.01411  0.00000  0.10000  0.00000  0.00000  0.00000
74.56000  8.83081  4.23681  0.06973  0.00000  0.10000  0.00000  0.00000  0.00000
74.57000  8.74153  4.65238 -0.09441  0.00000  0.10000  0.00000  0.00000  0.00000
74.58000  8.71585  3.97491 -0.16721  0.00000  0.10000  0.00000  0.00000  0.00000
74.59000  8.30075  4.59074 -0.35586  0.00000  0.10000  0.00000  0.00000  0.00000
74.60000  8.46160  3.70045 -0.58069  0.00000  0.10000  0.00000  0.00000  0.00000
74.61000  8.10673  5.03038 -0.41627  0.00000  0.10000  0.00000  0.00000  0.00000
74.62000  8.03256  3.77754 -0.67918  0.00000  0.10000  0.00000  0.00000  0.00000
74.63000  8.13530  4.39231 -0.56120  0.00000  0.10000  0.00000  0.00000  0.00000
74.64000  8.19265  6.20500 -0.67378  0.00000  0.10000  0.00000  0.00000  0.00000
74.65000  7.95655  3.28052 -0.12539  0.00000  0.10000  0.00000  0.00000  0.00000
74.66000  8.39858  1.42070 -0.58238  0.00000  0.10000  0.00000  0.00000  0.00000
74.67000  8.36525  0.08656 -0.70428  0.00000  0.10000  0.00000  0.00000  0.00000
74.68000  7.98662 -1.77206 -0.56098  0.00000  0.10000  0.00000  0.00000  0.00000
74.69000  8.03768 -1.95616 -0.48289  0.00000  0.10000  0.00000  0.00000  0.00000
74.70000  7.94904 -4.99470 -0.66590  0.00000  0.10000  0.00000  0.00000  0.00000
74.71000  7.62846 -2.88808 -0.61840  0.00000  0.10000  0.00000  0.00000  0.00000
74.72000  7.46716 -2.95239 -0.86846  0.00000  0.10000  0.00000  0.00000  0.00000
74.73000  7.28524 -0.36014 -0.53269  0.00000  0.10000  0.00000  0.00000  0.00000
74.74000  7.42823  1.61067 -0.66024  0.00000  0.10000  0.00000  0.00000  0.00000
74.75000  7.46009 -2.10182 -0.68694  0.00000  0.10000  0.00000  0.00000  0.00000
74.76000  7.61092 -2.47256 -0.32110  0.00000  0.10000  0.00000  0.00000  0.00000
74.77000  7.61209 -0.00251 -0.21891  0.00000  0.10000  0.00000  0.00000  0.00000
74.78000  7.67364  1.76720 -0.42725  0.00000  0.10000  0.00000  0.00000  0.00000
74.79000  7.58323  0.55975 -0.13892  0.00000  0.10000  0.00000  0.00000  0.00000
74.80000  7.83425  4.13762 -0.16592  0.00000  0.10000  0.00000  0.00000  0.00000
74.81000  7.75662  3.40645 -0.42396  0.00000  0.10000  0.00000  0.00000  0.00000
74.82000  7.75593  4.92730  0.21833  0.00000  0.10000  0.00000  0.00000  0.00000
74.83000  8.14068  3.64348  0.19563  0.00000  0.10000  0.00000  0.00000  0.00000
74.84000  8.36195  4.43728 -0.05365  0.00000  0.10000  0.00000  0.00000  0.00000
74.85000  8.67594  4.69563 -0.28498  0.00000  0.10000  0.00000  0.00000  0.00000
74.86000  8.60805  5.31550 -0.37574  0.00000  0.10000  0.00000  0.00000  0.00000
74.87000  8.85193  4.66375 -0.29933  0.00000  0.10000  0.00000  0.00000  0.00000
74.88000  8.63326  4.48523 -0.38814  0.00000  0.10000  0.00000  0.00000  0.00000
74.89000  8.31494  4.92273 -0.30852  0.00000  0.10000  0.00000  0.00000  0.00000
74.90000  8.04708  5.50580 -0.19853  0.00000  0.10000  0.00000  0.00000  0.00000
74.91000  8.02788  5.10317 -0.31662  0.00000  0.10000  0.00000  0.00000  0.00000
74.92000  8.11095  5.41195  0.15803  0.00000  0.10000  0.00000  0.00000  0.00000
74.93000  7.79251  4.90091 -0.01187  0.00000  0.10000  0.00000  0.00000  0.00000
74.94000  7.85871  5.11852 -0.02920  0.00000  0.10000  0.00000  0.00000  0.00000
74.95000  7.76233  3.08676  0.21159  0.00000  0.10000  0.00000  0.00000  0.00000
74.96000  7.73821  5.31078  0.19740  0.00000  0.10000  0.00000  0.00000  0.00000
74.97000  7.80630  5.55987 -0.33525  0.00000  0.10000  0.00000  0.00000  0.00000
74.98000  7.81581  6.01035 -0.02374  0.00000  0.10000  0.00000  0.00000  0.00000
74.99000  7.62657  6.83765 -0.30814  0.00000  0.10000  0.00000  0.00000  0.00000
75.00000  7.82363  10.20893 -0.20899  0.00000  0.10000  0.00000  0.00000  0.00000
75.01000  7.93261  8.56575 -0.03997  0.00000  0.10000  0.00000  0.00000  0.00000
75.02000  7.92006  6.54830  0.07463  0.00000  0.10000  0.00000  0.00000  0.00000
75.03000  7.73811  7.82078  0.20999  0.00000  0.10000  0.00000  0.00000  0.00000
75.04000  7.53203  3.85311  0.62205  0.00000  0.10000  0.00000  0.00000  0.00000
75.05000  7.61968  3.53318  0.73753  0.00000  0.10000  0.00000  0.00000  0.00000
75.06000  7.52382  4.03329  0.53282  0.00000  0.10000  0.00000  0.00000  0.00000
75.07000  7.82354  2.34551  0.09646  0.00000  0.10000  0.00000  0.00000  0.00000
75.08000  7.69252  3.01964 -0.08150  0.00000  0.10000  0.00000  0.00000  0.00000
75.09000  7.46871  1.01764 -0.23995  0.00000  0.10000  0.00000  0.00000  0.00000
75.10000  7.63215  1.32611  0.25733  0.00000  0.10000  0.00000  0.00000  0.00000
75.11000  7.78497  5.05363  0.24352  0.00000  0.10000  0.00000  0.00000  0.00000
75.12000  7.86009  3.31305  0.20218  0.00000  0.10000  0.00000  0.00000  0.00000
75.13000  7.88841  2.40813 -0.13351  0.00000  0.10000  0.00000  0.00000  0.00000
75.14000  7.29099 -0.41020 -0.14596  0.00000  0.10000  0.00000  0.00000  0.00000
75.15000  7.69252  0.74857 -0.40468  0.00000  0.10000  0.00000  0.00000  0.00000
75.16000  7.62402  0.31603 -0.59135  0.00000  0.10000  0.00000  0.00000  0.00000
75.17000  7.77074 -2.64329 -0.48825  0.00000  0.10000  0.00000  0.00000  0.00000
75.18000  8.02577 -3.94375 -0.68508  0.00000  0.10000  0.00000  0.00000  0.00000
75.19000  7.79234 -6.83053 -0.76887  0.00000  0.10000  0.00000  0.00000  0.00000
75.20000  8.12853 -3.87131 -0.83208  0.00000  0.10000  0.00000  0.00000  0.00000
75.21000  8.27773 -2.85376 -0.54561  0.00000  0.10000  0.00000  0.00000  0.00000
75.22000  8.25149 -2.75041 -0.47852  0.00000  0.10000  0.00000  0.00000  0.00000
75.23000  8.30785 -3.18226 -0.33551  0.00000  0.10000  0.00000  0.00000  0.00000
75.24000  8.38353 -1.15487 -0.19613  0.00000  0.10000  0.00000  0.00000  0.00000
75.25000  7.96650 -0.14906 -0.48334  0.00000  0.10000  0.00000  0.00000  0.00000
75.26000  7.63441  3.22054 -0.32081  0.00000  0.10000  0.00000  0.00000  0.00000
75.27000  7.79548  3.51170 -0.31433  0.00000  0.10000  0.00000  0.00000  0.00000
75.28000  7.97633  3.61375 -0.01170  0.00000  0.10000  0.00000  0.00000  0.00000
75.29000  8.05637  2.51430 -0.03371  0.00000  0.10000  0.00000  0.00000  0.00000
75.30000  7.69608 -1.12903  0.08903  0.00000  0.10000  0.00000  0.00000  0.00000
75.31000  7.44737  1.90148 -0.01612  0.00000  0.10000  0.00000  0.00000  0.00000
75.32000  6.94918  1.95561  0.20286  0.00000  0.10000  0.00000  0.00000  0.00000
75.33000  7.05652  2.38544 -0.23443  0.00000  0.10000  0.00000  0.00000  0.00000
75.34000  6.93334  5.97548 -0.28035  0.00000  0.10000  0.00000  0.00000  0.00000
75.35000  6.94250  9.38085  0.06052  0.00000  0.10000  0.00000  0.00000  0.00000
75.36000  6.77540  4.92760 -0.20158  0.00000  0.10000  0.00000  0.00000  0.00000
75.37000  7.36953  6.18847  0.46312  0.00000  0.10000  0.00000  0.00000  0.00000
75.38000  7.37717  4.86692  0.31903  0.00000  0.10000  0.00000  0.00000  0.00000
75.39000  7.42033  6.20044 -0.00067  0.00000  0.10000  0.00000  0.00000  0.00000
75.40000  7.32450  6.99381 -0.23451  0.00000  0.10000  0.00000  0.00000  0.00000
75.41000  7.11499  4.51609  0.22576  0.00000  0.10000  0.00000  0.00000  0.00000
75.42000  7.12063  4.89041 -0.03083  0.00000  0.10000  0.00000  0.00000  0.00000
75.43000  7.18309  3.71168 -0.01341  0.00000  0.10000  0.00000  0.00000  0.00000
75.44000  7.62389  2.12345  0.27251  0.00000  0.10000  0.00000  0.00000  0.00000
75.45000  7.39275  2.11985  0.11523  0.00000  0.10000  0.00000  0.00000  0.00000
75.46000  6.99481  5.18620 -0.22339  0.00000  0.10000  0.00000  0.00000  0.00000
75.47000  7.03973  5.58211 -0.44111  0.00000  0.10000  0.00000  0.00000  0.00000
75.48000  6.86139  3.94811 -0.43498  0.00000  0.10000  0.00000  0.00000  0.00000
75.49000  7.36847  6.41589 -0.64423  0.00000  0.10000  0.00000  0.00000  0.00000
75.50000  6.66417  8.04972 -0.70842  0.00000  0.10000  0.00000  0.00000  0.00000
75.51000  6.74471  8.95476 -0.52647  0.00000  0.10000  0.00000  0.00000  0.00000
75.52000  6.94317  8.78364 -0.41795  0.00000  0.10000  0.00000  0.00000  0.00000
75.53000  7.07790  7.66006  0.00130  0.00000  0.10000  0.00000  0.00000  0.00000
75.54000  7.39496  6.03771 -0.77506  0.00000  0.10000  0.00000  0.00000  0.00000
75.55000  7.18014  7.08627 -0.47217  0.00000  0.10000  0.00000  0.00000  0.00000
75.56000  7.33267  11.06455  0.12163  0.00000  0.10000  0.00000  0.00000  0.00000
75.57000  7.05595  9.41572 -0.10955  0.00000  0.10000  0.00000  0.00000  0.00000
75.58000  7.05181  11.08712  0.03501  0.00000  0.10000  0.00000  0.00000  0.00000
75.59000  7.44324  9.26345 -0.08953  0.00000  0.10000  0.00000  0.00000  0.00000
75.60000  7.16490  6.32668  0.30612  0.00000  0.10000  0.00000  0.00000  0.00000
75.61000  7.16960  7.21107  0.59685  0.00000  0.10000  0.00000  0.00000  0.00000
75.62000  7.29934  7.79835  0.32818  0.00000  0.10000  0.00000  0.00000  0.00000
75.63000  7.09463  8.98749  0.55855  0.00000  0.10000  0.00000  0.00000  0.00000
75.64000  6.82749  9.10276  0.23247  0.00000  0.10000  0.00000  0.00000  0.00000
75.65000  6.98780  10.90172  0.16156  0.00000  0.10000  0.00000  0.00000  0.00000
75.66000  7.25101  14.73362  0.06341  0.00000  0.10000  0.00000  0.00000  0.00000
75.67000  7.45809  17.54177  0.15470  0.00000  0.10000  0.00000  0.00000  0.00000
75.68000  7.23110  14.55829  0.10157  0.00000  0.10000  0.00000  0.00000  0.00000
75.69000  7.33508  11.37131 -0.18399  0.00000  0.10000  0.00000  0.00000  0.00000
75.70000  7.30087  13.02926 -0.25682  0.00000  0.10000  0.00000  0.00000  0.00000
75.71000  7.40655  15.60240 -0.36730  0.00000  0.10000  0.00000  0.00000  0.00000
75.72000  7.42549  12.84153  0.19446  0.00000  0.10000  0.00000  0.00000  0.00000
75.73000  7.39434  11.20129  0.13662  0.00000  0.10000  0.00000  0.00000  0.00000
75.74000  7.68160  12.62740  0.14767  0.00000  0.10000  0.00000  0.00000  0.00000
75.75000  7.67786  11.84003  0.15141  0.00000  0.10000  0.00000  0.00000  0.00000
75.76000  7.78905  12.19138 -0.05961  0.00000  0.10000  0.00000  0.00000  0.00000
75.77000  7.98599  11.48971 -0.25884  0.00000  0.10000  0.00000  0.00000  0.00000
75.78000  7.69643  10.98003  0.12333  0.00000  0.10000  0.00000  0.00000  0.00000
75.79000  7.91301  10.38696  0.23670  0.00000  0.10000  0.00000  0.00000  0.00000
75.80000  7.84024  12.97870  0.56123  0.00000  0.10000  0.00000  0.00000  0.00000
75.81000  8.20950  11.89772  0.31468  0.00000  0.10000  0.00000  0.00000  0.00000
75.82000  7.87328  10.79089  0.00725  0.00000  0.10000  0.00000  0.00000  0.00000
75.83000  7.72388  12.94026 -0.15636  0.00000  0.10000  0.00000  0.00000  0.00000
75.84000  7.21103  15.30800  0.09151  0.00000  0.10000  0.00000  0.00000  0.00000
75.85000  7.18111  14.21166  0.60785  0.00000  0.10000  0.00000  0.00000  0.00000
75.86000  7.26813  17.95969  0.68832  0.00000  0.10000  0.00000  0.00000  0.00000
75.87000  7.41749  15.14425  0.65279  0.00000  0.10000  0.00000  0.00000  0.00000
75.88000  7.54240  14.12378  0.68386  0.00000  0.10000  0.00000  0.00000  0.00000
75.89000  7.49606  14.61972  0.30662  0.00000  0.10000  0.00000  0.00000  0.00000
75.90000  7.46763  16.75281  0.35830  0.00000  0.10000  0.00000  0.00000  0.00000
75.91000  7.29857  17.91699 -0.24332  0.00000  0.10000  0.00000  0.00000  0.00000
75.92000  7.70099  17.12097 -0.56739  0.00000  0.10000  0.00000  0.00000  0.00000
75.93000  7.78211  17.80122 -0.42549  0.00000  0.10000  0.00000  0.00000  0.00000
75.94000  7.67834  17.60356 -0.72548  0.00000  0.10000  0.00000  0.00000  0.00000
75.95000  7.66485  16.42009 -0.18173  0.00000  0.10000  0.00000  0.00000  0.00000
75.96000  7.71652  19.30600  0.04976  0.00000  0.10000  0.00000  0.00000  0.00000
75.97000  7.68266  18.79154  0.04481  0.00000  0.10000  0.00000  0.00000  0.00000
75.98000  7.48553  14.89179 -0.31551  0.00000  0.10000  0.00000  0.00000  0.00000
75.99000  7.78086  16.98217 -0.74446  0.00000  0.10000  0.00000  0.00000  0.00000
76.00000  7.61127  17.48621 -1.20768  0.00000  0.10000  0.00000  0.00000  0.00000
76.01000  7.62978  15.25810 -0.97302  0.00000  0.10000  0.00000  0.00000  0.00000
76.02000  7.72741  13.11306 -1.21186  0.00000  0.10000  0.00000  0.00000  0.00000
76.03000  7.60848  17.14806 -0.85941  0.00000  0.10000  0.00000  0.00000  0.00000
76.04000  7.56777  13.58343 -0.64249  0.00000  0.10000  0.00000  0.00000  0.00000
76.05000  7.57487  19.30146 -0.19633  0.00000  0.10000  0.00000  0.00000  0.00000
76.06000  7.46653  18.90787 -0.45326  0.00000  0.10000  0.00000  0.00000  0.00000
76.07000  7.42450  20.99848 -0.38929  0.00000  0.10000  0.00000  0.00000  0.00000
76.08000  7.65022  19.94128 -0.15143  0.00000  0.10000  0.00000  0.00000  0.00000
76.09000  7.62674  20.25637 -0.69671  0.00000  0.10000  0.00000  0.00000  0.00000
76.10000  7.86515  19.89744 -0.27207  0.00000  0.10000  0.00000  0.00000  0.00000
76.11000  8.07612  16.73749 -0.55573  0.00000  0.10000  0.00000  0.00000  0.00000
76.12000  7.41486  17.86300 -0.52224  0.00000  0.10000  0.00000  0.00000  0.00000
76.13000  7.96001  17.10513 -0.18163  0.00000  0.10000  0.00000  0.00000  0.00000
76.14000  8.10364  18.79770 -0.17513  0.00000  0.10000  0.00000  0.00000  0.00000
76.15000  8.02635  18.01190 -0.90320  0.00000  0.10000  0.00000  0.00000  0.00000
76.16000  7.83769  14.78769 -0.62598  0.00000  0.10000  0.00000  0.00000  0.00000
76.17000  8.25404  15.78174 -0.19779  0.00000  0.10000  0.00000  0.00000  0.00000
76.18000  7.78359  12.69878 -0.12611  0.00000  0.10000  0.00000  0.00000  0.00000
76.19000  8.19179  12.77608 -0.21885  0.00000  0.10000  0.00000  0.00000  0.00000
76.20000  8.20113  10.92255 -0.18925  0.00000  0.10000  0.00000  0.00000  0.00000
76.21000  8.16926  10.65870 -0.24648  0.00000  0.10000  0.00000  0.00000  0.00000
76.22000  8.54379  10.80084  0.11606  0.00000  0.10000  0.00000  0.00000  0.00000
76.23000  8.58868  10.12382 -0.13705  0.00000  0.10000  0.00000  0.00000  0.00000
76.24000  8.68681  9.90074  0.03062  0.00000  0.10000  0.00000  0.00000  0.00000
76.25000  8.74695  9.04035  0.07073  0.00000  0.10000  0.00000  0.00000  0.00000
76.26000  8.85655  8.37019 -0.43121  0.00000  0.10000  0.00000  0.00000  0.00000
76.27000  9.28297  8.29384 -0.50156  0.00000  0.10000  0.00000  0.00000  0.00000
76.28000  8.60837  7.23516 -0.22348  0.00000  0.10000  0.00000  0.00000  0.00000
76.29000  8.58513  7.93221 -0.02304  0.00000  0.10000  0.00000  0.00000  0.00000
76.30000  8.35526  8.19207 -0.41598  0.00000  0.10000  0.00000  0.00000  0.00000
76.31000  8.12557  9.94924 -0.45707  0.00000  0.10000  0.00000  0.00000  0.00000
76.32000  7.84760  11.24335 -0.66242  0.00000  0.10000  0.00000  0.00000  0.00000
76.33000  7.66025  14.17819 -0.05165  0.00000  0.10000  0.00000  0.00000  0.00000
76.34000  8.02538  15.39595 -0.22582  0.00000  0.10000  0.00000  0.00000  0.00000
76.35000  7.86416  13.82962 -0.21315  0.00000  0.10000  0.00000  0.00000  0.00000
76.36000  7.85523  11.20167  0.03935  0.00000  0.10000  0.00000  0.00000  0.00000
76.37000  7.86291  12.82046  0.43045  0.00000  0.10000  0.00000  0.00000  0.00000
76.38000  7.83200  9.47939  0.81367  0.00000  0.10000  0.00000  0.00000  0.00000
76.39000  7.66486  8.46104  0.55345  0.00000  0.10000  0.00000  0.00000  0.00000
76.40000  7.70334  9.24370  0.77015  0.00000  0.10000  0.00000  0.00000  0.00000
76.41000  7.67423  10.58506  0.17309  0.00000  0.10000  0.00000  0.00000  0.00000
76.42000  8.03403  12.14275  0.13279  0.00000  0.10000  0.00000  0.00000  0.00000
76.43000  7.90908  12.41430  0.13220  0.00000  0.10000  0.00000  0.00000  0.00000
76.44000  7.91597  11.32225  0.13355  0.00000  0.10000  0.00000  0.00000  0.00000
76.45000  8.01446  9.67909 -0.23441  0.00000  0.10000  0.00000  0.00000  0.00000
76.46000  8.27759  9.43230 -0.13325  0.00000  0.10000  0.00000  0.00000  0.00000
76.47000  7.90682  11.61264 -0.13752  0.00000  0.10000  0.00000  0.00000  0.00000
76.48000  7.81338  9.62982 -0.23950  0.00000  0.10000  0.00000  0.00000  0.00000
76.49000  7.76054  7.78971  0.03619  0.00000  0.10000  0.00000  0.00000  0.00000
76.50000  7.84567  7.38777  0.58535  0.00000  0.10000  0.00000  0.00000  0.00000
76.51000  7.91737  6.62459 -0.01939  0.00000  0.10000  0.00000  0.00000  0.00000
76.52000  7.92821  4.55542 -0.06857  0.00000  0.10000  0.00000  0.00000  0.00000
76.53000  7.99777  2.85320 -0.26281  0.00000  0.10000  0.00000  0.00000  0.00000
76.54000  7.93424  2.14984 -0.03956  0.00000  0.10000  0.00000  0.00000  0.00000
76.55000  7.79171  3.89701  0.08086  0.00000  0.10000  0.00000  0.00000  0.00000
76.56000  7.79129  6.78893 -0.10452  0.00000  0.10000  0.00000  0.00000  0.00000
76.57000  7.62207  5.37906  0.10678  0.00000  0.10000  0.00000  0.00000  0.00000
76.58000  8.07417  7.98550  0.27482  0.00000  0.10000  0.00000  0.00000  0.00000
76.59000  8.02043  5.97020  0.24825  0.00000  0.10000  0.00000  0.00000  0.00000
76.60000  7.63974  3.11863 -0.02409  0.00000  0.10000  0.00000  0.00000  0.00000
76.61000  7.64535  3.50370  0.06026  0.00000  0.10000  0.00000  0.00000  0.00000
76.62000  7.56091 -1.39969  0.37133  0.00000  0.10000  0.00000  0.00000  0.00000
76.63000  7.80186  0.73892  0.97334  0.00000  0.10000  0.00000  0.00000  0.00000
76.64000  7.48822 -0.69907  0.69795  0.00000  0.10000  0.00000  0.00000  0.00000
76.65000  7.49644  0.32635  0.20604  0.00000  0.10000  0.00000  0.00000  0.00000
76.66000  7.76779 -1.05487  0.60045  0.00000  0.10000  0.00000  0.00000  0.00000
76.67000  7.79467 -1.23383  0.67906  0.00000  0.10000  0.00000  0.00000  0.00000
76.68000  7.84443  1.06538  0.83634  0.00000  0.10000  0.00000  0.00000  0.00000
76.69000  7.84667  0.73951  0.84910  0.00000  0.10000  0.00000  0.00000  0.00000
76.70000  7.79068  0.39249  0.47338  0.00000  0.10000  0.00000  0.00000  0.00000
76.71000  7.89305 -0.96545 -0.14298  0.00000  0.10000  0.00000  0.00000  0.00000
76.72000  7.90115 -1.19682  0.13462  0.00000  0.10000  0.00000  0.00000  0.00000
76.73000  8.01215  0.31848  0.44477  0.00000  0.10000  0.00000  0.00000  0.00000
76.74000  8.07112 -0.97950  0.15580  0.00000  0.10000  0.00000  0.00000  0.00000
76.75000  8.43327  0.69058  0.04744  0.00000  0.10000  0.00000  0.00000  0.00000
76.76000  8.60768  0.60705  0.13167  0.00000  0.10000  0.00000  0.00000  0.00000
76.77000  8.16605  1.38303  0.05705  0.00000  0.10000  0.00000  0.00000  0.00000
76.78000  8.17321  1.32911  0.15755  0.00000  0.10000  0.00000  0.00000  0.00000
76.79000  8.49493  1.55697 -0.20314  0.00000  0.10000  0.00000  0.00000  0.00000
76.80000  8.35775  2.43847 -0.09122  0.00000  0.10000  0.00000  0.00000  0.00000
76.81000  8.02480  5.48613 -0.18023  0.00000  0.10000  0.00000  0.00000  0.00000
76.82000  7.88034  5.65059 -0.08039  0.00000  0.10000  0.00000  0.00000  0.00000
76.83000  7.86373  5.55067 -0.09409  0.00000  0.10000  0.00000  0.00000  0.00000
76.84000  7.54917  6.81893 -0.15947  0.00000  0.10000  0.00000  0.00000  0.00000
76.85000  7.97210  9.10138 -0.28035  0.00000  0.10000  0.00000  0.00000  0.00000
76.86000  8.04207  7.72998 -0.97870  0.00000  0.10000  0.00000  0.00000  0.00000
76.87000  8.12547  6.92394 -1.30944  0.00000  0.10000  0.00000  0.00000  0.00000
76.88000  7.77876  4.14544 -0.94858  0.00000  0.10000  0.00000  0.00000  0.00000
76.89000  7.72698  2.06297 -1.09429  0.00000  0.10000  0.00000  0.00000  0.00000
76.90000  7.75780  4.63853 -1.15223  0.00000  0.10000  0.00000  0.00000  0.00000
76.91000  7.83268  2.41803 -1.12775  0.00000  0.10000  0.00000  0.00000  0.00000
76.92000  7.71558  2.35103 -1.36059  0.00000  0.10000  0.00000  0.00000  0.00000
76.93000  7.68483  2.86175 -1.50701  0.00000  0.10000  0.00000  0.00000  0.00000
76.94000  7.91891  6.33615 -1.04449  0.00000  0.10000  0.00000  0.00000  0.00000
76.95000  7.98325  3.79916 -0.75586  0.00000  0.10000  0.00000  0.00000  0.00000
76.96000  8.20671  2.73317 -0.39269  0.00000  0.10000  0.00000  0.00000  0.00000
76.97000  8.09887  4.29268 -0.27778  0.00000  0.10000  0.00000  0.00000  0.00000
76.98000  7.98636  5.50946 -0.36840  0.00000  0.10000  0.00000  0.00000  0.00000
76.99000  7.75858  7.98134 -0.38425  0.00000  0.10000  0.00000  0.00000  0.00000
77.00000  7.56558  5.32980 -0.27974  0.00000  0.10000  0.00000  0.00000  0.00000
77.01000  8.02486  5.29859 -0.44224  0.00000  0.10000  0.00000  0.00000  0.00000
77.02000  8.00508  7.50858 -0.31356  0.00000  0.10000  0.00000  0.00000  0.00000
77.03000  8.46671  7.03760 -0.25018  0.00000  0.10000  0.00000  0.00000  0.00000
77.04000  8.01689  7.37043 -0.41237  0.00000  0.10000  0.00000  0.00000  0.00000
77.05000  7.92244  9.95541 -0.71975  0.00000  0.10000  0.00000  0.00000  0.00000
77.06000  7.88827  12.47901 -0.82897  0.00000  0.10000  0.00000  0.00000  0.00000
77.07000  7.70462  11.47849 -0.58280  0.00000  0.10000  0.00000  0.00000  0.00000
77.08000  7.93287  10.86150 -0.52385  0.00000  0.10000  0.00000  0.00000  0.00000
77.09000  7.94178  12.85825 -0.33351  0.00000  0.10000  0.00000  0.00000  0.00000
77.10000  7.94153  13.16242 -0.42468  0.00000  0.10000  0.00000  0.00000  0.00000
77.11000  7.95484  11.59296 -0.56806  0.00000  0.10000  0.00000  0.00000  0.00000
77.12000  7.75258  9.21761 -0.53936  0.00000  0.10000  0.00000  0.00000  0.00000
77.13000  8.08758  10.15235 -0.88340  0.00000  0.10000  0.00000  0.00000  0.00000
77.14000  7.83809  9.45977 -0.40977  0.00000  0.10000  0.00000  0.00000  0.00000
77.15000  7.94038  8.48747 -0.68901  0.00000  0.10000  0.00000  0.00000  0.00000
77.16000  7.80400  11.15820 -0.38421  0.00000  0.10000  0.00000  0.00000  0.00000
77.17000  8.46659  9.67364 -0.40043  0.00000  0.10000  0.00000  0.00000  0.00000
77.18000  8.11700  7.16236 -0.29352  0.00000  0.10000  0.00000  0.00000  0.00000
77.19000  7.96604  11.82274 -0.01655  0.00000  0.10000  0.00000  0.00000  0.00000
77.20000  7.69869  10.65138 -0.04184  0.00000  0.10000  0.00000  0.00000  0.00000
77.21000  7.75028  7.87144 -0.11779  0.00000  0.10000  0.00000  0.00000  0.00000
77.22000  7.54063  7.55224 -0.23745  0.00000  0.10000  0.00000  0.00000  0.00000
77.23000  8.11867  8.36743 -0.20766  0.00000  0.10000  0.00000  0.00000  0.00000
77.24000  7.92585  9.12182 -0.13337  0.00000  0.10000  0.00000  0.00000  0.00000
77.25000  8.35484  10.15335  0.05225  0.00000  0.10000  0.00000  0.00000  0.00000
77.26000  8.46106  12.51220  0.10732  0.00000  0.10000  0.00000  0.00000  0.00000
77.27000  8.60486  11.97038  0.36032  0.00000  0.10000  0.00000  0.00000  0.00000
77.28000  8.32878  13.73956  0.65240  0.00000  0.10000  0.00000  0.00000  0.00000
77.29000  8.41340  11.16353  0.33026  0.00000  0.10000  0.00000  0.00000  0.00000
77.30000  8.51366  12.54915  0.48406  0.00000  0.10000  0.00000  0.00000  0.00000
77.31000  8.62694  12.42168  0.80055  0.00000  0.10000  0.00000  0.00000  0.00000
77.32000  8.75080  14.56842  0.95911  0.00000  0.10000  0.00000  0.00000  0.00000
77.33000  8.52314  12.78462  0.98167  0.00000  0.10000  0.00000  0.00000  0.00000
77.34000  8.99894  18.40898  0.90119  0.00000  0.10000  0.00000  0.00000  0.00000
77.35000  9.15051  18.75470  0.83362  0.00000  0.10000  0.00000  0.00000  0.00000
77.36000  9.52834  17.60685  0.63770  0.00000  0.10000  0.00000  0.00000  0.00000
77.37000  9.04654  17.11559  0.61726  0.00000  0.10000  0.00000  0.00000  0.00000
77.38000  9.06152  16.86032  0.89655  0.00000  0.10000  0.00000  0.00000  0.00000
77.39000  8.76719  16.58681  0.50545  0.00000  0.10000  0.00000  0.00000  0.00000
77.40000  8.95359  19.40042  0.56333  0.00000  0.10000  0.00000  0.00000  0.00000
77.41000  8.90027  18.87162  0.46133  0.00000  0.10000  0.00000  0.00000  0.00000
77.42000  8.72324  18.38553  0.70611  0.00000  0.10000  0.00000  0.00000  0.00000
77.43000  8.60326  18.45784  0.11462  0.00000  0.10000  0.00000  0.00000  0.00000
77.44000  8.92730  21.09774  0.37978  0.00000  0.10000  0.00000  0.00000  0.00000
77.45000  8.89316  22.55388  0.78968  0.00000  0.10000  0.00000  0.00000  0.00000
77.46000  9.28981  22.81342  0.68739  0.00000  0.10000  0.00000  0.00000  0.00000
77.47000  9.21150  20.99570  1.03087  0.00000  0.10000  0.00000  0.00000  0.00000
77.48000  8.99350  21.14458  1.17434  0.00000  0.10000  0.00000  0.00000  0.00000
77.49000  9.07445  23.09696  0.66334  0.00000  0.10000  0.00000  0.00000  0.00000
77.50000  9.18695  21.93334  0.77515  0.00000  0.10000  0.00000  0.00000  0.00000
77.51000  8.98533  22.50586  0.88810  0.00000  0.10000  0.00000  0.00000  0.00000
77.52000  8.89262  22.57793  0.61498  0.00000  0.10000  0.00000  0.00000  0.00000
77.53000  8.86648  22.74164  0.90060  0.00000  0.10000  0.00000  0.00000  0.00000
77.54000  9.07692  18.82605  1.01056  0.00000  0.10000  0.00000  0.00000  0.00000
77.55000  9.41794  22.13194  1.06195  0.00000  0.10000  0.00000  0.00000  0.00000
77.56000  9.48307  22.12361  0.86939  0.00000  0.10000  0.00000  0.00000  0.00000
77.57000  9.40956  22.24016  0.47918  0.00000  0.10000  0.00000  0.00000  0.00000
77.58000  9.48624  22.23986  0.31391  0.00000  0.10000  0.00000  0.00000  0.00000
77.59000  9.29450  23.85504  0.41898  0.00000  0.10000  0.00000  0.00000  0.00000
77.60000  9.02550  24.27884  0.18522  0.00000  0.10000  0.00000  0.00000  0.00000
77.61000  8.92510  21.48266  0.44480  0.00000  0.10000  0.00000  0.00000  0.00000
77.62000  8.62939  21.90855  0.13751  0.00000  0.10000  0.00000  0.00000  0.00000
77.63000  8.36844  20.90655  0.40815  0.00000  0.10000  0.00000  0.00000  0.00000
77.64000  8.70222  20.47246  0.34664  0.00000  0.10000  0.00000  0.00000  0.00000
77.65000  8.56969  20.46994  0.55187  0.00000  0.10000  0.00000  0.00000  0.00000
77.66000  8.70695  16.55868  0.64486  0.00000  0.10000  0.00000  0.00000  0.00000
77.67000  8.75896  14.89922  0.90579  0.00000  0.10000  0.00000  0.00000  0.00000
77.68000  8.57921  17.40160  0.75938  0.00000  0.10000  0.00000  0.00000  0.00000
77.69000  8.63931  16.82158  1.09161  0.00000  0.10000  0.00000  0.00000  0.00000
77.70000  9.03158  18.08477  0.70303  0.00000  0.10000  0.00000  0.00000  0.00000
77.71000  9.02831  17.91996  0.93031  0.00000  0.10000  0.00000  0.00000  0.00000
77.72000  9.10361  18.38256  0.89412  0.00000  0.10000  0.00000  0.00000  0.00000
77.73000  8.88130  18.61042  1.16184  0.00000  0.10000  0.00000  0.00000  0.00000
77.74000  9.07997  20.83396  0.83885  0.00000  0.10000  0.00000  0.00000  0.00000
77.75000  8.95410  20.40356  0.81180  0.00000  0.10000  0.00000  0.00000  0.00000
77.76000  8.78612  19.91624  0.55820  0.00000  0.10000  0.00000  0.00000  0.00000
77.77000  8.74744  21.25178  0.63641  0.00000  0.10000  0.00000  0.00000  0.00000
77.78000  9.00868  22.96526  0.75090  0.00000  0.10000  0.00000  0.00000  0.00000
77.79000  8.72148  21.55828  1.28368  0.00000  0.10000  0.00000  0.00000  0.00000
77.80000  8.66789  19.71225  1.28125  0.00000  0.10000  0.00000  0.00000  0.00000
77.81000  8.74151  18.05176  1.27818  0.00000  0.10000  0.00000  0.00000  0.00000
77.82000  9.09169  17.88617  0.86297  0.00000  0.10000  0.00000  0.00000  0.00000
77.83000  9.04621  17.96492  1.12610  0.00000  0.10000  0.00000  0.00000  0.00000
77.84000  8.85286  14.34286  0.97912  0.00000  0.10000  0.00000  0.00000  0.00000
77.85000  8.62814  12.93682  1.43392  0.00000  0.10000  0.00000  0.00000  0.00000
77.86000  8.51297  14.51501  1.41930  0.00000  0.10000  0.00000  0.00000  0.00000
77.87000  8.78289  12.95345  1.52118  0.00000  0.10000  0.00000  0.00000  0.00000
77.88000  8.59266  13.60116  1.60220  0.00000  0.10000  0.00000  0.00000  0.00000
77.89000  9.02128  12.55779  1.28407  0.00000  0.10000  0.00000  0.00000  0.00000
77.90000  8.62713  13.03565  1.50404  0.00000  0.10000  0.00000  0.00000  0.00000
77.91000  9.05347  13.70652  1.66612  0.00000  0.10000  0.00000  0.00000  0.00000
77.92000  8.96699  11.59462  1.60817  0.00000  0.10000  0.00000  0.00000  0.00000
77.93000  8.81915  10.75422  1.43256  0.00000  0.10000  0.00000  0.00000  0.00000
77.94000  8.81125  11.71353  1.50607  0.00000  0.10000  0.00000  0.00000  0.00000
77.95000  8.65510  9.05659  0.99605  0.00000  0.10000  0.00000  0.00000  0.00000
77.96000  8.48568  8.89328  0.98571  0.00000  0.10000  0.00000  0.00000  0.00000
77.97000  7.94108  8.38292  1.24003  0.00000  0.10000  0.00000  0.00000  0.00000
77.98000  8.21338  9.15701  1.06390  0.00000  0.10000  0.00000  0.00000  0.00000
77.99000  8.25640  9.50690  1.15720  0.00000  0.10000  0.00000  0.00000  0.00000
78.00000  7.95983  13.79647  0.84795  0.00000  0.10000  0.00000  0.00000  0.00000
78.01000  7.79272  13.14554  0.70789  0.00000  0.10000  0.00000  0.00000  0.00000
78.02000  7.59586  15.24823  0.69701  0.00000  0.10000  0.00000  0.00000  0.00000
78.03000  7.52209  15.52031  0.64216  0.00000  0.10000  0.00000  0.00000  0.00000
78.04000  7.37154  17.51014  0.80822  0.00000  0.10000  0.00000  0.00000  0.00000
78.05000  7.43082  17.24557  0.92949  0.00000  0.10000  0.00000  0.00000  0.00000
78.06000  7.25291  16.17898  1.01011  0.00000  0.10000  0.00000  0.00000  0.00000
78.07000  7.34733  16.08973  0.95552  0.00000  0.10000  0.00000  0.00000  0.00000
78.08000  7.41799  17.62361  0.92335  0.00000  0.10000  0.00000  0.00000  0.00000
78.09000  7.68166  17.21962  1.21784  0.00000  0.10000  0.00000  0.00000  0.00000
78.10000  7.50351  16.86580  1.10852  0.00000  0.10000  0.00000  0.00000  0.00000
78.11000  7.12377  15.42348  1.01744  0.00000  0.10000  0.00000  0.00000  0.00000
78.12000  7.24307  16.55834  1.84414  0.00000  0.10000  0.00000  0.00000  0.00000
78.13000  7.07112  15.35045  1.66294  0.00000  0.10000  0.00000  0.00000  0.00000
78.14000  6.84360  14.78900  1.49295  0.00000  0.10000  0.00000  0.00000  0.00000
78.15000  6.85943  15.16087  1.66674  0.00000  0.10000  0.00000  0.00000  0.00000
78.16000  7.24986  12.47237  1.72691  0.00000  0.10000  0.00000  0.00000  0.00000
78.17000  7.37227  15.70290  1.76021  0.00000  0.10000  0.00000  0.00000  0.00000
78.18000  7.77697  15.49764  1.60020  0.00000  0.10000  0.00000  0.00000  0.00000
78.19000  7.64044  15.54712  1.74254  0.00000  0.10000  0.00000  0.00000  0.00000
78.20000  7.48730  12.47522  1.66914  0.00000  0.10000  0.00000  0.00000  0.00000
78.21000  7.20196  11.00749  1.50087  0.00000  0.10000  0.00000  0.00000  0.00000
78.22000  7.17441  11.51226  1.61672  0.00000  0.10000  0.00000  0.00000  0.00000
78.23000  7.00174  7.16811  1.82318  0.00000  0.10000  0.00000  0.00000  0.00000
78.24000  6.58332  7.42107  2.10591  0.00000  0.10000  0.00000  0.00000  0.00000
78.25000  6.59154  8.80844  1.87276  0.00000  0.10000  0.00000  0.00000  0.00000
78.26000  6.91279  12.17619  2.08221  0.00000  0.10000  0.00000  0.00000  0.00000
78.27000  7.06556  11.57002  2.76598  0.00000  0.10000  0.00000  0.00000  0.00000
78.28000  7.19730  9.39630  2.41724  0.00000  0.10000  0.00000  0.00000  0.00000
78.29000  7.05910  7.68555  2.63639  0.00000  0.10000  0.00000  0.00000  0.00000
78.30000  6.84815  7.94686  2.48407  0.00000  0.10000  0.00000  0.00000  0.00000
78.31000  6.93150  8.81841  2.61422  0.00000  0.10000  0.00000  0.00000  0.00000
78.32000  7.01001  6.51586  2.39089  0.00000  0.10000  0.00000  0.00000  0.00000
78.33000  6.83638  5.79714  2.26186  0.00000  0.10000  0.00000  0.00000  0.00000
78.34000  6.75506  5.23416  2.16160  0.00000  0.10000  0.00000  0.00000  0.00000
78.35000  6.85766  4.91736  1.83885  0.00000  0.10000  0.00000  0.00000  0.00000
78.36000  6.95169  8.61042  1.88178  0.00000  0.10000  0.00000  0.00000  0.00000
78.37000  7.33934  8.29856  1.88949  0.00000  0.10000  0.00000  0.00000  0.00000
78.38000  7.31676  6.82746  1.45140  0.00000  0.10000  0.00000  0.00000  0.00000
78.39000  7.35034  6.78828  1.86545  0.00000  0.10000  0.00000  0.00000  0.00000
78.40000  7.21209  7.58492  1.77640  0.00000  0.10000  0.00000  0.00000  0.00000
78.41000  7.42514  9.11787  1.69053  0.00000  0.10000  0.00000  0.00000  0.00000
78.42000  7.58295  4.65823  1.64571  0.00000  0.10000  0.00000  0.00000  0.00000
78.43000  7.25998  3.43034  1.41898  0.00000  0.10000  0.00000  0.00000  0.00000
78.44000  7.69720  2.01465  0.98086  0.00000  0.10000  0.00000  0.00000  0.00000
78.45000  7.52399  1.23713  0.92966  0.00000  0.10000  0.00000  0.00000  0.00000
78.46000  7.51180  3.87227  0.79890  0.00000  0.10000  0.00000  0.00000  0.00000
78.47000  7.33767  3.43274  0.70377  0.00000  0.10000  0.00000  0.00000  0.00000
78.48000  7.22146  3.93719  0.53412  0.00000  0.10000  0.00000  0.00000  0.00000
78.49000  7.32155  1.16755  0.45880  0.00000  0.10000  0.00000  0.00000  0.00000
78.50000  7.30266  2.89250  0.28141  0.00000  0.10000  0.00000  0.00000  0.00000
78.51000  7.17511  6.93517  0.35836  0.00000  0.10000  0.00000  0.00000  0.00000
78.52000  7.37900  5.69687  0.30352  0.00000  0.10000  0.00000  0.00000  0.00000
78.53000  7.20733  7.43525  0.58941  0.00000  0.10000  0.00000  0.00000  0.00000
78.54000  7.26953  8.35777  0.65753  0.00000  0.10000  0.00000  0.00000  0.00000
78.55000  7.60818  6.03126  0.68673  0.00000  0.10000  0.00000  0.00000  0.00000
78.56000  7.70495  6.46358  0.69363  0.00000  0.10000  0.00000  0.00000  0.00000
78.57000  8.15529  3.54827  0.90453  0.00000  0.10000  0.00000  0.00000  0.00000
78.58000  8.05406  1.87691  1.24215  0.00000  0.10000  0.00000  0.00000  0.00000
78.59000  7.79934  2.77708  1.07459  0.00000  0.10000  0.00000  0.00000  0.00000
78.60000  8.16470  0.65006  1.25760  0.00000  0.10000  0.00000  0.00000  0.00000
78.61000  8.09623  2.81136  0.92120  0.00000  0.10000  0.00000  0.00000  0.00000
78.62000  8.12601 -0.51983  0.97208  0.00000  0.10000  0.00000  0.00000  0.00000
78.63000  7.57863  0.30069  0.73143  0.00000  0.10000  0.00000  0.00000  0.00000
78.64000  7.76423 -0.04636  0.97920  0.00000  0.10000  0.00000  0.00000  0.00000
78.65000  7.68354  0.46004  1.48451  0.00000  0.10000  0.00000  0.00000  0.00000
78.66000  7.37567  1.51185  1.37010  0.00000  0.10000  0.00000  0.00000  0.00000
78.67000  7.39752  1.33650  1.12243  0.00000  0.10000  0.00000  0.00000  0.00000
78.68000  7.79087 -0.65432  0.89690  0.00000  0.10000  0.00000  0.00000  0.00000
78.69000  7.51126 -0.00095  0.69027  0.00000  0.10000  0.00000  0.00000  0.00000
78.70000  7.39341 -0.57519  0.53003  0.00000  0.10000  0.00000  0.00000  0.00000
78.71000  7.17880  0.81840  0.87362  0.00000  0.10000  0.00000  0.00000  0.00000
78.72000  7.13007  0.50601  0.78036  0.00000  0.10000  0.00000  0.00000  0.00000
78.73000  7.21959  1.38129  0.99033  0.00000  0.10000  0.00000  0.00000  0.00000
78.74000  7.43073  1.22086  0.94359  0.00000  0.10000  0.00000  0.00000  0.00000
78.75000  7.48183  0.65222  0.86123  0.00000  0.10000  0.00000  0.00000  0.00000
78.76000  7.50729 -3.52083  0.96764  0.00000  0.10000  0.00000  0.00000  0.00000
78.77000  7.29535 -2.13917  0.84496  0.00000  0.10000  0.00000  0.00000  0.00000
78.78000  7.52818 -1.60109  0.44070  0.00000  0.10000  0.00000  0.00000  0.00000
78.79000  7.51388 -0.99624  0.20631  0.00000  0.10000  0.00000  0.00000  0.00000
78.80000  7.38763 -2.28045  0.22560  0.00000  0.10000  0.00000  0.00000  0.00000
78.81000  7.16024 -3.20634 -0.02524  0.00000  0.10000  0.00000  0.00000  0.00000
78.82000  7.51748 -1.34990  0.18937  0.00000  0.10000  0.00000  0.00000  0.00000
78.83000  7.79823  1.28075  0.01504  0.00000  0.10000  0.00000  0.00000  0.00000
78.84000  7.65826  2.26304  0.38987  0.00000  0.10000  0.00000  0.00000  0.00000
78.85000  7.79641 -0.58318  0.12151  0.00000  0.10000  0.00000  0.00000  0.00000
78.86000  7.86497  0.27060  0.01231  0.00000  0.10000  0.00000  0.00000  0.00000
78.87000  7.79911  1.47317 -0.04331  0.00000  0.10000  0.00000  0.00000  0.00000
78.88000  8.01100  1.05490  0.26953  0.00000  0.10000  0.00000  0.00000  0.00000
78.89000  7.95623  1.15564  0.57925  0.00000  0.10000  0.00000  0.00000  0.00000
78.90000  7.75643  1.00824  0.51422  0.00000  0.10000  0.00000  0.00000  0.00000
78.91000  7.73341  0.17172  0.52091  0.00000  0.10000  0.00000  0.00000  0.00000
78.92000  7.76558  2.66647  0.43517  0.00000  0.10000  0.00000  0.00000  0.00000
78.93000  7.57064  2.48845  0.63233  0.00000  0.10000  0.00000  0.00000  0.00000
78.94000  7.76216  2.01483  0.51883  0.00000  0.10000  0.00000  0.00000  0.00000
78.95000  7.56917  2.13159  0.25089  0.00000  0.10000  0.00000  0.00000  0.00000
78.96000  8.00105  3.25574  0.38876  0.00000  0.10000  0.00000  0.00000  0.00000
78.97000  7.95763  3.96109  0.50065  0.00000  0.10000  0.00000  0.00000  0.00000
78.98000  8.07858  4.35539  0.24866  0.00000  0.10000  0.00000  0.00000  0.00000
78.99000  8.24821  4.08223  0.37090  0.00000  0.10000  0.00000  0.00000  0.00000
79.00000  8.15510  0.66052  0.61749  0.00000  0.10000  0.00000  0.00000  0.00000
79.01000  8.02220  0.40985  0.37240  0.00000  0.10000  0.00000  0.00000  0.00000
79.02000  8.02077 -0.18869  0.06471  0.00000  0.10000  0.00000  0.00000  0.00000
79.03000  8.03945  2.64668  0.34910  0.00000  0.10000  0.00000  0.00000  0.00000
79.04000  8.21249  5.71096  0.16309  0.00000  0.10000  0.00000  0.00000  0.00000
79.05000  8.64815  4.09963 -0.04218  0.00000  0.10000  0.00000  0.00000  0.00000
79.06000  8.34396  3.82315  0.30469  0.00000  0.10000  0.00000  0.00000  0.00000
79.07000  8.18997  3.09647 -0.01452  0.00000  0.10000  0.00000  0.00000  0.00000
79.08000  8.51457  3.87016  0.17945  0.00000  0.10000  0.00000  0.00000  0.00000
79.09000  8.60523  4.33438  0.60098  0.00000  0.10000  0.00000  0.00000  0.00000
79.10000  8.41178  5.04527  0.51379  0.00000  0.10000  0.00000  0.00000  0.00000
79.11000  8.50544  3.28937  0.08732  0.00000  0.10000  0.00000  0.00000  0.00000
79.12000  8.52697  2.46786  0.15075  0.00000  0.10000  0.00000  0.00000  0.00000
79.13000  8.26814  2.52976  0.18461  0.00000  0.10000  0.00000  0.00000  0.00000
79.14000  8.08879  2.47032  0.48594  0.00000  0.10000  0.00000  0.00000  0.00000
79.15000  7.95864  0.98635  0.52104  0.00000  0.10000  0.00000  0.00000  0.00000
79.16000  8.09643  5.21566  0.32352  0.00000  0.10000  0.00000  0.00000  0.00000
79.17000  7.95905  5.51921  0.28915  0.00000  0.10000  0.00000  0.00000  0.00000
79.18000  8.13968  6.86971  0.31097  0.00000  0.10000  0.00000  0.00000  0.00000
79.19000  7.80911  6.73821  0.05746  0.00000  0.10000  0.00000  0.00000  0.00000
79.20000  8.01750  4.07258  0.31930  0.00000  0.10000  0.00000  0.00000  0.00000
79.21000  7.96258  6.68643  0.64592  0.00000  0.10000  0.00000  0.00000  0.00000
79.22000  7.87568  6.54980  0.61175  0.00000  0.10000  0.00000  0.00000  0.00000
79.23000  7.72225  5.99276  0.23194  0.00000  0.10000  0.00000  0.00000  0.00000
79.24000  7.94919  7.36941  0.24262  0.00000  0.10000  0.00000  0.00000  0.00000
79.25000  7.84518  8.11102  0.44557  0.00000  0.10000  0.00000  0.00000  0.00000
79.26000  8.15574  6.88650  0.65695  0.00000  0.10000  0.00000  0.00000  0.00000
79.27000  7.92763  8.28195  0.33912  0.00000  0.10000  0.00000  0.00000  0.00000
79.28000  7.74161  6.64511 -0.03001  0.00000  0.10000  0.00000  0.00000  0.00000
79.29000  7.28771  6.01452  0.40948  0.00000  0.10000  0.00000  0.00000  0.00000
79.30000  7.39749  3.72039  0.55595  0.00000  0.10000  0.00000  0.00000  0.00000
79.31000  7.48677  7.34386  0.36385  0.00000  0.10000  0.00000  0.00000  0.00000
79.32000  7.68442  2.94011  0.52617  0.00000  0.10000  0.00000  0.00000  0.00000
79.33000  7.87996  4.79576  0.62285  0.00000  0.10000  0.00000  0.00000  0.00000
79.34000  7.97232  6.08643  0.94603  0.00000  0.10000  0.00000  0.00000  0.00000
79.35000  8.08772  4.77499  0.82534  0.00000  0.10000  0.00000  0.00000  0.00000
79.36000  7.81596  4.81349  1.06289  0.00000  0.10000  0.00000  0.00000  0.00000
79.37000  7.53426  3.34993  0.55277  0.00000  0.10000  0.00000  0.00000  0.00000
79.38000  7.50511  3.84045  1.06646  0.00000  0.10000  0.00000  0.00000  0.00000
79.39000  7.54940  7.16608  1.13880  0.00000  0.10000  0.00000  0.00000  0.00000
79.40000  7.91611  6.30887  1.07698  0.00000  0.10000  0.00000  0.00000  0.00000
79.41000  7.74867  7.73122  0.61791  0.00000  0.10000  0.00000  0.00000  0.00000
79.42000  7.72034  8.63314  0.75565  0.00000  0.10000  0.00000  0.00000  0.00000
79.43000  7.87262  13.58269  0.50744  0.00000  0.10000  0.00000  0.00000  0.00000
79.44000  7.70469  11.06181  0.39480  0.00000  0.10000  0.00000  0.00000  0.00000
79.45000  7.77269  10.57238 -0.50188  0.00000  0.10000  0.00000  0.00000  0.00000
79.46000  7.90486  10.27468 -0.38967  0.00000  0.10000  0.00000  0.00000  0.00000
79.47000  7.46489  10.18714 -0.15676  0.00000  0.10000  0.00000  0.00000  0.00000
79.48000  7.35435  9.59856 -0.07589  0.00000  0.10000  0.00000  0.00000  0.00000
79.49000  7.45202  11.17264 -0.17049  0.00000  0.10000  0.00000  0.00000  0.00000
79.50000  7.59300  11.20795 -0.12474  0.00000  0.10000  0.00000  0.00000  0.00000
79.51000  7.61299  8.76066  0.10342  0.00000  0.10000  0.00000  0.00000  0.00000
79.52000  7.90076  10.07088  0.02188  0.00000  0.10000  0.00000  0.00000  0.00000
79.53000  7.80999  8.67171  0.80102  0.00000  0.10000  0.00000  0.00000  0.00000
79.54000  7.88982  9.92926  1.00883  0.00000  0.10000  0.00000  0.00000  0.00000
79.55000  7.88384  7.57748  1.14425  0.00000  0.10000  0.00000  0.00000  0.00000
79.56000  7.44637  8.63318  1.48860  0.00000  0.10000  0.00000  0.00000  0.00000
79.57000  7.05383  7.29526  1.46786  0.00000  0.10000  0.00000  0.00000  0.00000
79.58000  7.24147  11.16716  1.57671  0.00000  0.10000  0.00000  0.00000  0.00000
79.59000  7.13510  6.59027  1.08650  0.00000  0.10000  0.00000  0.00000  0.00000
79.60000  7.05826 -0.51045  0.90384  0.00000  0.10000  0.00000  0.00000  0.00000
79.61000  7.17638  3.64539  1.48834  0.00000  0.10000  0.00000  0.00000  0.00000
79.62000  7.14120  5.69850  1.85380  0.00000  0.10000  0.00000  0.00000  0.00000
79.63000  6.93437  7.76835  1.31037  0.00000  0.10000  0.00000  0.00000  0.00000
79.64000  7.31850  5.32602  1.71299  0.00000  0.10000  0.00000  0.00000  0.00000
79.65000  7.60243  5.99801  1.50110  0.00000  0.10000  0.00000  0.00000  0.00000
79.66000  7.56637  6.56923  1.54219  0.00000  0.10000  0.00000  0.00000  0.00000
79.67000  7.47652  4.27096  1.37726  0.00000  0.10000  0.00000  0.00000  0.00000
79.68000  7.07580  3.99728  1.15713  0.00000  0.10000  0.00000  0.00000  0.00000
79.69000  7.01214  5.60332  0.93396  0.00000  0.10000  0.00000  0.00000  0.00000
79.70000  7.01713  5.18331  0.93596  0.00000  0.10000  0.00000  0.00000  0.00000
79.71000  7.16239  4.78421  0.97291  0.00000  0.10000  0.00000  0.00000  0.00000
79.72000  7.15500  6.18361  1.00955  0.00000  0.10000  0.00000  0.00000  0.00000
79.73000  6.80169  7.13459  0.99524  0.00000  0.10000  0.00000  0.00000  0.00000
79.74000  7.02519  3.54652  1.33609  0.00000  0.10000  0.00000  0.00000  0.00000
79.75000  7.35024  2.41611  1.52260  0.00000  0.10000  0.00000  0.00000  0.00000
79.76000  7.09884  5.25185  0.71458  0.00000  0.10000  0.00000  0.00000  0.00000
79.77000  6.87396  3.10503  0.69688  0.00000  0.10000  0.00000  0.00000  0.00000
79.78000  6.98884  2.32181  0.64117  0.00000  0.10000  0.00000  0.00000  0.00000
79.79000  6.93377  2.89015  0.79074  0.00000  0.10000  0.00000  0.00000  0.00000
79.80000  6.95834  6.80215  0.54821  0.00000  0.10000  0.00000  0.00000  0.00000
79.81000  7.41803  4.06881  0.95491  0.00000  0.10000  0.00000  0.00000  0.00000
79.82000  7.55844  0.98590  0.91916  0.00000  0.10000  0.00000  0.00000  0.00000
79.83000  7.66567  3.84595  1.04331  0.00000  0.10000  0.00000  0.00000  0.00000
79.84000  7.60653  1.60574  1.03209  0.00000  0.10000  0.00000  0.00000  0.00000
79.85000  7.75783  0.65970  1.16916  0.00000  0.10000  0.00000  0.00000  0.00000
79.86000  7.69928  2.18407  1.62798  0.00000  0.10000  0.00000  0.00000  0.00000
79.87000  7.65304 -0.10450  1.60309  0.00000  0.10000  0.00000  0.00000  0.00000
79.88000  7.78669  2.11326  1.63616  0.00000  0.10000  0.00000  0.00000  0.00000
79.89000  7.78606  1.10939  1.36309  0.00000  0.10000  0.00000  0.00000  0.00000
79.90000  7.83741  0.06144  1.26015  0.00000  0.10000  0.00000  0.00000  0.00000
79.91000  7.85421  0.05498  1.54462  0.00000  0.10000  0.00000  0.00000  0.00000
79.92000  7.82427  3.70240  1.22845  0.00000  0.10000  0.00000  0.00000  0.00000
79.93000  7.87696  2.35407  1.41678  0.00000  0.10000  0.00000  0.00000  0.00000
79.94000  7.95035  3.96159  1.26117  0.00000  0.10000  0.00000  0.00000  0.00000
79.95000  7.85491  2.73898  0.95393  0.00000  0.10000  0.00000  0.00000  0.00000
79.96000  7.92324  0.93628  0.95898  0.00000  0.10000  0.00000  0.00000  0.00000
79.97000  8.10254  1.00378  1.58058  0.00000  0.10000  0.00000  0.00000  0.00000
79.98000  8.23010  2.29161  0.85279  0.00000  0.10000  0.00000  0.00000  0.00000
79.99000  7.83568 -0.34059  0.91316  0.00000  0.10000  0.00000  0.00000  0.00000
80.00000  7.89763  1.76780  1.01605  0.00000  0.10000  0.00000  0.00000  0.00000
80.01000  7.89484  2.75797  1.14193  0.00000  0.10000  0.00000  0.00000  0.00000
80.02000  7.82676 -1.42467  1.10155  0.00000  0.10000  0.00000  0.00000  0.00000
80.03000  7.98295 -1.39384  1.00361  0.00000  0.10000  0.00000  0.00000  0.00000
80.04000  7.73137 -0.49230  0.75295  0.00000  0.10000  0.00000  0.00000  0.00000
80.05000  7.66263  1.98525  0.81581  0.00000  0.10000  0.00000  0.00000  0.00000
80.06000  7.49385  1.17869  0.22353  0.00000  0.10000  0.00000  0.00000  0.00000
80.07000  7.80996  3.03161  0.24786  0.00000  0.10000  0.00000  0.00000  0.00000
80.08000  7.85753  1.29645  0.03954  0.00000  0.10000  0.00000  0.00000  0.00000
80.09000  7.85005  1.90918  0.30589  0.00000  0.10000  0.00000  0.00000  0.00000
80.10000  8.12805  1.70256  0.02943  0.00000  0.10000  0.00000  0.00000  0.00000
80.11000  7.88117  0.70515 -0.12267  0.00000  0.10000  0.00000  0.00000  0.00000
80.12000  7.76776  3.68625  0.36880  0.00000  0.10000  0.00000  0.00000  0.00000
80.13000  7.68870  1.05699  0.38677  0.00000  0.10000  0.00000  0.00000  0.00000
80.14000  7.68221  3.14169  0.40898  0.00000  0.10000  0.00000  0.00000  0.00000
80.15000  7.48412  4.59154  0.19033  0.00000  0.10000  0.00000  0.00000  0.00000
80.16000  7.47864  3.69474  0.49284  0.00000  0.10000  0.00000  0.00000  0.00000
80.17000  7.32829  1.22747  0.63681  0.00000  0.10000  0.00000  0.00000  0.00000
80.18000  7.74381  2.69933  0.32794  0.00000  0.10000  0.00000  0.00000  0.00000
80.19000  7.35675  6.25024  0.28711  0.00000  0.10000  0.00000  0.00000  0.00000
80.20000  7.18336  9.18156  0.19875  0.00000  0.10000  0.00000  0.00000  0.00000
80.21000  7.15746  7.22907  0.32545  0.00000  0.10000  0.00000  0.00000  0.00000
80.22000  7.32896  8.54761  0.27293  0.00000  0.10000  0.00000  0.00000  0.00000
80.23000  7.39679  5.16097  0.49320  0.00000  0.10000  0.00000  0.00000  0.00000
80.24000  6.96971  1.81370  0.32773  0.00000  0.10000  0.00000  0.00000  0.00000
80.25000  7.40744 -2.46469  0.37205  0.00000  0.10000  0.00000  0.00000  0.00000
80.26000  7.49829  1.87837  0.55008  0.00000  0.10000  0.00000  0.00000  0.00000
80.27000  7.27394  3.68590  0.24138  0.00000  0.10000  0.00000  0.00000  0.00000
80.28000  7.44644  1.19447  0.54883  0.00000  0.10000  0.00000  0.00000  0.00000
80.29000  7.76178  5.11256  0.82646  0.00000  0.10000  0.00000  0.00000  0.00000
80.30000  7.96072  2.67328  0.76204  0.00000  0.10000  0.00000  0.00000  0.00000
80.31000  7.71327  0.28183  0.54662  0.00000  0.10000  0.00000  0.00000  0.00000
80.32000  7.69321  1.78267  0.28197  0.00000  0.10000  0.00000  0.00000  0.00000
80.33000  7.80251  1.96383  0.34283  0.00000  0.10000  0.00000  0.00000  0.00000
80.34000  8.13897  1.93160  0.13541  0.00000  0.10000  0.00000  0.00000  0.00000
80.35000  8.64802  2.15791  0.14796  0.00000  0.10000  0.00000  0.00000  0.00000
80.36000  8.74746  2.30521 -0.35046  0.00000  0.10000  0.00000  0.00000  0.00000
80.37000  8.30277  1.97486  0.05590  0.00000  0.10000  0.00000  0.00000  0.00000
80.38000  8.04748  2.29095  0.18849  0.00000  0.10000  0.00000  0.00000  0.00000
80.39000  8.14198  2.59131  0.02459  0.00000  0.10000  0.00000  0.00000  0.00000
80.40000  7.94245  2.48452 -0.04864  0.00000  0.10000  0.00000  0.00000  0.00000
80.41000  8.05366  2.10142  0.11499  0.00000  0.10000  0.00000  0.00000  0.00000
80.42000  8.23325  4.05744  0.05223  0.00000  0.10000  0.00000  0.00000  0.00000
80.43000  8.08670  2.21290  0.12468  0.00000  0.10000  0.00000  0.00000  0.00000
80.44000  8.11269  4.53913 -0.34246  0.00000  0.10000  0.00000  0.00000  0.00000
80.45000  8.03739 -0.24387 -0.19904  0.00000  0.10000  0.00000  0.00000  0.00000
80.46000  8.04822 -1.02670 -0.11550  0.00000  0.10000  0.00000  0.00000  0.00000
80.47000  8.03355 -0.26338 -0.16149  0.00000  0.10000  0.00000  0.00000  0.00000
80.48000  7.81980 -5.27933 -0.24770  0.00000  0.10000  0.00000  0.00000  0.00000
80.49000  7.79973 -3.96899  0.17510  0.00000  0.10000  0.00000  0.00000  0.00000
80.50000  7.86090 -2.64243  0.37878  0.00000  0.10000  0.00000  0.00000  0.00000
80.51000  7.68276 -3.97740  0.06214  0.00000  0.10000  0.00000  0.00000  0.00000
80.52000  7.52148 -3.05129 -0.10712  0.00000  0.10000  0.00000  0.00000  0.00000
80.53000  7.67276  0.47659 -0.18751  0.00000  0.10000  0.00000  0.00000  0.00000
80.54000  7.78177  0.76175 -0.09604  0.00000  0.10000  0.00000  0.00000  0.00000
80.55000  7.81085 -0.87071  0.22755  0.00000  0.10000  0.00000  0.00000  0.00000
80.56000  7.94214 -5.18506  0.02048  0.00000  0.10000  0.00000  0.00000  0.00000
80.57000  7.32606 -3.92297  0.23547  0.00000  0.10000  0.00000  0.00000  0.00000
80.58000  7.53240 -5.90443 -0.18681  0.00000  0.10000  0.00000  0.00000  0.00000
80.59000  7.76207 -2.57406 -0.07772  0.00000  0.10000  0.00000  0.00000  0.00000
80.60000  7.52715 -1.17146 -0.17893  0.00000  0.10000  0.00000  0.00000  0.00000
80.61000  7.11754 -2.55309 -0.28319  0.00000  0.10000  0.00000  0.00000  0.00000
80.62000  6.94812 -2.53120 -0.20804  0.00000  0.10000  0.00000  0.00000  0.00000
80.63000  7.31410 -0.88745  0.07137  0.00000  0.10000  0.00000  0.00000  0.00000
80.64000  7.24470 -1.11474 -0.18068  0.00000  0.10000  0.00000  0.00000  0.00000
80.65000  7.13666  0.18371 -0.27351  0.00000  0.10000  0.00000  0.00000  0.00000
80.66000  6.97296  0.34407 -0.65861  0.00000  0.10000  0.00000  0.00000  0.00000
80.67000  7.19742 -2.01849 -0.85853  0.00000  0.10000  0.00000  0.00000  0.00000
80.68000  7.14873 -3.20551 -0.82703  0.00000  0.10000  0.00000  0.00000  0.00000
80.69000  7.36720 -5.13860 -0.72809  0.00000  0.10000  0.00000  0.00000  0.00000
80.70000  7.04027 -4.26373 -0.89563  0.00000  0.10000  0.00000  0.00000  0.00000
80.71000  6.99405  0.31480 -1.13030  0.00000  0.10000  0.00000  0.00000  0.00000
80.72000  7.08234 -3.70941 -1.30458  0.00000  0.10000  0.00000  0.00000  0.00000
80.73000  7.07368 -2.44402 -1.33230  0.00000  0.10000  0.00000  0.00000  0.00000
80.74000  7.11098 -3.77996 -1.32215  0.00000  0.10000  0.00000  0.00000  0.00000
80.75000  7.03618 -5.18087 -1.40004  0.00000  0.10000  0.00000  0.00000  0.00000
80.76000  7.38685 -6.56608 -1.27955  0.00000  0.10000  0.00000  0.00000  0.00000
80.77000  7.49714 -7.35464 -1.05922  0.00000  0.10000  0.00000  0.00000  0.00000
80.78000  7.34760 -8.36117 -1.06613  0.00000  0.10000  0.00000  0.00000  0.00000
80.79000  7.83936 -9.45493 -0.96784  0.00000  0.10000  0.00000  0.00000  0.00000
80.80000  7.85570 -7.93207 -0.73441  0.00000  0.10000  0.00000  0.00000  0.00000
80.81000  8.21636 -3.56082 -0.56008  0.00000  0.10000  0.00000  0.00000  0.00000
80.82000  8.35074 -5.08103 -1.06672  0.00000  0.10000  0.00000  0.00000  0.00000
80.83000  8.47204 -4.67831 -0.81789  0.00000  0.10000  0.00000  0.00000  0.00000
80.84000  8.57287 -5.19120 -0.56589  0.00000  0.10000  0.00000  0.00000  0.00000
80.85000  8.83585 -5.57464 -0.81765  0.00000  0.10000  0.00000  0.00000  0.00000
80.86000  9.10284 -6.20211 -0.76110  0.00000  0.10000  0.00000  0.00000  0.00000
80.87000  8.66610 -6.24121 -0.50204  0.00000  0.10000  0.00000  0.00000  0.00000
80.88000  8.75688 -9.21554 -0.70073  0.00000  0.10000  0.00000  0.00000  0.00000
80.89000  8.84566 -6.39377 -0.78822  0.00000  0.10000  0.00000  0.00000  0.00000
80.90000  8.66461 -8.16920 -0.99366  0.00000  0.10000  0.00000  0.00000  0.00000
80.91000  8.48939 -8.52681 -0.83719  0.00000  0.10000  0.00000  0.00000  0.00000
80.92000  8.73076 -7.56001 -1.12158  0.00000  0.10000  0.00000  0.00000  0.00000
80.93000  8.66411 -7.64717 -1.31482  0.00000  0.10000  0.00000  0.00000  0.00000
80.94000  8.63046 -9.27855 -0.96277  0.00000  0.10000  0.00000  0.00000  0.00000
80.95000  8.41834 -7.68283 -0.41886  0.00000  0.10000  0.00000  0.00000  0.00000
80.96000  8.13217 -8.45301 -0.56730  0.00000  0.10000  0.00000  0.00000  0.00000
80.97000  8.29956 -9.40318 -0.52139  0.00000  0.10000  0.00000  0.00000  0.00000
80.98000  8.47682 -11.26394 -0.36826  0.00000  0.10000  0.00000  0.00000  0.00000
80.99000  8.72422 -13.05186 -0.09684  0.00000  0.10000  0.00000  0.00000  0.00000
81.00000  8.75963 -13.73024 -0.29790  0.00000  0.10000  0.00000  0.00000  0.00000
81.01000  8.41681 -12.41970 -0.22934  0.00000  0.10000  0.00000  0.00000  0.00000
81.02000  8.33374 -12.26849 -0.43977  0.00000  0.10000  0.00000  0.00000  0.00000
81.03000  8.15036 -9.11164 -0.33735  0.00000  0.10000  0.00000  0.00000  0.00000
81.04000  8.13723 -8.92890 -0.54766  0.00000  0.10000  0.00000  0.00000  0.00000
81.05000  7.90613 -8.29387 -0.62053  0.00000  0.10000  0.00000  0.00000  0.00000
81.06000  7.99200 -10.25012 -0.25915  0.00000  0.10000  0.00000  0.00000  0.00000
81.07000  8.22470 -9.74423 -0.19011  0.00000  0.10000  0.00000  0.00000  0.00000
81.08000  8.33800 -5.25782 -0.47423  0.00000  0.10000  0.00000  0.00000  0.00000
81.09000  8.22497 -4.44585 -0.47001  0.00000  0.10000  0.00000  0.00000  0.00000
81.10000  8.41125 -5.01429 -0.14487  0.00000  0.10000  0.00000  0.00000  0.00000
81.11000  8.09805 -5.58185 -0.37051  0.00000  0.10000  0.00000  0.00000  0.00000
81.12000  8.20510 -7.84133 -0.54676  0.00000  0.10000  0.00000  0.00000  0.00000
81.13000  7.92881 -4.91117 -0.59120  0.00000  0.10000  0.00000  0.00000  0.00000
81.14000  8.00688 -7.12576 -0.31570  0.00000  0.10000  0.00000  0.00000  0.00000
81.15000  8.30985 -6.71215 -0.31374  0.00000  0.10000  0.00000  0.00000  0.00000
81.16000  8.10273 -4.71810 -0.13669  0.00000  0.10000  0.00000  0.00000  0.00000
81.17000  8.03733 -4.27621 -0.07776  0.00000  0.10000  0.00000  0.00000  0.00000
81.18000  8.15875 -3.24179  0.20535  0.00000  0.10000  0.00000  0.00000  0.00000
81.19000  8.49346 -5.70553  0.22178  0.00000  0.10000  0.00000  0.00000  0.00000
81.20000  8.20021 -6.13292  0.02006  0.00000  0.10000  0.00000  0.00000  0.00000
81.21000  8.23385 -5.52043  0.12517  0.00000  0.10000  0.00000  0.00000  0.00000
81.22000  8.58673 -5.69289  0.11996  0.00000  0.10000  0.00000  0.00000  0.00000
81.23000  9.16848 -6.63206  0.42236  0.00000  0.10000  0.00000  0.00000  0.00000
81.24000  8.85988 -7.50321  0.53616  0.00000  0.10000  0.00000  0.00000  0.00000
81.25000  8.12706 -10.42820  1.00215  0.00000  0.10000  0.00000  0.00000  0.00000
81.26000  8.38716 -8.94523  0.89302  0.00000  0.10000  0.00000  0.00000  0.00000
81.27000  8.56110 -7.79557  0.59956  0.00000  0.10000  0.00000  0.00000  0.00000
81.28000  8.53432 -9.18835  0.53928  0.00000  0.10000  0.00000  0.00000  0.00000
81.29000  8.45350 -6.21905  0.85845  0.00000  0.10000  0.00000  0.00000  0.00000
81.30000  8.67576 -7.35754  0.90401  0.00000  0.10000  0.00000  0.00000  0.00000
81.31000  8.70168 -6.06604  0.53986  0.00000  0.10000  0.00000  0.00000  0.00000
81.32000  8.62727 -8.56537  0.14937  0.00000  0.10000  0.00000  0.00000  0.00000
81.33000  8.46391 -6.95172  0.00916  0.00000  0.10000  0.00000  0.00000  0.00000
81.34000  8.87880 -6.31159 -0.10104  0.00000  0.10000  0.00000  0.00000  0.00000
81.35000  8.42963 -6.10620 -0.22770  0.00000  0.10000  0.00000  0.00000  0.00000
81.36000  8.32584 -7.00801 -0.38353  0.00000  0.10000  0.00000  0.00000  0.00000
81.37000  8.42501 -9.56437 -0.07936  0.00000  0.10000  0.00000  0.00000  0.00000
81.38000  8.24812 -8.18388 -0.02418  0.00000  0.10000  0.00000  0.00000  0.00000
81.39000  7.99506 -8.54646  0.37616  0.00000  0.10000  0.00000  0.00000  0.00000
81.40000  8.41236 -9.28266  0.05818  0.00000  0.10000  0.00000  0.00000  0.00000
81.41000  8.75218 -7.59816  0.24626  0.00000  0.10000  0.00000  0.00000  0.00000
81.42000  8.73600 -9.79626 -0.14255  0.00000  0.10000  0.00000  0.00000  0.00000
81.43000  9.03158 -7.67866  0.14837  0.00000  0.10000  0.00000  0.00000  0.00000
81.44000  8.66255 -5.93003  0.12136  0.00000  0.10000  0.00000  0.00000  0.00000
81.45000  8.90211 -7.28842 -0.24630  0.00000  0.10000  0.00000  0.00000  0.00000
81.46000  8.86827 -8.46682 -0.09330  0.00000  0.10000  0.00000  0.00000  0.00000
81.47000  8.94661 -7.56351  0.11573  0.00000  0.10000  0.00000  0.00000  0.00000
81.48000  8.76826 -7.61755 -0.22799  0.00000  0.10000  0.00000  0.00000  0.00000
81.49000  8.83360 -4.47413 -0.05286  0.00000  0.10000  0.00000  0.00000  0.00000
81.50000  9.07080 -4.97567  0.35681  0.00000  0.10000  0.00000  0.00000  0.00000
81.51000  8.77545 -4.30217  0.04227  0.00000  0.10000  0.00000  0.00000  0.00000
81.52000  8.61978 -6.09124 -0.04779  0.00000  0.10000  0.00000  0.00000  0.00000
81.53000  8.52006 -3.59562  0.08322  0.00000  0.10000  0.00000  0.00000  0.00000
81.54000  8.54247 -4.59523 -0.12086  0.00000  0.10000  0.00000  0.00000  0.00000
81.55000  8.38562 -5.53130  0.18145  0.00000  0.10000  0.00000  0.00000  0.00000
81.56000  8.74993 -5.58267  0.39972  0.00000  0.10000  0.00000  0.00000  0.00000
81.57000  8.55448 -4.19508  0.12423  0.00000  0.10000  0.00000  0.00000  0.00000
81.58000  8.39734 -5.14558 -0.16128  0.00000  0.10000  0.00000  0.00000  0.00000
81.59000  8.34979 -4.36054  0.24946  0.00000  0.10000  0.00000  0.00000  0.00000
81.60000  8.53694 -4.22238  0.11329  0.00000  0.10000  0.00000  0.00000  0.00000
81.61000  8.67998 -6.26777  0.25480  0.00000  0.10000  0.00000  0.00000  0.00000
81.62000  8.81997 -2.74455  0.25036  0.00000  0.10000  0.00000  0.00000  0.00000
81.63000  8.75086 -3.94450  0.32048  0.00000  0.10000  0.00000  0.00000  0.00000
81.64000  8.70815 -5.89640  0.13347  0.00000  0.10000  0.00000  0.00000  0.00000
81.65000  8.43084 -5.65302 -0.26137  0.00000  0.10000  0.00000  0.00000  0.00000
81.66000  8.23591 -7.78837 -0.29019  0.00000  0.10000  0.00000  0.00000  0.00000
81.67000  8.25442 -6.36408 -0.24563  0.00000  0.10000  0.00000  0.00000  0.00000
81.68000  8.57833 -6.91959 -0.18041  0.00000  0.10000  0.00000  0.00000  0.00000
81.69000  8.68212 -7.67432 -0.35489  0.00000  0.10000  0.00000  0.00000  0.00000
81.70000  9.00480 -9.03281 -0.38692  0.00000  0.10000  0.00000  0.00000  0.00000
81.71000  9.05347 -4.63522 -0.23254  0.00000  0.10000  0.00000  0.00000  0.00000
81.72000  8.97808 -6.87799 -0.22623  0.00000  0.10000  0.00000  0.00000  0.00000
81.73000  8.86524 -7.68968 -0.18779  0.00000  0.10000  0.00000  0.00000  0.00000
81.74000  9.22750 -9.48428 -0.27610  0.00000  0.10000  0.00000  0.00000  0.00000
81.75000  9.29732 -7.89552  0.25626  0.00000  0.10000  0.00000  0.00000  0.00000
81.76000  9.31890 -7.22504 -0.12270  0.00000  0.10000  0.00000  0.00000  0.00000
81.77000  9.07368 -6.29590 -0.39696  0.00000  0.10000  0.00000  0.00000  0.00000
81.78000  9.07137 -7.29763 -0.38665  0.00000  0.10000  0.00000  0.00000  0.00000
81.79000  9.04854 -6.99684 -0.98273  0.00000  0.10000  0.00000  0.00000  0.00000
81.80000  8.97704 -6.39438 -1.02237  0.00000  0.10000  0.00000  0.00000  0.00000
81.81000  9.27203 -6.10304 -0.74752  0.00000  0.10000  0.00000  0.00000  0.00000
81.82000  9.40823 -6.42625 -0.38157  0.00000  0.10000  0.00000  0.00000  0.00000
81.83000  9.33642 -5.04206 -0.48012  0.00000  0.10000  0.00000  0.00000  0.00000
81.84000  9.37579 -7.49492 -0.29830  0.00000  0.10000  0.00000  0.00000  0.00000
81.85000  9.81027 -6.02254 -0.33817  0.00000  0.10000  0.00000  0.00000  0.00000
81.86000  9.96886 -3.86565 -0.57974  0.00000  0.10000  0.00000  0.00000  0.00000
81.87000  9.98182 -4.24848 -0.18802  0.00000  0.10000  0.00000  0.00000  0.00000
81.88000  9.70902 -6.40329 -0.46506  0.00000  0.10000  0.00000  0.00000  0.00000
81.89000  9.53988 -7.44068  0.02996  0.00000  0.10000  0.00000  0.00000  0.00000
81.90000  9.64943 -6.70890  0.08140  0.00000  0.10000  0.00000  0.00000  0.00000
81.91000  9.32602 -8.82871  0.01040  0.00000  0.10000  0.00000  0.00000  0.00000
81.92000  9.33909 -7.68694 -0.18180  0.00000  0.10000  0.00000  0.00000  0.00000
81.93000  9.36530 -7.42098 -0.25101  0.00000  0.10000  0.00000  0.00000  0.00000
81.94000  9.39354 -7.56873 -0.16486  0.00000  0.10000  0.00000  0.00000  0.00000
81.95000  9.61170 -9.45999 -0.49863  0.00000  0.10000  0.00000  0.00000  0.00000
81.96000  9.98689 -7.59496 -0.40546  0.00000  0.10000  0.00000  0.00000  0.00000
81.97000  9.64684 -9.06042 -0.32845  0.00000  0.10000  0.00000  0.00000  0.00000
81.98000  9.35871 -11.32017 -0.20273  0.00000  0.10000  0.00000  0.00000  0.00000
81.99000  9.18833 -9.95584 -0.59612  0.00000  0.10000  0.00000  0.00000  0.00000
82.00000  9.10389 -10.31826 -0.33759  0.00000  0.10000  0.00000  0.00000  0.00000
82.01000  9.03007 -7.30102 -0.09640  0.00000  0.10000  0.00000  0.00000  0.00000
82.02000  9.38053 -9.55441 -0.23536  0.00000  0.10000  0.00000  0.00000  0.00000
82.03000  9.20657 -9.47900  0.05267  0.00000  0.10000  0.00000  0.00000  0.00000
82.04000  9.48812 -9.68406 -0.48559  0.00000  0.10000  0.00000  0.00000  0.00000
82.05000  9.50806 -10.26769 -0.29416  0.00000  0.10000  0.00000  0.00000  0.00000
82.06000  9.46298 -9.85728 -0.50929  0.00000  0.10000  0.00000  0.00000  0.00000
82.07000  9.23721 -9.83859 -0.55377  0.00000  0.10000  0.00000  0.00000  0.00000
82.08000  9.20335 -8.17129 -0.22335  0.00000  0.10000  0.00000  0.00000  0.00000
82.09000  9.09068 -8.09073 -0.35805  0.00000  0.10000  0.00000  0.00000  0.00000
82.10000  9.25893 -7.46443 -0.38261  0.00000  0.10000  0.00000  0.00000  0.00000
82.11000  9.10571 -7.82598 -0.32370  0.00000  0.10000  0.00000  0.00000  0.00000
82.12000  9.66713 -5.37904  0.13708  0.00000  0.10000  0.00000  0.00000  0.00000
82.13000  9.93362 -5.05151 -0.16121  0.00000  0.10000  0.00000  0.00000  0.00000
82.14000  10.04513 -4.98888 -0.08758  0.00000  0.10000  0.00000  0.00000  0.00000
82.15000  9.70349 -7.64589  0.05920  0.00000  0.10000  0.00000  0.00000  0.00000
82.16000  9.95541 -11.63359  0.45650  0.00000  0.10000  0.00000  0.00000  0.00000
82.17000  10.14139 -12.17127  0.19165  0.00000  0.10000  0.00000  0.00000  0.00000
82.18000  10.32535 -15.68570  0.09556  0.00000  0.10000  0.00000  0.00000  0.00000
82.19000  10.16484 -15.25923  0.22736  0.00000  0.10000  0.00000  0.00000  0.00000
82.20000  9.87784 -12.49932  0.09969  0.00000  0.10000  0.00000  0.00000  0.00000
82.21000  9.83862 -12.83491  0.31381  0.00000  0.10000  0.00000  0.00000  0.00000
82.22000  9.95163 -13.12134  0.16812  0.00000  0.10000  0.00000  0.00000  0.00000
82.23000  9.83873 -14.34180  0.13571  0.00000  0.10000  0.00000  0.00000  0.00000
82.24000  9.66618 -13.70665  0.67632  0.00000  0.10000  0.00000  0.00000  0.00000
82.25000  9.69500 -9.89900  0.53264  0.00000  0.10000  0.00000  0.00000  0.00000
82.26000  9.54907 -11.55397  0.60914  0.00000  0.10000  0.00000  0.00000  0.00000
82.27000  9.85329 -14.12067  0.19216  0.00000  0.10000  0.00000  0.00000  0.00000
82.28000  9.67654 -12.89303  0.25705  0.00000  0.10000  0.00000  0.00000  0.00000
82.29000  9.71841 -12.77996  0.11923  0.00000  0.10000  0.00000  0.00000  0.00000
82.30000  9.44771 -12.41802 -0.14898  0.00000  0.10000  0.00000  0.00000  0.00000
82.31000  9.27577 -11.81877 -0.05644  0.00000  0.10000  0.00000  0.00000  0.00000
82.32000  9.52695 -10.57102 -0.02934  0.00000  0.10000  0.00000  0.00000  0.00000
82.33000  9.72488 -9.12522  0.33611  0.00000  0.10000  0.00000  0.00000  0.00000
82.34000  9.59426 -9.35983  0.69679  0.00000  0.10000  0.00000  0.00000  0.00000
82.35000  9.73324 -10.85682  0.89411  0.00000  0.10000  0.00000  0.00000  0.00000
82.36000  9.45885 -11.03289  0.78251  0.00000  0.10000  0.00000  0.00000  0.00000
82.37000  9.84996 -9.89657  0.74360  0.00000  0.10000  0.00000  0.00000  0.00000
82.38000  9.78871 -9.53987  1.08299  0.00000  0.10000  0.00000  0.00000  0.00000
82.39000  9.89230 -8.39063  0.81779  0.00000  0.10000  0.00000  0.00000  0.00000
82.40000  9.60957 -8.33771  0.59406  0.00000  0.10000  0.00000  0.00000  0.00000
82.41000  9.74154 -11.52541  0.60769  0.00000  0.10000  0.00000  0.00000  0.00000
82.42000  9.91746 -8.94676  0.53886  0.00000  0.10000  0.00000  0.00000  0.00000
82.43000  9.76899 -8.55327  0.46131  0.00000  0.10000  0.00000  0.00000  0.00000
82.44000  9.72796 -11.07776  0.31051  0.00000  0.10000  0.00000  0.00000  0.00000
82.45000  9.52238 -10.89179  0.48976  0.00000  0.10000  0.00000  0.00000  0.00000
82.46000  9.51631 -9.46258  0.88814  0.00000  0.10000  0.00000  0.00000  0.00000
82.47000  9.08849 -7.58444  0.99372  0.00000  0.10000  0.00000  0.00000  0.00000
82.48000  8.98151 -5.49885  0.95901  0.00000  0.10000  0.00000  0.00000  0.00000
82.49000  8.96717 -3.58468  0.88610  0.00000  0.10000  0.00000  0.00000  0.00000
82.50000  9.13715 -2.01693  1.03071  0.00000  0.10000  0.00000  0.00000  0.00000
82.51000  9.20168 -4.43552  0.94198  0.00000  0.10000  0.00000  0.00000  0.00000
82.52000  9.24189 -4.85529  0.68436  0.00000  0.10000  0.00000  0.00000  0.00000
82.53000  9.20124 -6.10045  1.09253  0.00000  0.10000  0.00000  0.00000  0.00000
82.54000  8.79240 -6.26218  1.16962  0.00000  0.10000  0.00000  0.00000  0.00000
82.55000  8.84124 -3.76633  1.07449  0.00000  0.10000  0.00000  0.00000  0.00000
82.56000  8.76872 -4.48672  1.19763  0.00000  0.10000  0.00000  0.00000  0.00000
82.57000  8.64900 -5.35476  1.50017  0.00000  0.10000  0.00000  0.00000  0.00000
82.58000  8.75345 -8.62333  1.39929  0.00000  0.10000  0.00000  0.00000  0.00000
82.59000  9.08508 -11.09944  1.20929  0.00000  0.10000  0.00000  0.00000  0.00000
82.60000  8.75389 -10.08295  1.61294  0.00000  0.10000  0.00000  0.00000  0.00000
82.61000  8.82791 -12.54574  1.29660  0.00000  0.10000  0.00000  0.00000  0.00000
82.62000  8.46082 -11.94997  0.86533  0.00000  0.10000  0.00000  0.00000  0.00000
82.63000  8.58081 -12.14510  1.34725  0.00000  0.10000  0.00000  0.00000  0.00000
82.64000  8.67993 -14.10882  1.31606  0.00000  0.10000  0.00000  0.00000  0.00000
82.65000  8.71592 -12.37993  1.26918  0.00000  0.10000  0.00000  0.00000  0.00000
82.66000  8.80844 -14.08463  1.12631  0.00000  0.10000  0.00000  0.00000  0.00000
82.67000  8.95914 -14.85019  1.11171  0.00000  0.10000  0.00000  0.00000  0.00000
82.68000  9.00406 -14.13481  1.49064  0.00000  0.10000  0.00000  0.00000  0.00000
82.69000  8.89402 -11.66497  1.42095  0.00000  0.10000  0.00000  0.00000  0.00000
82.70000  8.96205 -10.83033  1.38485  0.00000  0.10000  0.00000  0.00000  0.00000
82.71000  9.43437 -11.48522  1.18240  0.00000  0.10000  0.00000  0.00000  0.00000
82.72000  9.55980 -12.69124  0.96081  0.00000  0.10000  0.00000  0.00000  0.00000
82.73000  9.38896 -11.26402  1.15212  0.00000  0.10000  0.00000  0.00000  0.00000
82.74000  9.43309 -12.55131  1.11472  0.00000  0.10000  0.00000  0.00000  0.00000
82.75000  9.43803 -12.34592  0.45663  0.00000  0.10000  0.00000  0.00000  0.00000
82.76000  9.32215 -12.95267  0.39696  0.00000  0.10000  0.00000  0.00000  0.00000
82.77000  9.27756 -10.55781  0.66278  0.00000  0.10000  0.00000  0.00000  0.00000
82.78000  9.35826 -9.08213  0.87825  0.00000  0.10000  0.00000  0.00000  0.00000
82.79000  9.34700 -10.19049  0.91481  0.00000  0.10000  0.00000  0.00000  0.00000
82.80000  8.89077 -5.86860  0.55952  0.00000  0.10000  0.00000  0.00000  0.00000
82.81000  9.23307 -10.96718  0.76487  0.00000  0.10000  0.00000  0.00000  0.00000
82.82000  9.03068 -12.20995  0.38147  0.00000  0.10000  0.00000  0.00000  0.00000
82.83000  9.25514 -12.30317  0.20276  0.00000  0.10000  0.00000  0.00000  0.00000
82.84000  9.08289 -10.40720  0.42772  0.00000  0.10000  0.00000  0.00000  0.00000
82.85000  9.21427 -10.33492  0.29421  0.00000  0.10000  0.00000  0.00000  0.00000
82.86000  9.32452 -11.46464  0.08861  0.00000  0.10000  0.00000  0.00000  0.00000
82.87000  8.99416 -10.60109  0.14433  0.00000  0.10000  0.00000  0.00000  0.00000
82.88000  8.98710 -9.56417  0.21827  0.00000  0.10000  0.00000  0.00000  0.00000
82.89000  9.00206 -10.47674  0.19164  0.00000  0.10000  0.00000  0.00000  0.00000
82.90000  8.93233 -9.97068  0.38882  0.00000  0.10000  0.00000  0.00000  0.00000
82.91000  9.09119 -10.68513  0.22949  0.00000  0.10000  0.00000  0.00000  0.00000
82.92000  8.69129 -12.10664 -0.06430  0.00000  0.10000  0.00000  0.00000  0.00000
82.93000  8.88580 -13.78918  0.16674  0.00000  0.10000  0.00000  0.00000  0.00000
82.94000  8.85818 -12.20400  0.11961  0.00000  0.10000  0.00000  0.00000  0.00000
82.95000  8.89256 -12.78053  0.33834  0.00000  0.10000  0.00000  0.00000  0.00000
82.96000  8.67636 -15.33115 -0.02501  0.00000  0.10000  0.00000  0.00000  0.00000
82.97000  9.00819 -15.19109  0.15386  0.00000  0.10000  0.00000  0.00000  0.00000
82.98000  9.14842 -15.31161  0.21433  0.00000  0.10000  0.00000  0.00000  0.00000
82.99000  8.86719 -15.98954  0.33500  0.00000  0.10000  0.00000  0.00000  0.00000
83.00000  8.86776 -15.54532  0.42011  0.00000  0.10000  0.00000  0.00000  0.00000
83.01000  9.23601 -16.08003  0.03285  0.00000  0.10000  0.00000  0.00000  0.00000
83.02000  9.31969 -14.93121  0.40963  0.00000  0.10000  0.00000  0.00000  0.00000
83.03000  9.05034 -12.48743  0.72182  0.00000  0.10000  0.00000  0.00000  0.00000
83.04000  9.22043 -12.37558  0.99856  0.00000  0.10000  0.00000  0.00000  0.00000
83.05000  8.90531 -11.91483  1.06752  0.00000  0.10000  0.00000  0.00000  0.00000
83.06000  9.10668 -13.93326  1.18605  0.00000  0.10000  0.00000  0.00000  0.00000
83.07000  9.23635 -12.61942  1.26930  0.00000  0.10000  0.00000  0.00000  0.00000
83.08000  8.96012 -13.77703  1.11155  0.00000  0.10000  0.00000  0.00000  0.00000
83.09000  8.83082 -13.13159  1.04208  0.00000  0.10000  0.00000  0.00000  0.00000
83.10000  8.84611 -14.03417  1.07461  0.00000  0.10000  0.00000  0.00000  0.00000
83.11000  8.98027 -12.65495  0.94322  0.00000  0.10000  0.00000  0.00000  0.00000
83.12000  9.06188 -14.47145  0.97153  0.00000  0.10000  0.00000  0.00000  0.00000
83.13000  9.24295 -13.98734  0.68287  0.00000  0.10000  0.00000  0.00000  0.00000
83.14000  9.08159 -8.74735  0.78985  0.00000  0.10000  0.00000  0.00000  0.00000
83.15000  9.11405 -10.60685  1.34078  0.00000  0.10000  0.00000  0.00000  0.00000
83.16000  9.03168 -10.16872  1.30179  0.00000  0.10000  0.00000  0.00000  0.00000
83.17000  9.31042 -10.31818  1.50811  0.00000  0.10000  0.00000  0.00000  0.00000
83.18000  9.45948 -9.36172  1.41886  0.00000  0.10000  0.00000  0.00000  0.00000
83.19000  9.84694 -7.86009  1.50721  0.00000  0.10000  0.00000  0.00000  0.00000
83.20000  9.30640 -9.42709  1.85080  0.00000  0.10000  0.00000  0.00000  0.00000
83.21000  8.70453 -8.19335  1.57914  0.00000  0.10000  0.00000  0.00000  0.00000
83.22000  9.08532 -6.52602  1.72620  0.00000  0.10000  0.00000  0.00000  0.00000
83.23000  8.97656 -6.58128  1.52746  0.00000  0.10000  0.00000  0.00000  0.00000
83.24000  9.25228 -5.40148  0.99400  0.00000  0.10000  0.00000  0.00000  0.00000
83.25000  9.48367 -6.31036  1.17623  0.00000  0.10000  0.00000  0.00000  0.00000
83.26000  9.14712 -6.59769  0.98303  0.00000  0.10000  0.00000  0.00000  0.00000
83.27000  9.27442 -7.12014  0.80918  0.00000  0.10000  0.00000  0.00000  0.00000
83.28000  9.31099 -8.10997  0.46923  0.00000  0.10000  0.00000  0.00000  0.00000
83.29000  9.10791 -9.17739  0.39128  0.00000  0.10000  0.00000  0.00000  0.00000
83.30000  9.18364 -8.99961  0.21852  0.00000  0.10000  0.00000  0.00000  0.00000
83.31000  9.08210 -6.57656  0.07401  0.00000  0.10000  0.00000  0.00000  0.00000
83.32000  8.95830 -7.50494  0.41966  0.00000  0.10000  0.00000  0.00000  0.00000
83.33000  8.84037 -6.28009  0.58065  0.00000  0.10000  0.00000  0.00000  0.00000
83.34000  8.85606 -6.32920  0.77800  0.00000  0.10000  0.00000  0.00000  0.00000
83.35000  8.90890 -8.13536  0.36775  0.00000  0.10000  0.00000  0.00000  0.00000
83.36000  8.77167 -6.67208  0.85683  0.00000  0.10000  0.00000  0.00000  0.00000
83.37000  8.56788 -5.02314  0.68836  0.00000  0.10000  0.00000  0.00000  0.00000
83.38000  8.57301 -4.84051  0.72440  0.00000  0.10000  0.00000  0.00000  0.00000
83.39000  8.37623 -7.58370  0.69821  0.00000  0.10000  0.00000  0.00000  0.00000
83.40000  8.24403 -5.09356  0.31900  0.00000  0.10000  0.00000  0.00000  0.00000
83.41000  8.71960 -4.19905  0.60507  0.00000  0.10000  0.00000  0.00000  0.00000
83.42000  8.72040 -7.06322  0.95342  0.00000  0.10000  0.00000  0.00000  0.00000
83.43000  8.31515 -8.47387  0.86558  0.00000  0.10000  0.00000  0.00000  0.00000
83.44000  8.63949 -6.25482  0.54589  0.00000  0.10000  0.00000  0.00000  0.00000
83.45000  9.09174 -5.55990  0.42225  0.00000  0.10000  0.00000  0.00000  0.00000
83.46000  8.86616 -7.14148  0.34643  0.00000  0.10000  0.00000  0.00000  0.00000
83.47000  9.16415 -5.79944  0.46907  0.00000  0.10000  0.00000  0.00000  0.00000
83.48000  9.01997 -4.58978  0.17131  0.00000  0.10000  0.00000  0.00000  0.00000
83.49000  8.82575 -4.05626  0.04148  0.00000  0.10000  0.00000  0.00000  0.00000
83.50000  8.90615 -3.87406  0.44271  0.00000  0.10000  0.00000  0.00000  0.00000
83.51000  8.61374 -4.52113  0.11266  0.00000  0.10000  0.00000  0.00000  0.00000
83.52000  8.73245 -3.74805 -0.29257  0.00000  0.10000  0.00000  0.00000  0.00000
83.53000  8.80153 -3.68341 -0.00138  0.00000  0.10000  0.00000  0.00000  0.00000
83.54000  8.39355 -4.38504 -0.13911  0.00000  0.10000  0.00000  0.00000  0.00000
83.55000  8.38752 -3.79641 -0.02047  0.00000  0.10000  0.00000  0.00000  0.00000
83.56000  8.34827 -5.15487  0.02261  0.00000  0.10000  0.00000  0.00000  0.00000
83.57000  8.67653 -3.84535 -0.21777  0.00000  0.10000  0.00000  0.00000  0.00000
83.58000  8.58535 -4.32563  0.22654  0.00000  0.10000  0.00000  0.00000  0.00000
83.59000  8.60524 -10.70588  0.42805  0.00000  0.10000  0.00000  0.00000  0.00000
83.60000  8.63697 -9.47260  0.67213  0.00000  0.10000  0.00000  0.00000  0.00000
83.61000  8.68068 -9.79072  0.44007  0.00000  0.10000  0.00000  0.00000  0.00000
83.62000  8.55091 -11.25603  0.68119  0.00000  0.10000  0.00000  0.00000  0.00000
83.63000  8.36980 -12.11518  1.08953  0.00000  0.10000  0.00000  0.00000  0.00000
83.64000  8.28653 -13.94491  0.70168  0.00000  0.10000  0.00000  0.00000  0.00000
83.65000  8.14093 -9.70394  1.38357  0.00000  0.10000  0.00000  0.00000  0.00000
83.66000  8.56164 -11.15067  1.38751  0.00000  0.10000  0.00000  0.00000  0.00000
83.67000  8.78234 -11.90917  1.47403  0.00000  0.10000  0.00000  0.00000  0.00000
83.68000  8.91785 -12.39625  1.21588  0.00000  0.10000  0.00000  0.00000  0.00000
83.69000  8.76711 -9.48546  1.12471  0.00000  0.10000  0.00000  0.00000  0.00000
83.70000  8.90756 -9.08942  0.44780  0.00000  0.10000  0.00000  0.00000  0.00000
83.71000  8.68713 -7.96619  0.51580  0.00000  0.10000  0.00000  0.00000  0.00000
83.72000  8.53157 -10.64806  0.57068  0.00000  0.10000  0.00000  0.00000  0.00000
83.73000  8.52238 -7.08235  0.29597  0.00000  0.10000  0.00000  0.00000  0.00000
83.74000  8.18296 -6.11506  0.33624  0.00000  0.10000  0.00000  0.00000  0.00000
83.75000  8.18139 -7.32316  0.51424  0.00000  0.10000  0.00000  0.00000  0.00000
83.76000  8.12097 -7.68563  0.51579  0.00000  0.10000  0.00000  0.00000  0.00000
83.77000  8.09666 -8.62359  0.31461  0.00000  0.10000  0.00000  0.00000  0.00000
83.78000  8.03037 -8.26721  0.70566  0.00000  0.10000  0.00000  0.00000  0.00000
83.79000  8.04127 -8.89778  1.22578  0.00000  0.10000  0.00000  0.00000  0.00000
83.80000  8.26878 -8.40836  1.01830  0.00000  0.10000  0.00000  0.00000  0.00000
83.81000  8.79814 -6.57330  0.74509  0.00000  0.10000  0.00000  0.00000  0.00000
83.82000  8.82450 -6.36130  0.43848  0.00000  0.10000  0.00000  0.00000  0.00000
83.83000  8.95760 -8.03775  1.05055  0.00000  0.10000  0.00000  0.00000  0.00000
83.84000  8.60576 -5.30820  0.91449  0.00000  0.10000  0.00000  0.00000  0.00000
83.85000  8.17048 -5.09782  1.06000  0.00000  0.10000  0.00000  0.00000  0.00000
83.86000  8.33843 -3.57582  1.26351  0.00000  0.10000  0.00000  0.00000  0.00000
83.87000  7.91371 -5.37563  1.54584  0.00000  0.10000  0.00000  0.00000  0.00000
83.88000  8.43736 -6.34249  1.45498  0.00000  0.10000  0.00000  0.00000  0.00000
83.89000  8.75633 -7.90722  1.39771  0.00000  0.10000  0.00000  0.00000  0.00000
83.90000  8.28789 -7.40427  1.06813  0.00000  0.10000  0.00000  0.00000  0.00000
83.91000  7.97273 -4.55556  0.98521  0.00000  0.10000  0.00000  0.00000  0.00000
83.92000  8.16708 -6.49510  1.12338  0.00000  0.10000  0.00000  0.00000  0.00000
83.93000  8.18727 -7.39771  1.13446  0.00000  0.10000  0.00000  0.00000  0.00000
83.94000  8.51788 -10.47564  1.07868  0.00000  0.10000  0.00000  0.00000  0.00000
83.95000  8.57353 -11.90987  1.00054  0.00000  0.10000  0.00000  0.00000  0.00000
83.96000  8.87582 -10.43669  1.25428  0.00000  0.10000  0.00000  0.00000  0.00000
83.97000  8.99847 -11.85280  1.40094  0.00000  0.10000  0.00000  0.00000  0.00000
83.98000  8.68363 -11.27844  1.21822  0.00000  0.10000  0.00000  0.00000  0.00000
83.99000  8.58927 -11.81117  0.96198  0.00000  0.10000  0.00000  0.00000  0.00000
84.00000  8.48678 -9.04115  0.97925  0.00000  0.10000  0.00000  0.00000  0.00000
84.01000  8.24609 -8.70856  0.97749  0.00000  0.10000  0.00000  0.00000  0.00000
84.02000  8.22190 -11.40690  0.55167  0.00000  0.10000  0.00000  0.00000  0.00000
84.03000  8.70413 -10.23883  0.44312  0.00000  0.10000  0.00000  0.00000  0.00000
84.04000  8.83498 -8.12954  0.25877  0.00000  0.10000  0.00000  0.00000  0.00000
84.05000  9.05879 -7.67905  0.56483  0.00000  0.10000  0.00000  0.00000  0.00000
84.06000  8.96541 -7.67633  0.19331  0.00000  0.10000  0.00000  0.00000  0.00000
84.07000  8.63464 -7.77595  0.15239  0.00000  0.10000  0.00000  0.00000  0.00000
84.08000  8.55584 -6.32688  0.47805  0.00000  0.10000  0.00000  0.00000  0.00000
84.09000  8.32077 -8.83545  0.51166  0.00000  0.10000  0.00000  0.00000  0.00000
84.10000  8.87175 -8.16434  0.15904  0.00000  0.10000  0.00000  0.00000  0.00000
84.11000  8.52473 -9.61701  0.14462  0.00000  0.10000  0.00000  0.00000  0.00000
84.12000  8.55187 -8.64817  0.27799  0.00000  0.10000  0.00000  0.00000  0.00000
84.13000  8.58528 -10.96994  0.04665  0.00000  0.10000  0.00000  0.00000  0.00000
84.14000  8.82824 -10.37787 -0.24274  0.00000  0.10000  0.00000  0.00000  0.00000
84.15000  8.42710 -11.35528 -0.28437  0.00000  0.10000  0.00000  0.00000  0.00000
84.16000  8.90922 -10.43557  0.10232  0.00000  0.10000  0.00000  0.00000  0.00000
84.17000  8.98216 -10.52500 -0.26242  0.00000  0.10000  0.00000  0.00000  0.00000
84.18000  8.70301 -11.52983 -0.23797  0.00000  0.10000  0.00000  0.00000  0.00000
84.19000  8.82798 -14.62172 -0.28399  0.00000  0.10000  0.00000  0.00000  0.00000
84.20000  8.79547 -11.45763  0.17625  0.00000  0.10000  0.00000  0.00000  0.00000
84.21000  9.35521 -9.79969  0.09969  0.00000  0.10000  0.00000  0.00000  0.00000
84.22000  9.09757 -11.42151 -0.09198  0.00000  0.10000  0.00000  0.00000  0.00000
84.23000  9.12416 -11.08444  0.17206  0.00000  0.10000  0.00000  0.00000  0.00000
84.24000  9.13026 -12.19995  0.23373  0.00000  0.10000  0.00000  0.00000  0.00000
84.25000  8.74197 -10.97910  0.20567  0.00000  0.10000  0.00000  0.00000  0.00000
84.26000  8.97639 -10.20265  0.04375  0.00000  0.10000  0.00000  0.00000  0.00000
84.27000  9.02844 -7.72542  0.03310  0.00000  0.10000  0.00000  0.00000  0.00000
84.28000  8.93499 -8.27829 -0.25950  0.00000  0.10000  0.00000  0.00000  0.00000
84.29000  8.80977 -5.79985  0.05717  0.00000  0.10000  0.00000  0.00000  0.00000
84.30000  8.75226 -6.56752  0.12972  0.00000  0.10000  0.00000  0.00000  0.00000
84.31000  8.78818 -8.55920  0.07739  0.00000  0.10000  0.00000  0.00000  0.00000
84.32000  8.82294 -11.03883 -0.13658  0.00000  0.10000  0.00000  0.00000  0.00000
84.33000  8.84506 -9.34754 -0.06485  0.00000  0.10000  0.00000  0.00000  0.00000
84.34000  8.71526 -6.57419 -0.20273  0.00000  0.10000  0.00000  0.00000  0.00000
84.35000  8.81036 -6.81183 -0.14887  0.00000  0.10000  0.00000  0.00000  0.00000
84.36000  8.77835 -5.86862  0.29411  0.00000  0.10000  0.00000  0.00000  0.00000
84.37000  8.74421 -7.29812  0.38264  0.00000  0.10000  0.00000  0.00000  0.00000
84.38000  8.85998 -6.42286  0.16533  0.00000  0.10000  0.00000  0.00000  0.00000
84.39000  8.88409 -6.11881  0.01402  0.00000  0.10000  0.00000  0.00000  0.00000
84.40000  8.94825 -8.52602  0.42922  0.00000  0.10000  0.00000  0.00000  0.00000
84.41000  8.98030 -6.50214  0.02124  0.00000  0.10000  0.00000  0.00000  0.00000
84.42000  8.70070 -7.63154  0.48640  0.00000  0.10000  0.00000  0.00000  0.00000
84.43000  8.94156 -2.66037  0.50466  0.00000  0.10000  0.00000  0.00000  0.00000
84.44000  9.25624 -6.64142  0.75531  0.00000  0.10000  0.00000  0.00000  0.00000
84.45000  8.93937 -4.38107  0.58364  0.00000  0.10000  0.00000  0.00000  0.00000
84.46000  9.14908 -7.24929  0.64233  0.00000  0.10000  0.00000  0.00000  0.00000
84.47000  9.17239 -9.59704  0.16190  0.00000  0.10000  0.00000  0.00000  0.00000
84.48000  9.36919 -8.87406  0.41099  0.00000  0.10000  0.00000  0.00000  0.00000
84.49000  9.63658 -6.12881  0.37922  0.00000  0.10000  0.00000  0.00000  0.00000
84.50000  9.69289 -5.52622  0.84399  0.00000  0.10000  0.00000  0.00000  0.00000
84.51000  9.50038 -6.44652  0.69517  0.00000  0.10000  0.00000  0.00000  0.00000
84.52000  9.47719 -5.13244  0.34041  0.00000  0.10000  0.00000  0.00000  0.00000
84.53000  9.55913 -5.14155  0.56422  0.00000  0.10000  0.00000  0.00000  0.00000
84.54000  9.57196 -6.21932  0.71391  0.00000  0.10000  0.00000  0.00000  0.00000
84.55000  9.47478 -7.66342  1.02608  0.00000  0.10000  0.00000  0.00000  0.00000
84.56000  9.69480 -9.08690  0.43998  0.00000  0.10000  0.00000  0.00000  0.00000
84.57000  9.57529 -8.48206  0.48567  0.00000  0.10000  0.00000  0.00000  0.00000
84.58000  9.56375 -6.60802  0.37243  0.00000  0.10000  0.00000  0.00000  0.00000
84.59000  9.53588 -7.58016 -0.04096  0.00000  0.10000  0.00000  0.00000  0.00000
84.60000  9.28826 -8.67840 -0.23587  0.00000  0.10000  0.00000  0.00000  0.00000
84.61000  9.03477 -7.02712 -0.22278  0.00000  0.10000  0.00000  0.00000  0.00000
84.62000  9.18358 -6.99238 -0.21465  0.00000  0.10000  0.00000  0.00000  0.00000
84.63000  8.97679 -7.12839 -0.65977  0.00000  0.10000  0.00000  0.00000  0.00000
84.64000  8.79878 -4.60998 -0.44348  0.00000  0.10000  0.00000  0.00000  0.00000
84.65000  8.66558 -6.07057 -0.50811  0.00000  0.10000  0.00000  0.00000  0.00000
84.66000  8.48642 -7.03894 -0.31737  0.00000  0.10000  0.00000  0.00000  0.00000
84.67000  9.11013 -8.22375 -0.18881  0.00000  0.10000  0.00000  0.00000  0.00000
84.68000  9.20232 -8.19945 -0.08926  0.00000  0.10000  0.00000  0.00000  0.00000
84.69000  9.06423 -7.53174 -0.17741  0.00000  0.10000  0.00000  0.00000  0.00000
84.70000  9.20367 -11.16546  0.16489  0.00000  0.10000  0.00000  0.00000  0.00000
84.71000  9.32610 -9.79236 -0.13561  0.00000  0.10000  0.00000  0.00000  0.00000
84.72000  9.28226 -7.72286 -0.18795  0.00000  0.10000  0.00000  0.00000  0.00000
84.73000  9.32790 -7.56471  0.14132  0.00000  0.10000  0.00000  0.00000  0.00000
84.74000  9.85040 -5.82505 -0.38304  0.00000  0.10000  0.00000  0.00000  0.00000
84.75000  9.89022 -7.16778  0.12395  0.00000  0.10000  0.00000  0.00000  0.00000
84.76000  9.73295 -7.90039  0.10626  0.00000  0.10000  0.00000  0.00000  0.00000
84.77000  9.69712 -7.83958  0.51841  0.00000  0.10000  0.00000  0.00000  0.00000
84.78000  9.76189 -8.11828  0.33347  0.00000  0.10000  0.00000  0.00000  0.00000
84.79000  9.44654 -7.60778  0.50546  0.00000  0.10000  0.00000  0.00000  0.00000
84.80000  9.40465 -8.48672  0.52925  0.00000  0.10000  0.00000  0.00000  0.00000
84.81000  9.36170 -6.43766  0.70050  0.00000  0.10000  0.00000  0.00000  0.00000
84.82000  9.65915 -7.36123  0.47283  0.00000  0.10000  0.00000  0.00000  0.00000
84.83000  9.69926 -7.58511  0.31806  0.00000  0.10000  0.00000  0.00000  0.00000
84.84000  9.73129 -7.79028  0.11633  0.00000  0.10000  0.00000  0.00000  0.00000
84.85000  9.25238 -4.16594 -0.40691  0.00000  0.10000  0.00000  0.00000  0.00000
84.86000  9.56075 -5.38852 -0.18286  0.00000  0.10000  0.00000  0.00000  0.00000
84.87000  9.67665 -5.96316 -0.24316  0.00000  0.10000  0.00000  0.00000  0.00000
84.88000  9.45893 -5.23203  0.26301  0.00000  0.10000  0.00000  0.00000  0.00000
84.89000  10.09640 -6.12737  0.05521  0.00000  0.10000  0.00000  0.00000  0.00000
84.90000  9.70771 -8.04148  0.10441  0.00000  0.10000  0.00000  0.00000  0.00000
84.91000  9.94621 -8.41745  0.26158  0.00000  0.10000  0.00000  0.00000  0.00000
84.92000  10.11312 -7.94751  0.29382  0.00000  0.10000  0.00000  0.00000  0.00000
84.93000  9.88199 -10.48465  0.39236  0.00000  0.10000  0.00000  0.00000  0.00000
84.94000  9.87098 -9.66625  0.10290  0.00000  0.10000  0.00000  0.00000  0.00000
84.95000  9.97818 -9.46784  0.00808  0.00000  0.10000  0.00000  0.00000  0.00000
84.96000  10.10614 -7.83941 -0.39677  0.00000  0.10000  0.00000  0.00000  0.00000
84.97000  10.31119 -7.44346  0.05939  0.00000  0.10000  0.00000  0.00000  0.00000
84.98000  10.40230 -6.73387 -0.30846  0.00000  0.10000  0.00000  0.00000  0.00000
84.99000  10.36963 -6.66617 -0.55301  0.00000  0.10000  0.00000  0.00000  0.00000
85.00000  10.24745 -8.51845 -1.04929  0.00000  0.10000  0.00000  0.00000  0.00000
85.01000  10.34596 -7.67798 -1.13407  0.00000  0.10000  0.00000  0.00000  0.00000
85.02000  10.23286 -7.41614 -0.73161  0.00000  0.10000  0.00000  0.00000  0.00000
85.03000  10.30366 -5.89676 -0.17839  0.00000  0.10000  0.00000  0.00000  0.00000
85.04000  10.18982 -8.60501 -0.23633  0.00000  0.10000  0.00000  0.00000  0.00000
85.05000  10.41226 -8.81582 -0.32697  0.00000  0.10000  0.00000  0.00000  0.00000
85.06000  10.09319 -8.23000 -0.67872  0.00000  0.10000  0.00000  0.00000  0.00000
85.07000  9.95697 -8.46093 -0.42349  0.00000  0.10000  0.00000  0.00000  0.00000
85.08000  9.97616 -9.04844 -0.21187  0.00000  0.10000  0.00000  0.00000  0.00000
85.09000  10.01974 -9.76774 -0.20523  0.00000  0.10000  0.00000  0.00000  0.00000
85.10000  9.95151 -7.13068 -0.15107  0.00000  0.10000  0.00000  0.00000  0.00000
85.11000  9.79759 -9.27795  0.02373  0.00000  0.10000  0.00000  0.00000  0.00000
85.12000  10.12370 -8.73365  0.41214  0.00000  0.10000  0.00000  0.00000  0.00000
85.13000  10.32798 -7.96180  0.79044  0.00000  0.10000  0.00000  0.00000  0.00000
85.14000  10.54274 -6.83718  0.64182  0.00000  0.10000  0.00000  0.00000  0.00000
85.15000  10.49504 -7.50756  0.20107  0.00000  0.10000  0.00000  0.00000  0.00000
85.16000  10.68881 -10.12290  0.28353  0.00000  0.10000  0.00000  0.00000  0.00000
85.17000  10.40039 -11.54196  0.06409  0.00000  0.10000  0.00000  0.00000  0.00000
85.18000  10.37173 -10.57427  0.18289  0.00000  0.10000  0.00000  0.00000  0.00000
85.19000  9.93048 -6.99870  0.36465  0.00000  0.10000  0.00000  0.00000  0.00000
85.20000  10.16389 -5.82595  0.00335  0.00000  0.10000  0.00000  0.00000  0.00000
85.21000  10.47605 -5.97545  0.15923  0.00000  0.10000  0.00000  0.00000  0.00000
85.22000  10.43883 -4.16261 -0.37827  0.00000  0.10000  0.00000  0.00000  0.00000
85.23000  10.33130 -2.09353 -0.25557  0.00000  0.10000  0.00000  0.00000  0.00000
85.24000  10.01243 -4.52989  0.08287  0.00000  0.10000  0.00000  0.00000  0.00000
85.25000  9.97262 -1.27646  0.08189  0.00000  0.10000  0.00000  0.00000  0.00000
85.26000  9.70825 -2.37938 -0.31802  0.00000  0.10000  0.00000  0.00000  0.00000
85.27000  9.72588 -2.79454 -0.18950  0.00000  0.10000  0.00000  0.00000  0.00000
85.28000  9.54842 -1.99327 -0.49839  0.00000  0.10000  0.00000  0.00000  0.00000
85.29000  9.27773 -0.49555 -0.72247  0.00000  0.10000  0.00000  0.00000  0.00000
85.30000  9.61921 -1.76603 -0.55877  0.00000  0.10000  0.00000  0.00000  0.00000
85.31000  9.57481 -3.27312 -0.84906  0.00000  0.10000  0.00000  0.00000  0.00000
85.32000  9.43969 -6.10816 -0.72168  0.00000  0.10000  0.00000  0.00000  0.00000
85.33000  9.52327 -6.36248 -0.45952  0.00000  0.10000  0.00000  0.00000  0.00000
85.34000  9.45776 -5.93424 -0.94580  0.00000  0.10000  0.00000  0.00000  0.00000
85.35000  9.49747 -6.67005 -0.88771  0.00000  0.10000  0.00000  0.00000  0.00000
85.36000  9.80070 -6.55194 -0.69203  0.00000  0.10000  0.00000  0.00000  0.00000
85.37000  9.58633 -7.27318 -0.42033  0.00000  0.10000  0.00000  0.00000  0.00000
85.38000  9.44304 -6.65632 -0.23229  0.00000  0.10000  0.00000  0.00000  0.00000
85.39000  9.74419 -5.33568 -0.26958  0.00000  0.10000  0.00000  0.00000  0.00000
85.40000  9.85475 -4.57445 -0.71890  0.00000  0.10000  0.00000  0.00000  0.00000
85.41000  9.62921 -5.29619 -0.76009  0.00000  0.10000  0.00000  0.00000  0.00000
85.42000  9.60378 -3.06159 -0.73498  0.00000  0.10000  0.00000  0.00000  0.00000
85.43000  9.78840 -2.14017 -0.14564  0.00000  0.10000  0.00000  0.00000  0.00000
85.44000  9.74608 -5.32905 -0.03256  0.00000  0.10000  0.00000  0.00000  0.00000
85.45000  9.96455 -5.74283 -0.22541  0.00000  0.10000  0.00000  0.00000  0.00000
85.46000  9.91626 -4.44663 -0.31574  0.00000  0.10000  0.00000  0.00000  0.00000
85.47000  10.10166 -3.95684 -0.45047  0.00000  0.10000  0.00000  0.00000  0.00000
85.48000  10.10935 -4.09095 -0.21215  0.00000  0.10000  0.00000  0.00000  0.00000
85.49000  9.83146 -6.45997  0.05783  0.00000  0.10000  0.00000  0.00000  0.00000
85.50000  9.97497 -7.43326  0.29243  0.00000  0.10000  0.00000  0.00000  0.00000
85.51000  9.91138 -9.19149  0.30869  0.00000  0.10000  0.00000  0.00000  0.00000
85.52000  9.96165 -7.36854  0.21339  0.00000  0.10000  0.00000  0.00000  0.00000
85.53000  9.86225 -6.98039  0.32668  0.00000  0.10000  0.00000  0.00000  0.00000
85.54000  9.70391 -5.74843  0.25999  0.00000  0.10000  0.00000  0.00000  0.00000
85.55000  9.99461 -7.50009  0.47122  0.00000  0.10000  0.00000  0.00000  0.00000
85.56000  10.06620 -6.71733  0.29727  0.00000  0.10000  0.00000  0.00000  0.00000
85.57000  10.09457 -7.57681  0.40075  0.00000  0.10000  0.00000  0.00000  0.00000
85.58000  10.08998 -7.32825  0.57541  0.00000  0.10000  0.00000  0.00000  0.00000
85.59000  10.04508 -7.88695  0.40838  0.00000  0.10000  0.00000  0.00000  0.00000
85.60000  9.87751 -6.62949  0.40586  0.00000  0.10000  0.00000  0.00000  0.00000
85.61000  9.89681 -5.72957  0.33122  0.00000  0.10000  0.00000  0.00000  0.00000
85.62000  9.67091 -3.54360  0.14952  0.00000  0.10000  0.00000  0.00000  0.00000
85.63000  9.85069 -5.09661  0.13561  0.00000  0.10000  0.00000  0.00000  0.00000
85.64000  10.13731 -4.48205  0.31005  0.00000  0.10000  0.00000  0.00000  0.00000
85.65000  10.03982 -4.46836  0.20547  0.00000  0.10000  0.00000  0.00000  0.00000
85.66000  10.28282 -7.11644  0.11865  0.00000  0.10000  0.00000  0.00000  0.00000
85.67000  10.66797 -6.01050  0.28200  0.00000  0.10000  0.00000  0.00000  0.00000
85.68000  10.58181 -7.12455  0.32767  0.00000  0.10000  0.00000  0.00000  0.00000
85.69000  10.66338 -7.66171  0.29510  0.00000  0.10000  0.00000  0.00000  0.00000
85.70000  10.45055 -7.26146  0.49891  0.00000  0.10000  0.00000  0.00000  0.00000
85.71000  10.50039 -7.57439  0.52888  0.00000  0.10000  0.00000  0.00000  0.00000
85.72000  10.72480 -9.16061  0.41468  0.00000  0.10000  0.00000  0.00000  0.00000
85.73000  10.41616 -5.78411  0.45374  0.00000  0.10000  0.00000  0.00000  0.00000
85.74000  10.71165 -6.93464  0.42696  0.00000  0.10000  0.00000  0.00000  0.00000
85.75000  10.93867 -5.73642  0.76430  0.00000  0.10000  0.00000  0.00000  0.00000
85.76000  10.79099 -5.92272  1.10303  0.00000  0.10000  0.00000  0.00000  0.00000
85.77000  10.70171 -6.97259  0.63138  0.00000  0.10000  0.00000  0.00000  0.00000
85.78000  10.90321 -6.19447  0.96998  0.00000  0.10000  0.00000  0.00000  0.00000
85.79000  11.31548 -7.21402  0.77600  0.00000  0.10000  0.00000  0.00000  0.00000
85.80000  11.61025 -6.13282  0.74491  0.00000  0.10000  0.00000  0.00000  0.00000
85.81000  11.24768 -4.05138  1.07849  0.00000  0.10000  0.00000  0.00000  0.00000
85.82000  11.54502 -3.09693  0.91670  0.00000  0.10000  0.00000  0.00000  0.00000
85.83000  11.40565 -4.23816  0.98129  0.00000  0.10000  0.00000  0.00000  0.00000
85.84000  11.13123 -1.24888  1.45201  0.00000  0.10000  0.00000  0.00000  0.00000
85.85000  11.36934 -3.54162  1.53341  0.00000  0.10000  0.00000  0.00000  0.00000
85.86000  11.64092 -2.79761  1.14246  0.00000  0.10000  0.00000  0.00000  0.00000
85.87000  11.60668 -1.49103  1.12744  0.00000  0.10000  0.00000  0.00000  0.00000
85.88000  11.71962 -2.87700  1.26206  0.00000  0.10000  0.00000  0.00000  0.00000
85.89000  11.19750 -2.63216  1.12675  0.00000  0.10000  0.00000  0.00000  0.00000
85.90000  10.72193 -3.67323  0.78747  0.00000  0.10000  0.00000  0.00000  0.00000
85.91000  10.92683 -1.72649  1.00884  0.00000  0.10000  0.00000  0.00000  0.00000
85.92000  11.14672 -1.95745  0.82908  0.00000  0.10000  0.00000  0.00000  0.00000
85.93000  11.03851 -1.73206  0.71422  0.00000  0.10000  0.00000  0.00000  0.00000
85.94000  10.86653 -4.47873  0.87445  0.00000  0.10000  0.00000  0.00000  0.00000
85.95000  11.15388 -3.99287  0.51426  0.00000  0.10000  0.00000  0.00000  0.00000
85.96000  11.21501 -6.46946  0.54414  0.00000  0.10000  0.00000  0.00000  0.00000
85.97000  11.34324 -4.59374  0.98774  0.00000  0.10000  0.00000  0.00000  0.00000
85.98000  11.34495 -4.97520  1.12131  0.00000  0.10000  0.00000  0.00000  0.00000
85.99000  11.44774 -4.13866  1.10803  0.00000  0.10000  0.00000  0.00000  0.00000
86.00000  11.49933 -5.10311  0.96804  0.00000  0.10000  0.00000  0.00000  0.00000
86.01000  11.83701 -5.47642  0.80214  0.00000  0.10000  0.00000  0.00000  0.00000
86.02000  11.49185 -6.55372  1.08728  0.00000  0.10000  0.00000  0.00000  0.00000
86.03000  11.40493 -6.35827  0.94117  0.00000  0.10000  0.00000  0.00000  0.00000
86.04000  11.61037 -5.03405  0.79453  0.00000  0.10000  0.00000  0.00000  0.00000
86.05000  11.67905 -1.98612  0.79816  0.00000  0.10000  0.00000  0.00000  0.00000
86.06000  11.50446 -0.70568  1.03546  0.00000  0.10000  0.00000  0.00000  0.00000
86.07000  11.57526 -0.15021  1.58571  0.00000  0.10000  0.00000  0.00000  0.00000
86.08000  11.60557  0.93275  1.13663  0.00000  0.10000  0.00000  0.00000  0.00000
86.09000  11.47109  1.83261  0.83576  0.00000  0.10000  0.00000  0.00000  0.00000
86.10000  11.73378  1.78494  0.31368  0.00000  0.10000  0.00000  0.00000  0.00000
86.11000  11.91558  1.77685  0.62475  0.00000  0.10000  0.00000  0.00000  0.00000
86.12000  11.77361  2.08136  0.61578  0.00000  0.10000  0.00000  0.00000  0.00000
86.13000  12.13557  1.90949  0.62401  0.00000  0.10000  0.00000  0.00000  0.00000
86.14000  11.85964  2.78620  0.43753  0.00000  0.10000  0.00000  0.00000  0.00000
86.15000  11.88721  3.17256  0.21968  0.00000  0.10000  0.00000  0.00000  0.00000
86.16000  11.83774  1.75315  0.50892  0.00000  0.10000  0.00000  0.00000  0.00000
86.17000  11.91379  0.94668  0.26406  0.00000  0.10000  0.00000  0.00000  0.00000
86.18000  12.00219  0.32064  0.31130  0.00000  0.10000  0.00000  0.00000  0.00000
86.19000  11.86942  2.21593  0.23134  0.00000  0.10000  0.00000  0.00000  0.00000
86.20000  11.83805  0.41287  0.52221  0.00000  0.10000  0.00000  0.00000  0.00000
86.21000  12.03745  0.13966  0.66654  0.00000  0.10000  0.00000  0.00000  0.00000
86.22000  12.07644  0.84869  0.39274  0.00000  0.10000  0.00000  0.00000  0.00000
86.23000  11.94324  0.45206  0.65957  0.00000  0.10000  0.00000  0.00000  0.00000
86.24000  11.53291  0.48568  0.30541  0.00000  0.10000  0.00000  0.00000  0.00000
86.25000  11.26714  0.54052  0.38550  0.00000  0.10000  0.00000  0.00000  0.00000
86.26000  11.14782  1.99705  0.45673  0.00000  0.10000  0.00000  0.00000  0.00000
86.27000  11.40656  0.20962  0.13035  0.00000  0.10000  0.00000  0.00000  0.00000
86.28000  11.11875  1.17665  0.45041  0.00000  0.10000  0.00000  0.00000  0.00000
86.29000  11.44360  1.65771  0.48973  0.00000  0.10000  0.00000  0.00000  0.00000
86.30000  11.53336  1.00198  0.61823  0.00000  0.10000  0.00000  0.00000  0.00000
86.31000  11.47895  1.94409  0.66234  0.00000  0.10000  0.00000  0.00000  0.00000
86.32000  11.48588  0.75401  0.57081  0.00000  0.10000  0.00000  0.00000  0.00000
86.33000  11.32799  2.82077  0.39654  0.00000  0.10000  0.00000  0.00000  0.00000
86.34000  11.36824  2.60957  0.39876  0.00000  0.10000  0.00000  0.00000  0.00000
86.35000  11.49895  3.50420  0.35448  0.00000  0.10000  0.00000  0.00000  0.00000
86.36000  11.50122  4.82255  0.49475  0.00000  0.10000  0.00000  0.00000  0.00000
86.37000  11.59208  4.55942  0.37104  0.00000  0.10000  0.00000  0.00000  0.00000
86.38000  11.79624  3.82598  0.45975  0.00000  0.10000  0.00000  0.00000  0.00000
86.39000  11.78224  3.28496  0.79271  0.00000  0.10000  0.00000  0.00000  0.00000
86.40000  11.76598  2.75725  0.84009  0.00000  0.10000  0.00000  0.00000  0.00000
86.41000  11.79929  2.55386  0.92318  0.00000  0.10000  0.00000  0.00000  0.00000
86.42000  11.92489  1.95096  1.07585  0.00000  0.10000  0.00000  0.00000  0.00000
86.43000  11.83856  2.03823  0.90669  0.00000  0.10000  0.00000  0.00000  0.00000
86.44000  12.06364  1.24241  1.22412  0.00000  0.10000  0.00000  0.00000  0.00000
86.45000  11.83280  1.79447  1.18747  0.00000  0.10000  0.00000  0.00000  0.00000
86.46000  11.29528  2.46547  1.46656  0.00000  0.10000  0.00000  0.00000  0.00000
86.47000  11.55871  3.00855  1.27081  0.00000  0.10000  0.00000  0.00000  0.00000
86.48000  11.68138  2.49427  1.04245  0.00000  0.10000  0.00000  0.00000  0.00000
86.49000  11.99395  2.78072  0.85315  0.00000  0.10000  0.00000  0.00000  0.00000
86.50000  11.77076  2.40010  0.85046  0.00000  0.10000  0.00000  0.00000  0.00000
86.51000  11.73365  3.07650  0.71995  0.00000  0.10000  0.00000  0.00000  0.00000
86.52000  11.14524  2.15646  0.71472  0.00000  0.10000  0.00000  0.00000  0.00000
86.53000  11.45991  1.35770  0.54446  0.00000  0.10000  0.00000  0.00000  0.00000
86.54000  11.22661  0.02468  0.73905  0.00000  0.10000  0.00000  0.00000  0.00000
86.55000  11.46835  0.86615  0.91429  0.00000  0.10000  0.00000  0.00000  0.00000
86.56000  11.09585 -0.02142  1.42502  0.00000  0.10000  0.00000  0.00000  0.00000
86.57000  11.13417  1.41471  1.19353  0.00000  0.10000  0.00000  0.00000  0.00000
86.58000  11.15938  0.52436  1.13999  0.00000  0.10000  0.00000  0.00000  0.00000
86.59000  11.69809 -0.13753  0.98366  0.00000  0.10000  0.00000  0.00000  0.00000
86.60000  11.75362 -0.94318  1.38191  0.00000  0.10000  0.00000  0.00000  0.00000
86.61000  11.68383 -2.35838  1.35486  0.00000  0.10000  0.00000  0.00000  0.00000
86.62000  11.76187 -2.09553  1.29066  0.00000  0.10000  0.00000  0.00000  0.00000
86.63000  12.04792 -0.89976  0.98496  0.00000  0.10000  0.00000  0.00000  0.00000
86.64000  11.94635  1.07764  0.93976  0.00000  0.10000  0.00000  0.00000  0.00000
86.65000  11.88795  0.10036  0.56297  0.00000  0.10000  0.00000  0.00000  0.00000
86.66000  11.98082  1.18814  0.38145  0.00000  0.10000  0.00000  0.00000  0.00000
86.67000  11.71747 -0.19315  0.57119  0.00000  0.10000  0.00000  0.00000  0.00000
86.68000  11.84511 -2.05541  0.32084  0.00000  0.10000  0.00000  0.00000  0.00000
86.69000  12.04424 -2.60528  0.59490  0.00000  0.10000  0.00000  0.00000  0.00000
86.70000  12.37528 -1.96201  0.80749  0.00000  0.10000  0.00000  0.00000  0.00000
86.71000  12.46847 -1.69828  0.73984  0.00000  0.10000  0.00000  0.00000  0.00000
86.72000  12.52150 -3.20691  1.10809  0.00000  0.10000  0.00000  0.00000  0.00000
86.73000  12.42495 -3.16454  0.89857  0.00000  0.10000  0.00000  0.00000  0.00000
86.74000  12.02863 -3.60485  1.21269  0.00000  0.10000  0.00000  0.00000  0.00000
86.75000  12.12969 -5.50341  1.29952  0.00000  0.10000  0.00000  0.00000  0.00000
86.76000  11.74965 -6.13162  1.58593  0.00000  0.10000  0.00000  0.00000  0.00000
86.77000  11.45867 -6.32681  1.28620  0.00000  0.10000  0.00000  0.00000  0.00000
86.78000  11.44548 -5.19617  1.64788  0.00000  0.10000  0.00000  0.00000  0.00000
86.79000  11.18768 -5.65515  1.60070  0.00000  0.10000  0.00000  0.00000  0.00000
86.80000  11.08932 -5.86569  1.46183  0.00000  0.10000  0.00000  0.00000  0.00000
86.81000  10.86424 -3.74286  1.70720  0.00000  0.10000  0.00000  0.00000  0.00000
86.82000  10.75500 -3.08928  1.47615  0.00000  0.10000  0.00000  0.00000  0.00000
86.83000  11.03024 -2.29866  1.24729  0.00000  0.10000  0.00000  0.00000  0.00000
86.84000  11.27683 -2.69964  1.13476  0.00000  0.10000  0.00000  0.00000  0.00000
86.85000  10.94721 -2.86635  1.38299  0.00000  0.10000  0.00000  0.00000  0.00000
86.86000  11.00582 -1.98977  1.28207  0.00000  0.10000  0.00000  0.00000  0.00000
86.87000  10.96883 -0.49219  1.34591  0.00000  0.10000  0.00000  0.00000  0.00000
86.88000  10.75984 -3.14399  1.55512  0.00000  0.10000  0.00000  0.00000  0.00000
86.89000  11.00212 -4.50330  1.65943  0.00000  0.10000  0.00000  0.00000  0.00000
86.90000  10.41168 -3.84966  1.69367  0.00000  0.10000  0.00000  0.00000  0.00000
86.91000  10.44979 -5.20271  1.51960  0.00000  0.10000  0.00000  0.00000  0.00000
86.92000  10.40742 -6.21424  1.43158  0.00000  0.10000  0.00000  0.00000  0.00000
86.93000  10.20452 -7.96964  1.29956  0.00000  0.10000  0.00000  0.00000  0.00000
86.94000  10.37258 -3.87164  1.18494  0.00000  0.10000  0.00000  0.00000  0.00000
86.95000  10.42185 -2.97346  1.46840  0.00000  0.10000  0.00000  0.00000  0.00000
86.96000  10.39734 -5.86681  1.36694  0.00000  0.10000  0.00000  0.00000  0.00000
86.97000  10.22531 -4.39804  1.06475  0.00000  0.10000  0.00000  0.00000  0.00000
86.98000  10.42002 -6.95059  1.30106  0.00000  0.10000  0.00000  0.00000  0.00000
86.99000  10.31462 -5.74237  1.75400  0.00000  0.10000  0.00000  0.00000  0.00000
87.00000  10.03054 -4.24373  1.48265  0.00000  0.10000  0.00000  0.00000  0.00000
87.01000  10.16801 -5.54607  1.08524  0.00000  0.10000  0.00000  0.00000  0.00000
87.02000  10.37133 -7.02254  1.09630  0.00000  0.10000  0.00000  0.00000  0.00000
87.03000  10.08612 -5.29338  1.53075  0.00000  0.10000  0.00000  0.00000  0.00000
87.04000  10.06093 -5.98217  1.80529  0.00000  0.10000  0.00000  0.00000  0.00000
87.05000  10.26567 -6.98219  1.76540  0.00000  0.10000  0.00000  0.00000  0.00000
87.06000  10.10138 -5.64360  1.71354  0.00000  0.10000  0.00000  0.00000  0.00000
87.07000  9.95042 -5.46166  1.62714  0.00000  0.10000  0.00000  0.00000  0.00000
87.08000  9.80571 -4.33858  1.37468  0.00000  0.10000  0.00000  0.00000  0.00000
87.09000  10.14573 -6.60899  1.19292  0.00000  0.10000  0.00000  0.00000  0.00000
87.10000  9.57649 -8.63722  1.20085  0.00000  0.10000  0.00000  0.00000  0.00000
87.11000  9.77181 -8.85281  1.07867  0.00000  0.10000  0.00000  0.00000  0.00000
87.12000  9.97638 -7.61834  1.12169  0.00000  0.10000  0.00000  0.00000  0.00000
87.13000  10.00558 -6.87551  0.93201  0.00000  0.10000  0.00000  0.00000  0.00000
87.14000  9.77580 -7.83749  0.37134  0.00000  0.10000  0.00000  0.00000  0.00000
87.15000  10.16375 -9.05984  0.73696  0.00000  0.10000  0.00000  0.00000  0.00000
87.16000  10.11569 -10.81024  0.86030  0.00000  0.10000  0.00000  0.00000  0.00000
87.17000  10.15934 -10.12900  1.06133  0.00000  0.10000  0.00000  0.00000  0.00000
87.18000  10.04324 -8.42668  0.83246  0.00000  0.10000  0.00000  0.00000  0.00000
87.19000  10.12895 -7.00780  0.97636  0.00000  0.10000  0.00000  0.00000  0.00000
87.20000  10.13075 -6.89157  1.19288  0.00000  0.10000  0.00000  0.00000  0.00000
87.21000  9.89569 -5.29501  0.79083  0.00000  0.10000  0.00000  0.00000  0.00000
87.22000  9.60907 -5.90683  0.77316  0.00000  0.10000  0.00000  0.00000  0.00000
87.23000  9.81986 -6.81372  0.25082  0.00000  0.10000  0.00000  0.00000  0.00000
87.24000  9.90472 -6.87159  0.63122  0.00000  0.10000  0.00000  0.00000  0.00000
87.25000  9.70741 -5.02861  0.70694  0.00000  0.10000  0.00000  0.00000  0.00000
87.26000  9.96481 -6.15335  1.07878  0.00000  0.10000  0.00000  0.00000  0.00000
87.27000  9.68701 -8.08479  1.00346  0.00000  0.10000  0.00000  0.00000  0.00000
87.28000  9.60039 -8.10680  0.98820  0.00000  0.10000  0.00000  0.00000  0.00000
87.29000  9.72635 -8.72458  0.84960  0.00000  0.10000  0.00000  0.00000  0.00000
87.30000  9.74022 -8.97592  1.15863  0.00000  0.10000  0.00000  0.00000  0.00000
87.31000  9.83210 -9.84424  1.28352  0.00000  0.10000  0.00000  0.00000  0.00000
87.32000  9.46155 -12.43251  1.31988  0.00000  0.10000  0.00000  0.00000  0.00000
87.33000  9.94923 -12.46174  1.38102  0.00000  0.10000  0.00000  0.00000  0.00000
87.34000  9.69787 -11.60443  1.60641  0.00000  0.10000  0.00000  0.00000  0.00000
87.35000  9.37130 -11.30628  1.52654  0.00000  0.10000  0.00000  0.00000  0.00000
87.36000  9.21034 -9.68899  0.99896  0.00000  0.10000  0.00000  0.00000  0.00000
87.37000  9.53231 -9.91609  1.36494  0.00000  0.10000  0.00000  0.00000  0.00000
87.38000  9.79974 -11.97467  1.24083  0.00000  0.10000  0.00000  0.00000  0.00000
87.39000  10.01808 -10.43849  1.15751  0.00000  0.10000  0.00000  0.00000  0.00000
87.40000  10.10032 -11.74042  0.97796  0.00000  0.10000  0.00000  0.00000  0.00000
87.41000  10.06091 -9.93441  1.19704  0.00000  0.10000  0.00000  0.00000  0.00000
87.42000  9.39455 -9.78159  1.29218  0.00000  0.10000  0.00000  0.00000  0.00000
87.43000  9.39876 -12.25347  0.93027  0.00000  0.10000  0.00000  0.00000  0.00000
87.44000  8.87447 -12.25610  0.92721  0.00000  0.10000  0.00000  0.00000  0.00000
87.45000  9.08819 -13.16535  1.14616  0.00000  0.10000  0.00000  0.00000  0.00000
87.46000  9.20903 -11.81019  0.76059  0.00000  0.10000  0.00000  0.00000  0.00000
87.47000  8.95867 -10.13326  0.88583  0.00000  0.10000  0.00000  0.00000  0.00000
87.48000  9.08681 -9.97113  0.66076  0.00000  0.10000  0.00000  0.00000  0.00000
87.49000  8.59765 -9.68104  1.02552  0.00000  0.10000  0.00000  0.00000  0.00000
87.50000  9.02788 -11.39194  1.00013  0.00000  0.10000  0.00000  0.00000  0.00000
87.51000  8.94901 -7.78829  0.53763  0.00000  0.10000  0.00000  0.00000  0.00000
87.52000  9.01496 -9.45672  0.71535  0.00000  0.10000  0.00000  0.00000  0.00000
87.53000  8.80542 -6.56847  0.69482  0.00000  0.10000  0.00000  0.00000  0.00000
87.54000  8.31379 -6.86842  0.41926  0.00000  0.10000  0.00000  0.00000  0.00000
87.55000  8.62197 -6.31608  0.50631  0.00000  0.10000  0.00000  0.00000  0.00000
87.56000  8.49474 -6.47200  0.59437  0.00000  0.10000  0.00000  0.00000  0.00000
87.57000  8.58807 -9.80321  0.42980  0.00000  0.10000  0.00000  0.00000  0.00000
87.58000  8.80587 -8.88773  0.27953  0.00000  0.10000  0.00000  0.00000  0.00000
87.59000  8.64811 -8.90626  0.15768  0.00000  0.10000  0.00000  0.00000  0.00000
87.60000  8.60727 -7.42223  0.54239  0.00000  0.10000  0.00000  0.00000  0.00000
87.61000  9.03139 -9.48318  0.74416  0.00000  0.10000  0.00000  0.00000  0.00000
87.62000  8.68374 -9.32532  0.79739  0.00000  0.10000  0.00000  0.00000  0.00000
87.63000  8.77859 -9.44639  0.88782  0.00000  0.10000  0.00000  0.00000  0.00000
87.64000  8.89361 -9.87445  1.03035  0.00000  0.10000  0.00000  0.00000  0.00000
87.65000  8.74157 -9.95219  1.34106  0.00000  0.10000  0.00000  0.00000  0.00000
87.66000  8.96536 -11.92408  1.65283  0.00000  0.10000  0.00000  0.00000  0.00000
87.67000  8.83821 -13.83928  1.26496  0.00000  0.10000  0.00000  0.00000  0.00000
87.68000  8.86973 -11.11631  1.19407  0.00000  0.10000  0.00000  0.00000  0.00000
87.69000  8.77582 -8.67954  0.82533  0.00000  0.10000  0.00000  0.00000  0.00000
87.70000  8.65809 -11.17304  0.72967  0.00000  0.10000  0.00000  0.00000  0.00000
87.71000  8.65764 -11.62416  0.24003  0.00000  0.10000  0.00000  0.00000  0.00000
87.72000  8.57581 -12.22161  0.71194  0.00000  0.10000  0.00000  0.00000  0.00000
87.73000  8.15894 -15.34912  0.14864  0.00000  0.10000  0.00000  0.00000  0.00000
87.74000  7.96293 -17.96834  0.49980  0.00000  0.10000  0.00000  0.00000  0.00000
87.75000  7.85943 -14.54968  0.59833  0.00000  0.10000  0.00000  0.00000  0.00000
87.76000  7.87106 -14.89189  0.48734  0.00000  0.10000  0.00000  0.00000  0.00000
87.77000  7.82316 -13.70909  0.42405  0.00000  0.10000  0.00000  0.00000  0.00000
87.78000  7.45317 -10.87316  0.39045  0.00000  0.10000  0.00000  0.00000  0.00000
87.79000  7.75462 -11.50268  0.30438  0.00000  0.10000  0.00000  0.00000  0.00000
87.80000  8.32113 -8.68589  0.02568  0.00000  0.10000  0.00000  0.00000  0.00000
87.81000  8.22697 -7.46889  0.04323  0.00000  0.10000  0.00000  0.00000  0.00000
87.82000  8.15885 -7.83874  0.66522  0.00000  0.10000  0.00000  0.00000  0.00000
87.83000  8.23043 -9.60110  0.70708  0.00000  0.10000  0.00000  0.00000  0.00000
87.84000  8.47065 -6.85387  0.47705  0.00000  0.10000  0.00000  0.00000  0.00000
87.85000  8.53323 -9.30090  0.73275  0.00000  0.10000  0.00000  0.00000  0.00000
87.86000  8.34580 -11.69114  0.88472  0.00000  0.10000  0.00000  0.00000  0.00000
87.87000  8.43886 -10.57132  0.73595  0.00000  0.10000  0.00000  0.00000  0.00000
87.88000  8.39788 -9.29936  0.67238  0.00000  0.10000  0.00000  0.00000  0.00000
87.89000  8.66510 -9.19489  0.51026  0.00000  0.10000  0.00000  0.00000  0.00000
87.90000  8.46725 -8.15074  0.05681  0.00000  0.10000  0.00000  0.00000  0.00000
87.91000  8.65822 -8.99833 -0.34427  0.00000  0.10000  0.00000  0.00000  0.00000
87.92000  8.64386 -5.56807 -0.64481  0.00000  0.10000  0.00000  0.00000  0.00000
87.93000  8.39752 -7.54946 -0.57495  0.00000  0.10000  0.00000  0.00000  0.00000
87.94000  8.21033 -8.54970  0.03474  0.00000  0.10000  0.00000  0.00000  0.00000
87.95000  8.49245 -5.86302 -0.76461  0.00000  0.10000  0.00000  0.00000  0.00000
87.96000  8.38361 -4.00946 -0.67345  0.00000  0.10000  0.00000  0.00000  0.00000
87.97000  8.33072 -6.83922 -0.46423  0.00000  0.10000  0.00000  0.00000  0.00000
87.98000  8.42290 -5.74904 -0.52301  0.00000  0.10000  0.00000  0.00000  0.00000
87.99000  8.44873 -8.59876 -0.80387  0.00000  0.10000  0.00000  0.00000  0.00000
88.00000  8.67462 -10.06013 -0.58311  0.00000  0.10000  0.00000  0.00000  0.00000
88.01000  8.98575 -8.53620 -0.63191  0.00000  0.10000  0.00000  0.00000  0.00000
88.02000  8.60181 -10.25496 -0.40750  0.00000  0.10000  0.00000  0.00000  0.00000
88.03000  8.56355 -8.40431 -0.45853  0.00000  0.10000  0.00000  0.00000  0.00000
88.04000  8.34538 -6.19179 -0.37429  0.00000  0.10000  0.00000  0.00000  0.00000
88.05000  8.33170 -6.99579 -0.47260  0.00000  0.10000  0.00000  0.00000  0.00000
88.06000  8.19023 -6.09644 -0.40437  0.00000  0.10000  0.00000  0.00000  0.00000
88.07000  8.28284 -6.01258 -0.27785  0.00000  0.10000  0.00000  0.00000  0.00000
88.08000  8.34020 -7.15310 -0.18769  0.00000  0.10000  0.00000  0.00000  0.00000
88.09000  8.33313 -7.67427 -0.20884  0.00000  0.10000  0.00000  0.00000  0.00000
88.10000  8.00822 -5.03527 -0.21063  0.00000  0.10000  0.00000  0.00000  0.00000
88.11000  8.10490 -5.19725 -0.30958  0.00000  0.10000  0.00000  0.00000  0.00000
88.12000  7.82201 -6.59095 -0.04414  0.00000  0.10000  0.00000  0.00000  0.00000
88.13000  7.87398 -9.61265  0.33795  0.00000  0.10000  0.00000  0.00000  0.00000
88.14000  7.89289 -8.12300  0.26916  0.00000  0.10000  0.00000  0.00000  0.00000
88.15000  7.68743 -11.28313 -0.35730  0.00000  0.10000  0.00000  0.00000  0.00000
88.16000  7.45138 -7.80489 -0.21730  0.00000  0.10000  0.00000  0.00000  0.00000
88.17000  7.57395 -9.16769 -0.67409  0.00000  0.10000  0.00000  0.00000  0.00000
88.18000  7.42657 -10.94618 -0.32766  0.00000  0.10000  0.00000  0.00000  0.00000
88.19000  7.33179 -12.62765 -0.02002  0.00000  0.10000  0.00000  0.00000  0.00000
88.20000  7.15958 -10.09545 -0.04793  0.00000  0.10000  0.00000  0.00000  0.00000
88.21000  7.21505 -10.99751 -0.66320  0.00000  0.10000  0.00000  0.00000  0.00000
88.22000  7.36415 -9.31825 -0.56801  0.00000  0.10000  0.00000  0.00000  0.00000
88.23000  7.47681 -10.18300 -0.30036  0.00000  0.10000  0.00000  0.00000  0.00000
88.24000  7.48986 -11.19519 -0.61647  0.00000  0.10000  0.00000  0.00000  0.00000
88.25000  7.78862 -14.00837 -0.49898  0.00000  0.10000  0.00000  0.00000  0.00000
88.26000  7.35384 -12.20365 -0.39694  0.00000  0.10000  0.00000  0.00000  0.00000
88.27000  7.72774 -13.49887 -0.42999  0.00000  0.10000  0.00000  0.00000  0.00000
88.28000  7.78209 -12.15930 -0.53107  0.00000  0.10000  0.00000  0.00000  0.00000
88.29000  7.89386 -6.87301 -0.47560  0.00000  0.10000  0.00000  0.00000  0.00000
88.30000  8.31935 -6.80492 -0.14526  0.00000  0.10000  0.00000  0.00000  0.00000
88.31000  8.28569 -8.53358 -0.29264  0.00000  0.10000  0.00000  0.00000  0.00000
88.32000  8.37542 -8.00645  0.15312  0.00000  0.10000  0.00000  0.00000  0.00000
88.33000  8.68414 -8.39158 -0.21255  0.00000  0.10000  0.00000  0.00000  0.00000
88.34000  8.84609 -9.89601  0.26198  0.00000  0.10000  0.00000  0.00000  0.00000
88.35000  8.80681 -8.91542 -0.02721  0.00000  0.10000  0.00000  0.00000  0.00000
88.36000  9.15277 -12.03025  0.02205  0.00000  0.10000  0.00000  0.00000  0.00000
88.37000  8.92869 -9.80499  0.27463  0.00000  0.10000  0.00000  0.00000  0.00000
88.38000  8.73132 -11.05473  0.19436  0.00000  0.10000  0.00000  0.00000  0.00000
88.39000  8.50734 -12.34813 -0.29254  0.00000  0.10000  0.00000  0.00000  0.00000
88.40000  8.77623 -11.25318 -0.17192  0.00000  0.10000  0.00000  0.00000  0.00000
88.41000  8.26115 -9.26612 -0.17358  0.00000  0.10000  0.00000  0.00000  0.00000
88.42000  8.71883 -9.10786 -0.77885  0.00000  0.10000  0.00000  0.00000  0.00000
88.43000  8.63805 -8.80171 -0.47703  0.00000  0.10000  0.00000  0.00000  0.00000
88.44000  8.93052 -8.84193 -0.80732  0.00000  0.10000  0.00000  0.00000  0.00000
88.45000  8.69831 -12.69486 -0.82560  0.00000  0.10000  0.00000  0.00000  0.00000
88.46000  8.74257 -9.64116 -0.66644  0.00000  0.10000  0.00000  0.00000  0.00000
88.47000  8.55822 -11.35649 -1.04004  0.00000  0.10000  0.00000  0.00000  0.00000
88.48000  8.53796 -12.05912 -0.79495  0.00000  0.10000  0.00000  0.00000  0.00000
88.49000  8.75149 -9.74219 -0.87388  0.00000  0.10000  0.00000  0.00000  0.00000
88.50000  8.74910 -8.37848 -0.82652  0.00000  0.10000  0.00000  0.00000  0.00000
88.51000  8.81859 -10.19555 -0.60144  0.00000  0.10000  0.00000  0.00000  0.00000
88.52000  8.83615 -11.94171 -0.66137  0.00000  0.10000  0.00000  0.00000  0.00000
88.53000  9.03650 -12.39436 -0.65686  0.00000  0.10000  0.00000  0.00000  0.00000
88.54000  9.00900 -13.04786 -0.44951  0.00000  0.10000  0.00000  0.00000  0.00000
88.55000  9.03345 -9.91851 -0.72308  0.00000  0.10000  0.00000  0.00000  0.00000
88.56000  9.05369 -11.16814 -0.56742  0.00000  0.10000  0.00000  0.00000  0.00000
88.57000  8.69103 -12.00659 -0.40661  0.00000  0.10000  0.00000  0.00000  0.00000
88.58000  8.56317 -8.71772 -0.34203  0.00000  0.10000  0.00000  0.00000  0.00000
88.59000  8.54942 -8.45092 -0.92578  0.00000  0.10000  0.00000  0.00000  0.00000
88.60000  9.28956 -10.67270 -0.77799  0.00000  0.10000  0.00000  0.00000  0.00000
88.61000  9.56327 -9.66990 -0.73590  0.00000  0.10000  0.00000  0.00000  0.00000
88.62000  9.54085 -10.51403 -0.32941  0.00000  0.10000  0.00000  0.00000  0.00000
88.63000  9.42042 -10.70749 -0.01837  0.00000  0.10000  0.00000  0.00000  0.00000
88.64000  9.51892 -9.06242 -0.16331  0.00000  0.10000  0.00000  0.00000  0.00000
88.65000  9.63027 -7.56593 -0.64390  0.00000  0.10000  0.00000  0.00000  0.00000
88.66000  9.70631 -6.89698 -0.48826  0.00000  0.10000  0.00000  0.00000  0.00000
88.67000  9.74428 -9.64504 -0.12291  0.00000  0.10000  0.00000  0.00000  0.00000
88.68000  9.85999 -9.81464  0.11920  0.00000  0.10000  0.00000  0.00000  0.00000
88.69000  9.74227 -8.94916  0.40245  0.00000  0.10000  0.00000  0.00000  0.00000
88.70000  9.42384 -10.65819  0.49718  0.00000  0.10000  0.00000  0.00000  0.00000
88.71000  9.15454 -8.60905  0.25051  0.00000  0.10000  0.00000  0.00000  0.00000
88.72000  9.20540 -8.58104  0.30373  0.00000  0.10000  0.00000  0.00000  0.00000
88.73000  9.27036 -8.81733  0.13672  0.00000  0.10000  0.00000  0.00000  0.00000
88.74000  9.38378 -8.41151  0.30890  0.00000  0.10000  0.00000  0.00000  0.00000
88.75000  9.78403 -6.45849  0.06225  0.00000  0.10000  0.00000  0.00000  0.00000
88.76000  9.66031 -5.66735  0.32888  0.00000  0.10000  0.00000  0.00000  0.00000
88.77000  9.87381 -6.86902  0.35674  0.00000  0.10000  0.00000  0.00000  0.00000
88.78000  9.84747 -6.93708  0.60790  0.00000  0.10000  0.00000  0.00000  0.00000
88.79000  9.93406 -6.70917  0.32896  0.00000  0.10000  0.00000  0.00000  0.00000
88.80000  9.91140 -8.45064 -0.37351  0.00000  0.10000  0.00000  0.00000  0.00000
88.81000  9.76040 -9.58066 -0.06306  0.00000  0.10000  0.00000  0.00000  0.00000
88.82000  9.90821 -8.54682 -0.37585  0.00000  0.10000  0.00000  0.00000  0.00000
88.83000  9.83502 -10.00464 -0.37405  0.00000  0.10000  0.00000  0.00000  0.00000
88.84000  9.98868 -11.31597 -0.53138  0.00000  0.10000  0.00000  0.00000  0.00000
88.85000  10.21309 -9.44762 -0.64446  0.00000  0.10000  0.00000  0.00000  0.00000
88.86000  10.01530 -7.81168 -0.49482  0.00000  0.10000  0.00000  0.00000  0.00000
88.87000  9.54133 -9.06111 -0.38320  0.00000  0.10000  0.00000  0.00000  0.00000
88.88000  9.74536 -8.63061 -0.20768  0.00000  0.10000  0.00000  0.00000  0.00000
88.89000  9.88231 -10.52581 -0.18553  0.00000  0.10000  0.00000  0.00000  0.00000
88.90000  9.62967 -12.52989 -0.65067  0.00000  0.10000  0.00000  0.00000  0.00000
88.91000  9.73557 -11.78366 -0.11451  0.00000  0.10000  0.00000  0.00000  0.00000
88.92000  9.60901 -11.86626 -0.06339  0.00000  0.10000  0.00000  0.00000  0.00000
88.93000  9.77132 -9.48650 -0.15319  0.00000  0.10000  0.00000  0.00000  0.00000
88.94000  9.46052 -9.48604 -0.24764  0.00000  0.10000  0.00000  0.00000  0.00000
88.95000  9.41574 -9.69028 -0.14517  0.00000  0.10000  0.00000  0.00000  0.00000
88.96000  9.36532 -12.04353  0.13272  0.00000  0.10000  0.00000  0.00000  0.00000
88.97000  9.53617 -10.97047  0.17174  0.00000  0.10000  0.00000  0.00000  0.00000
88.98000  9.57530 -11.56970  0.35585  0.00000  0.10000  0.00000  0.00000  0.00000
88.99000  9.60594 -11.43914  0.78801  0.00000  0.10000  0.00000  0.00000  0.00000
89.00000  9.36315 -12.96038  0.50279  0.00000  0.10000  0.00000  0.00000  0.00000
89.01000  9.18650 -12.66017  0.58674  0.00000  0.10000  0.00000  0.00000  0.00000
89.02000  8.94620 -12.72233  0.69077  0.00000  0.10000  0.00000  0.00000  0.00000
89.03000  8.93139 -11.95073  0.99472  0.00000  0.10000  0.00000  0.00000  0.00000
89.04000  8.63725 -7.98412  0.87710  0.00000  0.10000  0.00000  0.00000  0.00000
89.05000  8.69383 -7.80036  1.10501  0.00000  0.10000  0.00000  0.00000  0.00000
89.06000  8.88692 -9.38746  0.90854  0.00000  0.10000  0.00000  0.00000  0.00000
89.07000  8.87818 -9.29457  0.97704  0.00000  0.10000  0.00000  0.00000  0.00000
89.08000  8.98550 -9.42424  0.92879  0.00000  0.10000  0.00000  0.00000  0.00000
89.09000  9.10717 -7.57451  0.38463  0.00000  0.10000  0.00000  0.00000  0.00000
89.10000  9.12139 -7.67134  0.41667  0.00000  0.10000  0.00000  0.00000  0.00000
89.11000  8.95430 -8.48646  0.48895  0.00000  0.10000  0.00000  0.00000  0.00000
89.12000  9.11151 -7.80248  0.94911  0.00000  0.10000  0.00000  0.00000  0.00000
89.13000  9.02812 -12.32993  1.25917  0.00000  0.10000  0.00000  0.00000  0.00000
89.14000  8.89125 -8.97761  1.23403  0.00000  0.10000  0.00000  0.00000  0.00000
89.15000  8.94975 -8.51671  1.26051  0.00000  0.10000  0.00000  0.00000  0.00000
89.16000  8.93525 -7.81473  0.89408  0.00000  0.10000  0.00000  0.00000  0.00000
89.17000  8.78916 -11.00630  1.20647  0.00000  0.10000  0.00000  0.00000  0.00000
89.18000  8.90862 -13.15328  1.12366  0.00000  0.10000  0.00000  0.00000  0.00000
89.19000  8.77270 -11.73060  0.59287  0.00000  0.10000  0.00000  0.00000  0.00000
89.20000  8.76810 -13.71315  0.57547  0.00000  0.10000  0.00000  0.00000  0.00000
89.21000  8.45239 -13.97177  0.74448  0.00000  0.10000  0.00000  0.00000  0.00000
89.22000  8.60441 -13.60476  0.75594  0.00000  0.10000  0.00000  0.00000  0.00000
89.23000  8.59662 -12.79212  0.93747  0.00000  0.10000  0.00000  0.00000  0.00000
89.24000  8.95586 -13.16790  0.91727  0.00000  0.10000  0.00000  0.00000  0.00000
89.25000  8.92603 -13.77531  0.66107  0.00000  0.10000  0.00000  0.00000  0.00000
89.26000  8.73044 -14.68185  0.48985  0.00000  0.10000  0.00000  0.00000  0.00000
89.27000  8.89612 -13.45923  0.47800  0.00000  0.10000  0.00000  0.00000  0.00000
89.28000  8.90236 -14.23689  0.03966  0.00000  0.10000  0.00000  0.00000  0.00000
89.29000  8.72738 -13.24433  0.16230  0.00000  0.10000  0.00000  0.00000  0.00000
89.30000  9.02360 -9.45919  0.41060  0.00000  0.10000  0.00000  0.00000  0.00000
89.31000  8.65730 -9.04714  0.42515  0.00000  0.10000  0.00000  0.00000  0.00000
89.32000  8.71863 -6.91466  0.45745  0.00000  0.10000  0.00000  0.00000  0.00000
89.33000  8.80446 -6.04072  0.75084  0.00000  0.10000  0.00000  0.00000  0.00000
89.34000  8.89684 -7.26912  1.21992  0.00000  0.10000  0.00000  0.00000  0.00000
89.35000  8.62852 -8.34495  1.03823  0.00000  0.10000  0.00000  0.00000  0.00000
89.36000  8.44170 -7.39606  0.79747  0.00000  0.10000  0.00000  0.00000  0.00000
89.37000  8.69634 -5.39158  1.07211  0.00000  0.10000  0.00000  0.00000  0.00000
89.38000  8.40644 -3.35947  0.89706  0.00000  0.10000  0.00000  0.00000  0.00000
89.39000  8.65275 -3.17846  1.00394  0.00000  0.10000  0.00000  0.00000  0.00000
89.40000  8.37176 -2.30772  0.93456  0.00000  0.10000  0.00000  0.00000  0.00000
89.41000  8.48000 -1.20232  0.52859  0.00000  0.10000  0.00000  0.00000  0.00000
89.42000  8.50279 -2.92659  0.98036  0.00000  0.10000  0.00000  0.00000  0.00000
89.43000  8.40328 -1.99911  1.29246  0.00000  0.10000  0.00000  0.00000  0.00000
89.44000  8.51134 -1.46861  1.39717  0.00000  0.10000  0.00000  0.00000  0.00000
89.45000  8.54140 -2.02784  1.46576  0.00000  0.10000  0.00000  0.00000  0.00000
89.46000  8.47570  0.27533  1.38568  0.00000  0.10000  0.00000  0.00000  0.00000
89.47000  7.97892 -0.88323  1.36845  0.00000  0.10000  0.00000  0.00000  0.00000
89.48000  8.34595  2.39204  1.66530  0.00000  0.10000  0.00000  0.00000  0.00000
89.49000  8.13360  1.59812  1.58545  0.00000  0.10000  0.00000  0.00000  0.00000
89.50000  8.38345  3.35589  1.79075  0.00000  0.10000  0.00000  0.00000  0.00000
89.51000  8.25808  2.79453  1.66291  0.00000  0.10000  0.00000  0.00000  0.00000
89.52000  8.59542  5.35376  1.57978  0.00000  0.10000  0.00000  0.00000  0.00000
89.53000  8.51595  5.04449  1.37987  0.00000  0.10000  0.00000  0.00000  0.00000
89.54000  8.65678  2.04533  1.67713  0.00000  0.10000  0.00000  0.00000  0.00000
89.55000  8.33351  2.66948  1.71476  0.00000  0.10000  0.00000  0.00000  0.00000
89.56000  8.44043  2.49704  1.72503  0.00000  0.10000  0.00000  0.00000  0.00000
89.57000  8.14479  5.30001  1.08645  0.00000  0.10000  0.00000  0.00000  0.00000
89.58000  8.41825  5.30989  1.11627  0.00000  0.10000  0.00000  0.00000  0.00000
89.59000  8.57270  6.80887  0.77149  0.00000  0.10000  0.00000  0.00000  0.00000
89.60000  8.51115  4.06785  1.46219  0.00000  0.10000  0.00000  0.00000  0.00000
89.61000  8.99387  1.16457  1.58651  0.00000  0.10000  0.00000  0.00000  0.00000
89.62000  8.44384 -0.22676  1.35608  0.00000  0.10000  0.00000  0.00000  0.00000
89.63000  8.61320  0.41083  0.91735  0.00000  0.10000  0.00000  0.00000  0.00000
89.64000  8.76861  0.40634  1.72826  0.00000  0.10000  0.00000  0.00000  0.00000
89.65000  8.91987 -1.34211  1.64789  0.00000  0.10000  0.00000  0.00000  0.00000
89.66000  8.87851 -1.55989  1.85127  0.00000  0.10000  0.00000  0.00000  0.00000
89.67000  8.57821 -3.40581  1.64894  0.00000  0.10000  0.00000  0.00000  0.00000
89.68000  8.38975 -3.43827  1.28646  0.00000  0.10000  0.00000  0.00000  0.00000
89.69000  8.76445 -2.48718  1.30523  0.00000  0.10000  0.00000  0.00000  0.00000
89.70000  9.14130 -2.93390  1.59407  0.00000  0.10000  0.00000  0.00000  0.00000
89.71000  9.04645 -2.84209  1.83039  0.00000  0.10000  0.00000  0.00000  0.00000
89.72000  8.79765 -2.43931  1.93472  0.00000  0.10000  0.00000  0.00000  0.00000
89.73000  8.66323 -2.06448  1.90813  0.00000  0.10000  0.00000  0.00000  0.00000
89.74000  8.47716 -4.49196  1.87308  0.00000  0.10000  0.00000  0.00000  0.00000
89.75000  8.43043 -7.48899  1.85094  0.00000  0.10000  0.00000  0.00000  0.00000
89.76000  8.17828 -6.89789  1.90231  0.00000  0.10000  0.00000  0.00000  0.00000
89.77000  8.29588 -5.36514  2.03584  0.00000  0.10000  0.00000  0.00000  0.00000
89.78000  8.44120 -10.67298  1.74066  0.00000  0.10000  0.00000  0.00000  0.00000
89.79000  8.56301 -7.46526  2.14810  0.00000  0.10000  0.00000  0.00000  0.00000
89.80000  7.94862 -4.23024  2.15742  0.00000  0.10000  0.00000  0.00000  0.00000
89.81000  7.85155 -3.51810  1.67187  0.00000  0.10000  0.00000  0.00000  0.00000
89.82000  7.88094 -3.84755  2.14490  0.00000  0.10000  0.00000  0.00000  0.00000
89.83000  7.81653 -4.79505  2.23796  0.00000  0.10000  0.00000  0.00000  0.00000
89.84000  7.93216 -4.38358  2.49347  0.00000  0.10000  0.00000  0.00000  0.00000
89.85000  7.94472 -2.65643  2.36224  0.00000  0.10000  0.00000  0.00000  0.00000
89.86000  8.15117 -3.21243  2.24851  0.00000  0.10000  0.00000  0.00000  0.00000
89.87000  8.25070 -7.18466  2.14670  0.00000  0.10000  0.00000  0.00000  0.00000
89.88000  7.92721 -7.97766  2.14673  0.00000  0.10000  0.00000  0.00000  0.00000
89.89000  8.18731 -5.44984  1.57453  0.00000  0.10000  0.00000  0.00000  0.00000
89.90000  8.13337 -7.56503  1.47314  0.00000  0.10000  0.00000  0.00000  0.00000
89.91000  7.53560 -8.28227  1.50901  0.00000  0.10000  0.00000  0.00000  0.00000
89.92000  7.83342 -7.68865  1.76363  0.00000  0.10000  0.00000  0.00000  0.00000
89.93000  7.82722 -8.33479  1.56435  0.00000  0.10000  0.00000  0.00000  0.00000
89.94000  7.98363 -9.45449  1.76070  0.00000  0.10000  0.00000  0.00000  0.00000
89.95000  8.42944 -10.19859  1.78541  0.00000  0.10000  0.00000  0.00000  0.00000
89.96000  8.21184 -7.94455  1.31975  0.00000  0.10000  0.00000  0.00000  0.00000
89.97000  8.01233 -8.29784  1.63869  0.00000  0.10000  0.00000  0.00000  0.00000
89.98000  7.91009 -4.96246  1.71125  0.00000  0.10000  0.00000  0.00000  0.00000
89.99000  7.80681 -4.44840  1.74338  0.00000  0.10000  0.00000  0.00000  0.00000
90.00000  8.18718 -1.95178  2.19526  0.00000  0.10000  0.00000  0.00000  0.00000
90.01000  8.17004 -3.31960  2.19576  0.00000  0.10000  0.00000  0.00000  0.00000
90.02000  7.92041 -3.69514  1.88238  0.00000  0.10000  0.00000  0.00000  0.00000
90.03000  8.13541 -2.96989  1.66573  0.00000  0.10000  0.00000  0.00000  0.00000
90.04000  7.90289 -1.49482  1.82364  0.00000  0.10000  0.00000  0.00000  0.00000
90.05000  8.04298 -1.92859  1.87155  0.00000  0.10000  0.00000  0.00000  0.00000
90.06000  7.94196  1.73469  1.96288  0.00000  0.10000  0.00000  0.00000  0.00000
90.07000  8.00419  0.78265  1.81006  0.00000  0.10000  0.00000  0.00000  0.00000
90.08000  8.72430 -1.37960  1.89849  0.00000  0.10000  0.00000  0.00000  0.00000
90.09000  8.82347  1.16486  1.96802  0.00000  0.10000  0.00000  0.00000  0.00000
90.10000  8.84269  2.15761  1.86760  0.00000  0.10000  0.00000  0.00000  0.00000
90.11000  8.31656 -0.77198  1.48358  0.00000  0.10000  0.00000  0.00000  0.00000
90.12000  8.13854 -3.84251  1.58563  0.00000  0.10000  0.00000  0.00000  0.00000
90.13000  8.36459 -1.86312  2.11298  0.00000  0.10000  0.00000  0.00000  0.00000
90.14000  8.04181 -0.08881  1.69513  0.00000  0.10000  0.00000  0.00000  0.00000
90.15000  8.09920  0.60709  2.07284  0.00000  0.10000  0.00000  0.00000  0.00000
90.16000  7.67302  0.27445  2.00399  0.00000  0.10000  0.00000  0.00000  0.00000
90.17000  7.47698  3.07046  1.85755  0.00000  0.10000  0.00000  0.00000  0.00000
90.18000  7.90646 -0.92301  1.72995  0.00000  0.10000  0.00000  0.00000  0.00000
90.19000  7.72764 -0.32978  1.99836  0.00000  0.10000  0.00000  0.00000  0.00000
90.20000  8.08428 -2.27161  1.79234  0.00000  0.10000  0.00000  0.00000  0.00000
90.21000  7.89451 -1.17594  1.95757  0.00000  0.10000  0.00000  0.00000  0.00000
90.22000  7.91149 -2.66204  2.10306  0.00000  0.10000  0.00000  0.00000  0.00000
90.23000  8.05491 -4.13770  1.93138  0.00000  0.10000  0.00000  0.00000  0.00000
90.24000  7.96742 -1.86233  1.95941  0.00000  0.10000  0.00000  0.00000  0.00000
90.25000  8.08188 -4.59316  1.97872  0.00000  0.10000  0.00000  0.00000  0.00000
90.26000  7.81484 -6.75974  1.96818  0.00000  0.10000  0.00000  0.00000  0.00000
90.27000  7.94092 -3.28530  2.10106  0.00000  0.10000  0.00000  0.00000  0.00000
90.28000  8.16951 -4.74787  1.73370  0.00000  0.10000  0.00000  0.00000  0.00000
90.29000  8.14567 -5.90595  1.91381  0.00000  0.10000  0.00000  0.00000  0.00000
90.30000  8.33909 -5.69337  2.01522  0.00000  0.10000  0.00000  0.00000  0.00000
90.31000  8.22183 -5.54368  1.93146  0.00000  0.10000  0.00000  0.00000  0.00000
90.32000  7.99478 -5.95875  1.90454  0.00000  0.10000  0.00000  0.00000  0.00000
90.33000  8.36148 -6.59303  1.93500  0.00000  0.10000  0.00000  0.00000  0.00000
90.34000  8.39713 -6.68689  2.03131  0.00000  0.10000  0.00000  0.00000  0.00000
90.35000  8.54364 -7.82613  1.96620  0.00000  0.10000  0.00000  0.00000  0.00000
90.36000  8.19542 -8.76393  1.96122  0.00000  0.10000  0.00000  0.00000  0.00000
90.37000  8.44146 -8.98932  2.00636  0.00000  0.10000  0.00000  0.00000  0.00000
90.38000  8.15725 -7.63045  1.61731  0.00000  0.10000  0.00000  0.00000  0.00000
90.39000  8.20231 -6.38601  2.06737  0.00000  0.10000  0.00000  0.00000  0.00000
90.40000  8.29802 -7.89476  1.99334  0.00000  0.10000  0.00000  0.00000  0.00000
90.41000  8.46290 -10.50037  2.02515  0.00000  0.10000  0.00000  0.00000  0.00000
90.42000  8.55779 -12.41956  1.93245  0.00000  0.10000  0.00000  0.00000  0.00000
90.43000  8.60823 -13.67373  1.93701  0.00000  0.10000  0.00000  0.00000  0.00000
90.44000  8.54565 -14.24310  1.68149  0.00000  0.10000  0.00000  0.00000  0.00000
90.45000  8.72468 -15.61179  1.60430  0.00000  0.10000  0.00000  0.00000  0.00000
90.46000  8.59187 -15.42823  1.50960  0.00000  0.10000  0.00000  0.00000  0.00000
90.47000  8.64255 -14.28868  1.44998  0.00000  0.10000  0.00000  0.00000  0.00000
90.48000  8.26298 -13.88217  1.58587  0.00000  0.10000  0.00000  0.00000  0.00000
90.49000  8.17715 -14.28410  1.78707  0.00000  0.10000  0.00000  0.00000  0.00000
90.50000  8.15168 -13.50858  1.99105  0.00000  0.10000  0.00000  0.00000  0.00000
90.51000  8.04312 -16.68510  2.02004  0.00000  0.10000  0.00000  0.00000  0.00000
90.52000  8.08412 -14.44088  2.08845  0.00000  0.10000  0.00000  0.00000  0.00000
90.53000  8.30784 -14.10787  2.16292  0.00000  0.10000  0.00000  0.00000  0.00000
90.54000  8.16021 -12.40598  2.63137  0.00000  0.10000  0.00000  0.00000  0.00000
90.55000  7.67181 -12.75691  2.65830  0.00000  0.10000  0.00000  0.00000  0.00000
90.56000  7.84179 -11.62735  1.96562  0.00000  0.10000  0.00000  0.00000  0.00000
90.57000  7.64245 -12.24119  1.93134  0.00000  0.10000  0.00000  0.00000  0.00000
90.58000  7.59053 -10.15801  2.30403  0.00000  0.10000  0.00000  0.00000  0.00000
90.59000  7.24145 -8.86295  2.14814  0.00000  0.10000  0.00000  0.00000  0.00000
90.60000  7.81641 -13.19423  2.06809  0.00000  0.10000  0.00000  0.00000  0.00000
90.61000  7.66737 -12.28318  2.24303  0.00000  0.10000  0.00000  0.00000  0.00000
90.62000  7.54377 -13.96304  1.94351  0.00000  0.10000  0.00000  0.00000  0.00000
90.63000  7.50643 -10.13394  1.79962  0.00000  0.10000  0.00000  0.00000  0.00000
90.64000  7.45173 -11.12512  2.27564  0.00000  0.10000  0.00000  0.00000  0.00000
90.65000  7.26181 -11.35926  1.83520  0.00000  0.10000  0.00000  0.00000  0.00000
90.66000  7.36186 -9.71837  1.58177  0.00000  0.10000  0.00000  0.00000  0.00000
90.67000  7.70581 -10.37000  1.53582  0.00000  0.10000  0.00000  0.00000  0.00000
90.68000  7.76955 -11.91909  2.03981  0.00000  0.10000  0.00000  0.00000  0.00000
90.69000  7.89542 -11.63537  1.80498  0.00000  0.10000  0.00000  0.00000  0.00000
90.70000  7.77227 -9.30885  1.85972  0.00000  0.10000  0.00000  0.00000  0.00000
90.71000  7.65095 -12.28305  1.70137  0.00000  0.10000  0.00000  0.00000  0.00000
90.72000  8.08356 -13.63102  1.86840  0.00000  0.10000  0.00000  0.00000  0.00000
90.73000  7.89686 -12.05884  2.10494  0.00000  0.10000  0.00000  0.00000  0.00000
90.74000  7.92366 -11.00377  2.05565  0.00000  0.10000  0.00000  0.00000  0.00000
90.75000  7.70130 -5.91398  2.49699  0.00000  0.10000  0.00000  0.00000  0.00000
90.76000  7.51231 -8.40462  2.48934  0.00000  0.10000  0.00000  0.00000  0.00000
90.77000  7.49843 -6.18302  1.86778  0.00000  0.10000  0.00000  0.00000  0.00000
90.78000  7.47494 -5.25842  1.57292  0.00000  0.10000  0.00000  0.00000  0.00000
90.79000  7.41378 -9.36243  1.46241  0.00000  0.10000  0.00000  0.00000  0.00000
90.80000  7.92390 -7.75466  1.28166  0.00000  0.10000  0.00000  0.00000  0.00000
90.81000  7.79254 -6.28631  1.63298  0.00000  0.10000  0.00000  0.00000  0.00000
90.82000  7.68205 -3.89110  1.57519  0.00000  0.10000  0.00000  0.00000  0.00000
90.83000  7.74759 -5.23029  1.57624  0.00000  0.10000  0.00000  0.00000  0.00000
90.84000  7.24147 -7.62492  2.33660  0.00000  0.10000  0.00000  0.00000  0.00000
90.85000  7.21725 -10.46177  1.83710  0.00000  0.10000  0.00000  0.00000  0.00000
90.86000  7.41481 -10.12197  1.60155  0.00000  0.10000  0.00000  0.00000  0.00000
90.87000  7.38382 -11.98126  2.20086  0.00000  0.10000  0.00000  0.00000  0.00000
90.88000  7.11449 -8.74796  1.87208  0.00000  0.10000  0.00000  0.00000  0.00000
90.89000  7.62083 -9.18100  1.35226  0.00000  0.10000  0.00000  0.00000  0.00000
90.90000  7.41704 -10.81491  1.37735  0.00000  0.10000  0.00000  0.00000  0.00000
90.91000  7.22772 -10.78024  1.65533  0.00000  0.10000  0.00000  0.00000  0.00000
90.92000  6.84445 -7.94954  1.32362  0.00000  0.10000  0.00000  0.00000  0.00000
90.93000  6.89938 -11.03326  1.60319  0.00000  0.10000  0.00000  0.00000  0.00000
90.94000  7.12096 -12.23249  1.69540  0.00000  0.10000  0.00000  0.00000  0.00000
90.95000  7.10218 -11.61686  1.53637  0.00000  0.10000  0.00000  0.00000  0.00000
90.96000  7.35525 -9.38331  1.70484  0.00000  0.10000  0.00000  0.00000  0.00000
90.97000  7.35140 -8.39753  1.55135  0.00000  0.10000  0.00000  0.00000  0.00000
90.98000  7.14877 -8.48015  1.42520  0.00000  0.10000  0.00000  0.00000  0.00000
90.99000  7.32122 -8.21425  1.82905  0.00000  0.10000  0.00000  0.00000  0.00000
91.00000  7.41883 -7.27613  1.52969  0.00000  0.10000  0.00000  0.00000  0.00000
91.01000  7.56164 -6.76451  1.53509  0.00000  0.10000  0.00000  0.00000  0.00000
91.02000  7.52246 -5.60074  1.48451  0.00000  0.10000  0.00000  0.00000  0.00000
91.03000  7.49923 -9.53158  1.52629  0.00000  0.10000  0.00000  0.00000  0.00000
91.04000  7.60515 -8.85363  1.58609  0.00000  0.10000  0.00000  0.00000  0.00000
91.05000  8.10618 -10.57544  1.29503  0.00000  0.10000  0.00000  0.00000  0.00000
91.06000  8.08542 -9.79727  1.38407  0.00000  0.10000  0.00000  0.00000  0.00000
91.07000  8.44155 -5.48216  1.40140  0.00000  0.10000  0.00000  0.00000  0.00000
91.08000  8.73732 -5.36168  1.28259  0.00000  0.10000  0.00000  0.00000  0.00000
91.09000  8.83895 -4.10161  1.24180  0.00000  0.10000  0.00000  0.00000  0.00000
91.10000  8.70468 -4.88655  1.23167  0.00000  0.10000  0.00000  0.00000  0.00000
91.11000  8.78559 -4.44455  1.00930  0.00000  0.10000  0.00000  0.00000  0.00000
91.12000  8.85571 -6.65030  0.60714  0.00000  0.10000  0.00000  0.00000  0.00000
91.13000  8.70738 -7.18294  0.93828  0.00000  0.10000  0.00000  0.00000  0.00000
91.14000  8.34246 -7.20990  0.93813  0.00000  0.10000  0.00000  0.00000  0.00000
91.15000  8.60538 -5.47983  1.06671  0.00000  0.10000  0.00000  0.00000  0.00000
91.16000  8.47464 -4.25518  1.06913  0.00000  0.10000  0.00000  0.00000  0.00000
91.17000  8.60264 -6.98564  1.08718  0.00000  0.10000  0.00000  0.00000  0.00000
91.18000  8.53185 -6.59287  0.70943  0.00000  0.10000  0.00000  0.00000  0.00000
91.19000  8.28602 -5.43751  0.96719  0.00000  0.10000  0.00000  0.00000  0.00000
91.20000  7.95302 -7.28461  0.91971  0.00000  0.10000  0.00000  0.00000  0.00000
91.21000  7.92792 -5.92452  0.79906  0.00000  0.10000  0.00000  0.00000  0.00000
91.22000  7.95781 -4.37612  0.65680  0.00000  0.10000  0.00000  0.00000  0.00000
91.23000  7.73980 -5.29600  0.61473  0.00000  0.10000  0.00000  0.00000  0.00000
91.24000  7.54949 -4.38424  0.92789  0.00000  0.10000  0.00000  0.00000  0.00000
91.25000  7.65795 -2.37756  1.12833  0.00000  0.10000  0.00000  0.00000  0.00000
91.26000  7.74712 -3.36181  0.90764  0.00000  0.10000  0.00000  0.00000  0.00000
91.27000  7.54894 -4.39608  1.42783  0.00000  0.10000  0.00000  0.00000  0.00000
91.28000  7.85054 -4.68218  1.53022  0.00000  0.10000  0.00000  0.00000  0.00000
91.29000  7.82559 -3.29718  1.80215  0.00000  0.10000  0.00000  0.00000  0.00000
91.30000  7.78332 -1.31303  1.14618  0.00000  0.10000  0.00000  0.00000  0.00000
91.31000  7.75820 -5.31941  1.32225  0.00000  0.10000  0.00000  0.00000  0.00000
91.32000  7.85300 -5.73301  1.24459  0.00000  0.10000  0.00000  0.00000  0.00000
91.33000  8.00951 -5.95961  1.23162  0.00000  0.10000  0.00000  0.00000  0.00000
91.34000  7.84578 -7.09649  0.76866  0.00000  0.10000  0.00000  0.00000  0.00000
91.35000  7.98899 -10.65605  0.26252  0.00000  0.10000  0.00000  0.00000  0.00000
91.36000  7.92447 -10.99772  0.17778  0.00000  0.10000  0.00000  0.00000  0.00000
91.37000  8.15982 -11.21900  0.36082  0.00000  0.10000  0.00000  0.00000  0.00000
91.38000  8.02734 -10.76982  0.32104  0.00000  0.10000  0.00000  0.00000  0.00000
91.39000  7.94082 -12.20746  0.28671  0.00000  0.10000  0.00000  0.00000  0.00000
91.40000  7.72056 -11.96744  0.38132  0.00000  0.10000  0.00000  0.00000  0.00000
91.41000  7.86806 -13.45293  0.38124  0.00000  0.10000  0.00000  0.00000  0.00000
91.42000  7.85851 -8.85273  0.19808  0.00000  0.10000  0.00000  0.00000  0.00000
91.43000  7.91424 -8.59404  0.48550  0.00000  0.10000  0.00000  0.00000  0.00000
91.44000  7.64523 -6.94662  0.36852  0.00000  0.10000  0.00000  0.00000  0.00000
91.45000  7.66488 -8.97568 -0.04725  0.00000  0.10000  0.00000  0.00000  0.00000
91.46000  7.76268 -7.05121 -0.17091  0.00000  0.10000  0.00000  0.00000  0.00000
91.47000  7.85680 -7.31825  0.13634  0.00000  0.10000  0.00000  0.00000  0.00000
91.48000  7.99652 -7.68225  0.32354  0.00000  0.10000  0.00000  0.00000  0.00000
91.49000  8.08001 -7.53429  0.35484  0.00000  0.10000  0.00000  0.00000  0.00000
91.50000  7.77495 -7.73237  0.30149  0.00000  0.10000  0.00000  0.00000  0.00000
91.51000  7.84648 -7.85024  0.41602  0.00000  0.10000  0.00000  0.00000  0.00000
91.52000  8.15419 -6.35343  0.27265  0.00000  0.10000  0.00000  0.00000  0.00000
91.53000  7.88272 -6.88998 -0.00263  0.00000  0.10000  0.00000  0.00000  0.00000
91.54000  8.24423 -7.24340  0.30762  0.00000  0.10000  0.00000  0.00000  0.00000
91.55000  8.13565 -8.73110  0.54811  0.00000  0.10000  0.00000  0.00000  0.00000
91.56000  8.39275 -9.20991  0.51633  0.00000  0.10000  0.00000  0.00000  0.00000
91.57000  8.39542 -8.38204  0.55880  0.00000  0.10000  0.00000  0.00000  0.00000
91.58000  8.21881 -8.92274  0.70628  0.00000  0.10000  0.00000  0.00000  0.00000
91.59000  8.15150 -9.59176  0.54751  0.00000  0.10000  0.00000  0.00000  0.00000
91.60000  8.24989 -8.94896  0.20368  0.00000  0.10000  0.00000  0.00000  0.00000
91.61000  7.97334 -9.62694  0.40580  0.00000  0.10000  0.00000  0.00000  0.00000
91.62000  7.73560 -13.47144  0.54220  0.00000  0.10000  0.00000  0.00000  0.00000
91.63000  7.96634 -13.53556  0.75059  0.00000  0.10000  0.00000  0.00000  0.00000
91.64000  7.84403 -11.08109  0.39233  0.00000  0.10000  0.00000  0.00000  0.00000
91.65000  7.98990 -8.85647  0.26920  0.00000  0.10000  0.00000  0.00000  0.00000
91.66000  7.83789 -8.31584  0.32778  0.00000  0.10000  0.00000  0.00000  0.00000
91.67000  7.82418 -8.32595  0.29164  0.00000  0.10000  0.00000  0.00000  0.00000
91.68000  7.72460 -7.15237  0.01376  0.00000  0.10000  0.00000  0.00000  0.00000
91.69000  7.40415 -6.67585  0.01958  0.00000  0.10000  0.00000  0.00000  0.00000
91.70000  7.62730 -2.78515 -0.20993  0.00000  0.10000  0.00000  0.00000  0.00000
91.71000  7.80256 -2.11416 -0.12021  0.00000  0.10000  0.00000  0.00000  0.00000
91.72000  7.80184 -2.22044  0.03834  0.00000  0.10000  0.00000  0.00000  0.00000
91.73000  7.87348 -2.73394  0.19981  0.00000  0.10000  0.00000  0.00000  0.00000
91.74000  7.50571 -4.96309  0.80524  0.00000  0.10000  0.00000  0.00000  0.00000
91.75000  7.88592 -5.64421  0.38763  0.00000  0.10000  0.00000  0.00000  0.00000
91.76000  7.80005 -3.32261  0.83660  0.00000  0.10000  0.00000  0.00000  0.00000
91.77000  7.74827 -3.39497  0.85757  0.00000  0.10000  0.00000  0.00000  0.00000
91.78000  7.74363 -0.76922  0.88934  0.00000  0.10000  0.00000  0.00000  0.00000
91.79000  7.70611 -1.63890  0.87402  0.00000  0.10000  0.00000  0.00000  0.00000
91.80000  7.86286  1.36832  0.85686  0.00000  0.10000  0.00000  0.00000  0.00000
91.81000  7.89022  3.24218  1.23915  0.00000  0.10000  0.00000  0.00000  0.00000
91.82000  7.67390  2.06091  1.14524  0.00000  0.10000  0.00000  0.00000  0.00000
91.83000  7.70414  2.24764  1.32204  0.00000  0.10000  0.00000  0.00000  0.00000
91.84000  7.87206  1.17823  1.42177  0.00000  0.10000  0.00000  0.00000  0.00000
91.85000  7.61178  3.32777  1.40283  0.00000  0.10000  0.00000  0.00000  0.00000
91.86000  7.58748  1.87148  1.73082  0.00000  0.10000  0.00000  0.00000  0.00000
91.87000  7.25916  1.45434  1.39712  0.00000  0.10000  0.00000  0.00000  0.00000
91.88000  7.26642 -0.13431  1.45820  0.00000  0.10000  0.00000  0.00000  0.00000
91.89000  7.36857 -2.85254  1.16476  0.00000  0.10000  0.00000  0.00000  0.00000
91.90000  7.60288 -3.17865  0.97306  0.00000  0.10000  0.00000  0.00000  0.00000
91.91000  7.10525 -4.67709  1.08409  0.00000  0.10000  0.00000  0.00000  0.00000
91.92000  6.87365 -2.89745  1.17735  0.00000  0.10000  0.00000  0.00000  0.00000
91.93000  6.84327 -1.52678  0.98665  0.00000  0.10000  0.00000  0.00000  0.00000
91.94000  6.59467 -3.38260  0.81081  0.00000  0.10000  0.00000  0.00000  0.00000
91.95000  6.54019 -2.03828  0.61488  0.00000  0.10000  0.00000  0.00000  0.00000
91.96000  6.63429 -1.74515  0.56395  0.00000  0.10000  0.00000  0.00000  0.00000
91.97000  6.87826 -0.91432  0.04859  0.00000  0.10000  0.00000  0.00000  0.00000
91.98000  7.14643 -0.52332  0.06736  0.00000  0.10000  0.00000  0.00000  0.00000
91.99000  7.05388  1.57286  0.39328  0.00000  0.10000  0.00000  0.00000  0.00000
92.00000  7.08331 -1.80488  0.32587  0.00000  0.10000  0.00000  0.00000  0.00000
92.01000  6.68004 -4.73675  0.51259  0.00000  0.10000  0.00000  0.00000  0.00000
92.02000  6.48970 -5.49881  0.40212  0.00000  0.10000  0.00000  0.00000  0.00000
92.03000  6.42160 -1.47068  0.10918  0.00000  0.10000  0.00000  0.00000  0.00000
92.04000  6.38748 -3.14563  0.12564  0.00000  0.10000  0.00000  0.00000  0.00000
92.05000  6.43551 -5.29658  0.73741  0.00000  0.10000  0.00000  0.00000  0.00000
92.06000  6.60825 -1.60179  0.24829  0.00000  0.10000  0.00000  0.00000  0.00000
92.07000  6.20167 -5.08676 -0.01715  0.00000  0.10000  0.00000  0.00000  0.00000
92.08000  6.32583 -4.14576  0.21518  0.00000  0.10000  0.00000  0.00000  0.00000
92.09000  6.52260 -1.77460  0.33966  0.00000  0.10000  0.00000  0.00000  0.00000
92.10000  6.78929 -2.60584  0.54120  0.00000  0.10000  0.00000  0.00000  0.00000
92.11000  6.62671 -1.83537  0.53188  0.00000  0.10000  0.00000  0.00000  0.00000
92.12000  6.20479  1.06939  0.69019  0.00000  0.10000  0.00000  0.00000  0.00000
92.13000  6.32181  1.42047  0.67588  0.00000  0.10000  0.00000  0.00000  0.00000
92.14000  6.42765  2.32291  0.71626  0.00000  0.10000  0.00000  0.00000  0.00000
92.15000  6.18662 -0.47542  0.30217  0.00000  0.10000  0.00000  0.00000  0.00000
92.16000  6.17032 -0.20350 -0.06080  0.00000  0.10000  0.00000  0.00000  0.00000
92.17000  6.04402  1.13255  0.17506  0.00000  0.10000  0.00000  0.00000  0.00000
92.18000  6.31733  1.99066  0.11643  0.00000  0.10000  0.00000  0.00000  0.00000
92.19000  6.30901  1.57603  0.73907  0.00000  0.10000  0.00000  0.00000  0.00000
92.20000  6.25433 -0.78995  0.59354  0.00000  0.10000  0.00000  0.00000  0.00000
92.21000  6.28550 -0.82963  0.68584  0.00000  0.10000  0.00000  0.00000  0.00000
92.22000  6.35599  0.04194  0.52951  0.00000  0.10000  0.00000  0.00000  0.00000
92.23000  6.45910 -0.31036  0.30195  0.00000  0.10000  0.00000  0.00000  0.00000
92.24000  6.33025 -0.52520  0.58192  0.00000  0.10000  0.00000  0.00000  0.00000
92.25000  6.38868  0.90549  0.70613  0.00000  0.10000  0.00000  0.00000  0.00000
92.26000  6.43104 -2.72139  0.25737  0.00000  0.10000  0.00000  0.00000  0.00000
92.27000  6.23828 -3.66913  0.37077  0.00000  0.10000  0.00000  0.00000  0.00000
92.28000  6.26614 -3.10896  0.29085  0.00000  0.10000  0.00000  0.00000  0.00000
92.29000  6.45779 -3.79233  0.26258  0.00000  0.10000  0.00000  0.00000  0.00000
92.30000  6.68606 -0.23013  0.31917  0.00000  0.10000  0.00000  0.00000  0.00000
92.31000  6.63489  3.03779 -0.11340  0.00000  0.10000  0.00000  0.00000  0.00000
92.32000  6.70760  1.81514  0.02116  0.00000  0.10000  0.00000  0.00000  0.00000
92.33000  6.90335  0.20162  0.26638  0.00000  0.10000  0.00000  0.00000  0.00000
92.34000  6.93368 -2.62768  0.23050  0.00000  0.10000  0.00000  0.00000  0.00000
92.35000  7.02144 -3.25654  0.03063  0.00000  0.10000  0.00000  0.00000  0.00000
92.36000  7.15777 -6.08447 -0.12145  0.00000  0.10000  0.00000  0.00000  0.00000
92.37000  6.94981 -6.24978 -0.29025  0.00000  0.10000  0.00000  0.00000  0.00000
92.38000  6.60145 -6.64079 -0.21050  0.00000  0.10000  0.00000  0.00000  0.00000
92.39000  6.75485 -3.45071  0.11524  0.00000  0.10000  0.00000  0.00000  0.00000
92.40000  6.62430 -1.83166  0.24431  0.00000  0.10000  0.00000  0.00000  0.00000
92.41000  6.74664 -2.43420  0.84656  0.00000  0.10000  0.00000  0.00000  0.00000
92.42000  6.90850 -3.18735  0.53578  0.00000  0.10000  0.00000  0.00000  0.00000
92.43000  6.89402 -2.97939  0.52488  0.00000  0.10000  0.00000  0.00000  0.00000
92.44000  6.83010 -0.96616  0.27604  0.00000  0.10000  0.00000  0.00000  0.00000
92.45000  6.80338 -2.07481  0.61516  0.00000  0.10000  0.00000  0.00000  0.00000
92.46000  6.65897  2.21805  0.52823  0.00000  0.10000  0.00000  0.00000  0.00000
92.47000  6.76275  5.71413  0.20232  0.00000  0.10000  0.00000  0.00000  0.00000
92.48000  6.49271  1.68505  0.07471  0.00000  0.10000  0.00000  0.00000  0.00000
92.49000  6.74943  1.68708  0.20896  0.00000  0.10000  0.00000  0.00000  0.00000
92.50000  6.71635  0.58089  0.31009  0.00000  0.10000  0.00000  0.00000  0.00000
92.51000  6.26085  2.79758  0.42348  0.00000  0.10000  0.00000  0.00000  0.00000
92.52000  6.10030  5.33370  0.59669  0.00000  0.10000  0.00000  0.00000  0.00000
92.53000  6.13767  2.73933  0.48572  0.00000  0.10000  0.00000  0.00000  0.00000
92.54000  6.39776  1.84755  0.31777  0.00000  0.10000  0.00000  0.00000  0.00000
92.55000  6.40375  2.79376  0.22839  0.00000  0.10000  0.00000  0.00000  0.00000
92.56000  6.35412  0.42078  0.57144  0.00000  0.10000  0.00000  0.00000  0.00000
92.57000  6.46584  3.49036  0.40857  0.00000  0.10000  0.00000  0.00000  0.00000
92.58000  6.73833  2.71780  0.48793  0.00000  0.10000  0.00000  0.00000  0.00000
92.59000  6.72945  1.41919  1.21395  0.00000  0.10000  0.00000  0.00000  0.00000
92.60000  6.85111  3.69893  1.15621  0.00000  0.10000  0.00000  0.00000  0.00000
92.61000  6.74125  3.15666  0.70712  0.00000  0.10000  0.00000  0.00000  0.00000
92.62000  7.09479  2.31887  0.81053  0.00000  0.10000  0.00000  0.00000  0.00000
92.63000  6.88297  4.57201  0.58831  0.00000  0.10000  0.00000  0.00000  0.00000
92.64000  6.93336  2.87603  0.66916  0.00000  0.10000  0.00000  0.00000  0.00000
92.65000  7.10164  1.03400  0.88961  0.00000  0.10000  0.00000  0.00000  0.00000
92.66000  7.44156  2.98976  1.00002  0.00000  0.10000  0.00000  0.00000  0.00000
92.67000  7.31859  4.39490  1.26383  0.00000  0.10000  0.00000  0.00000  0.00000
92.68000  7.14528  3.65751  1.21831  0.00000  0.10000  0.00000  0.00000  0.00000
92.69000  7.24473 -2.07742  1.35420  0.00000  0.10000  0.00000  0.00000  0.00000
92.70000  7.19276  2.79013  1.36307  0.00000  0.10000  0.00000  0.00000  0.00000
92.71000  7.59117  1.93971  1.77932  0.00000  0.10000  0.00000  0.00000  0.00000
92.72000  7.39984  0.51472  1.20673  0.00000  0.10000  0.00000  0.00000  0.00000
92.73000  7.36867  2.75549  1.10229  0.00000  0.10000  0.00000  0.00000  0.00000
92.74000  6.99603  1.59253  0.98469  0.00000  0.10000  0.00000  0.00000  0.00000
92.75000  6.63370  5.54971  0.57892  0.00000  0.10000  0.00000  0.00000  0.00000
92.76000  6.69845  3.06191  0.54816  0.00000  0.10000  0.00000  0.00000  0.00000
92.77000  7.05875  1.62513  0.26059  0.00000  0.10000  0.00000  0.00000  0.00000
92.78000  6.90639  2.96222  0.13809  0.00000  0.10000  0.00000  0.00000  0.00000
92.79000  6.87658  0.51640  0.21064  0.00000  0.10000  0.00000  0.00000  0.00000
92.80000  6.83028 -0.99385  0.31388  0.00000  0.10000  0.00000  0.00000  0.00000
92.81000  6.48420 -1.32877  0.27118  0.00000  0.10000  0.00000  0.00000  0.00000
92.82000  6.87247  2.00478  0.21440  0.00000  0.10000  0.00000  0.00000  0.00000
92.83000  6.93417  3.15750  0.18700  0.00000  0.10000  0.00000  0.00000  0.00000
92.84000  7.00912  1.31900  0.30779  0.00000  0.10000  0.00000  0.00000  0.00000
92.85000  7.25660  0.35326  0.35355  0.00000  0.10000  0.00000  0.00000  0.00000
92.86000  7.17690 -0.96552  0.19908  0.00000  0.10000  0.00000  0.00000  0.00000
92.87000  6.89531 -1.02213  0.08770  0.00000  0.10000  0.00000  0.00000  0.00000
92.88000  6.62351 -2.08069 -0.19036  0.00000  0.10000  0.00000  0.00000  0.00000
92.89000  7.02564 -5.27819 -0.35607  0.00000  0.10000  0.00000  0.00000  0.00000
92.90000  6.62104 -5.18859 -0.16872  0.00000  0.10000  0.00000  0.00000  0.00000
92.91000  6.97789 -4.13192 -0.33469  0.00000  0.10000  0.00000  0.00000  0.00000
92.92000  7.20859 -3.95520 -0.25471  0.00000  0.10000  0.00000  0.00000  0.00000
92.93000  7.43351 -0.05140 -0.40096  0.00000  0.10000  0.00000  0.00000  0.00000
92.94000  7.72303  1.06943 -0.08161  0.00000  0.10000  0.00000  0.00000  0.00000
92.95000  7.71841  0.85294 -0.17684  0.00000  0.10000  0.00000  0.00000  0.00000
92.96000  7.46236  1.63665 -0.40359  0.00000  0.10000  0.00000  0.00000  0.00000
92.97000  7.53345  1.58025 -0.33033  0.00000  0.10000  0.00000  0.00000  0.00000
92.98000  7.65718  0.93542 -0.46881  0.00000  0.10000  0.00000  0.00000  0.00000
92.99000  7.73344  0.58791 -0.08158  0.00000  0.10000  0.00000  0.00000  0.00000
93.00000  7.50815  1.76837 -0.42477  0.00000  0.10000  0.00000  0.00000  0.00000
93.01000  7.24523  1.79929 -0.49972  0.00000  0.10000  0.00000  0.00000  0.00000
93.02000  7.38687  0.64188 -0.71489  0.00000  0.10000  0.00000  0.00000  0.00000
93.03000  7.67216 -0.48783 -0.80364  0.00000  0.10000  0.00000  0.00000  0.00000
93.04000  7.48673 -0.36701 -0.67638  0.00000  0.10000  0.00000  0.00000  0.00000
93.05000  7.47746 -2.00545 -0.56807  0.00000  0.10000  0.00000  0.00000  0.00000
93.06000  7.29926  0.67411 -0.28179  0.00000  0.10000  0.00000  0.00000  0.00000
93.07000  7.37435  1.02740  0.09529  0.00000  0.10000  0.00000  0.00000  0.00000
93.08000  7.48242 -1.25148  0.12519  0.00000  0.10000  0.00000  0.00000  0.00000
93.09000  7.58058 -1.21247  0.07447  0.00000  0.10000  0.00000  0.00000  0.00000
93.10000  7.11990  0.06587 -0.03422  0.00000  0.10000  0.00000  0.00000  0.00000
93.11000  7.21044 -1.27329 -0.01234  0.00000  0.10000  0.00000  0.00000  0.00000
93.12000  7.29107 -2.00628 -0.13052  0.00000  0.10000  0.00000  0.00000  0.00000
93.13000  7.08457 -4.39044 -0.40722  0.00000  0.10000  0.00000  0.00000  0.00000
93.14000  6.81247 -3.36096 -0.56999  0.00000  0.10000  0.00000  0.00000  0.00000
93.15000  6.88684 -6.21221 -0.35440  0.00000  0.10000  0.00000  0.00000  0.00000
93.16000  6.99287 -3.61002 -0.48615  0.00000  0.10000  0.00000  0.00000  0.00000
93.17000  6.85800 -4.49410 -0.22474  0.00000  0.10000  0.00000  0.00000  0.00000
93.18000  6.64437 -4.96145 -0.26331  0.00000  0.10000  0.00000  0.00000  0.00000
93.19000  6.62322 -8.50019 -0.31586  0.00000  0.10000  0.00000  0.00000  0.00000
93.20000  6.83554 -7.37982  0.10123  0.00000  0.10000  0.00000  0.00000  0.00000
93.21000  7.19331 -5.06692  0.22443  0.00000  0.10000  0.00000  0.00000  0.00000
93.22000  6.59994 -2.44523  0.27085  0.00000  0.10000  0.00000  0.00000  0.00000
93.23000  6.83896 -4.99555  0.16669  0.00000  0.10000  0.00000  0.00000  0.00000
93.24000  6.74231 -3.85017  0.05344  0.00000  0.10000  0.00000  0.00000  0.00000
93.25000  6.95481 -2.72813  0.40873  0.00000  0.10000  0.00000  0.00000  0.00000
93.26000  7.39366  2.55139  0.15126  0.00000  0.10000  0.00000  0.00000  0.00000
93.27000  6.86583 -2.31336  0.09126  0.00000  0.10000  0.00000  0.00000  0.00000
93.28000  7.01460 -1.11140  0.18487  0.00000  0.10000  0.00000  0.00000  0.00000
93.29000  6.94232 -0.44243  0.18131  0.00000  0.10000  0.00000  0.00000  0.00000
93.30000  6.92342  1.09297  0.25524  0.00000  0.10000  0.00000  0.00000  0.00000
93.31000  6.99220  0.76234 -0.20568  0.00000  0.10000  0.00000  0.00000  0.00000
93.32000  7.01148  0.34787  0.13691  0.00000  0.10000  0.00000  0.00000  0.00000
93.33000  7.28808  1.11487  0.14757  0.00000  0.10000  0.00000  0.00000  0.00000
93.34000  7.15595 -1.67332  0.02005  0.00000  0.10000  0.00000  0.00000  0.00000
93.35000  7.16696 -1.99585  0.15885  0.00000  0.10000  0.00000  0.00000  0.00000
93.36000  6.99587 -2.04402  0.11502  0.00000  0.10000  0.00000  0.00000  0.00000
93.37000  7.08763  0.82879  0.10382  0.00000  0.10000  0.00000  0.00000  0.00000
93.38000  7.38676  1.04747  0.45060  0.00000  0.10000  0.00000  0.00000  0.00000
93.39000  7.06692 -4.61087  0.17885  0.00000  0.10000  0.00000  0.00000  0.00000
93.40000  7.23428 -6.40742 -0.03287  0.00000  0.10000  0.00000  0.00000  0.00000
93.41000  7.26112 -6.54686  0.18756  0.00000  0.10000  0.00000  0.00000  0.00000
93.42000  7.23693 -7.48609 -0.01465  0.00000  0.10000  0.00000  0.00000  0.00000
93.43000  7.29377 -3.37829 -0.26453  0.00000  0.10000  0.00000  0.00000  0.00000
93.44000  7.14230 -0.62177 -0.69141  0.00000  0.10000  0.00000  0.00000  0.00000
93.45000  7.00332  0.92846 -0.75488  0.00000  0.10000  0.00000  0.00000  0.00000
93.46000  7.20100  0.32201 -0.15289  0.00000  0.10000  0.00000  0.00000  0.00000
93.47000  7.61239  2.16766  0.21743  0.00000  0.10000  0.00000  0.00000  0.00000
93.48000  7.36849  0.40987 -0.05372  0.00000  0.10000  0.00000  0.00000  0.00000
93.49000  7.32198  1.24760 -0.13940  0.00000  0.10000  0.00000  0.00000  0.00000
93.50000  7.20797  2.17119 -0.19573  0.00000  0.10000  0.00000  0.00000  0.00000
93.51000  7.22740  2.30096 -0.47887  0.00000  0.10000  0.00000  0.00000  0.00000
93.52000  7.14460  1.00139 -0.28661  0.00000  0.10000  0.00000  0.00000  0.00000
93.53000  7.12180  2.37897 -0.30846  0.00000  0.10000  0.00000  0.00000  0.00000
93.54000  7.32034  3.72627 -0.59060  0.00000  0.10000  0.00000  0.00000  0.00000
93.55000  7.32998  0.68351 -0.41481  0.00000  0.10000  0.00000  0.00000  0.00000
93.56000  7.42386  2.35064 -0.48774  0.00000  0.10000  0.00000  0.00000  0.00000
93.57000  7.25792  3.04848 -0.66415  0.00000  0.10000  0.00000  0.00000  0.00000
93.58000  7.10059  2.90952 -0.76029  0.00000  0.10000  0.00000  0.00000  0.00000
93.59000  7.02049  5.09996 -0.70960  0.00000  0.10000  0.00000  0.00000  0.00000
93.60000  7.05351  1.40906 -0.61179  0.00000  0.10000  0.00000  0.00000  0.00000
93.61000  7.03350  3.35849 -1.38927  0.00000  0.10000  0.00000  0.00000  0.00000
93.62000  6.69039  3.14246 -0.91077  0.00000  0.10000  0.00000  0.00000  0.00000
93.63000  6.66814  3.81949 -1.15378  0.00000  0.10000  0.00000  0.00000  0.00000
93.64000  6.73402  5.54458 -0.86199  0.00000  0.10000  0.00000  0.00000  0.00000
93.65000  6.62189  4.42082 -0.89567  0.00000  0.10000  0.00000  0.00000  0.00000
93.66000  6.82282  7.00404 -0.85960  0.00000  0.10000  0.00000  0.00000  0.00000
93.67000  6.85302  4.37979 -1.06475  0.00000  0.10000  0.00000  0.00000  0.00000
93.68000  7.10452  2.27058 -0.83218  0.00000  0.10000  0.00000  0.00000  0.00000
93.69000  7.01262  5.77501 -1.52620  0.00000  0.10000  0.00000  0.00000  0.00000
93.70000  7.14120  10.71094 -1.62452  0.00000  0.10000  0.00000  0.00000  0.00000
93.71000  7.29617  9.04286 -1.53313  0.00000  0.10000  0.00000  0.00000  0.00000
93.72000  7.12643  10.29820 -1.39968  0.00000  0.10000  0.00000  0.00000  0.00000
93.73000  7.18122  10.77821 -1.04636  0.00000  0.10000  0.00000  0.00000  0.00000
93.74000  7.29130  8.49428 -0.96576  0.00000  0.10000  0.00000  0.00000  0.00000
93.75000  7.25858  9.50043 -0.88712  0.00000  0.10000  0.00000  0.00000  0.00000
93.76000  7.52198  8.27963 -0.88007  0.00000  0.10000  0.00000  0.00000  0.00000
93.77000  7.75243  10.33501 -0.40519  0.00000  0.10000  0.00000  0.00000  0.00000
93.78000  7.29792  5.70042 -0.69116  0.00000  0.10000  0.00000  0.00000  0.00000
93.79000  7.08706  3.57171 -0.88083  0.00000  0.10000  0.00000  0.00000  0.00000
93.80000  7.14021 -2.43800 -0.76108  0.00000  0.10000  0.00000  0.00000  0.00000
93.81000  7.14580 -1.37427 -1.06967  0.00000  0.10000  0.00000  0.00000  0.00000
93.82000  7.41323  0.77419 -0.96796  0.00000  0.10000  0.00000  0.00000  0.00000
93.83000  7.32954  2.96908 -0.84839  0.00000  0.10000  0.00000  0.00000  0.00000
93.84000  7.21449  4.93766 -1.03994  0.00000  0.10000  0.00000  0.00000  0.00000
93.85000  6.84349  5.28613 -1.13430  0.00000  0.10000  0.00000  0.00000  0.00000
93.86000  6.71748  3.82480 -0.97549  0.00000  0.10000  0.00000  0.00000  0.00000
93.87000  6.72740  0.60137 -1.06554  0.00000  0.10000  0.00000  0.00000  0.00000
93.88000  6.91347  1.66520 -0.98768  0.00000  0.10000  0.00000  0.00000  0.00000
93.89000  6.76316  2.24987 -0.56174  0.00000  0.10000  0.00000  0.00000  0.00000
93.90000  6.97618  2.18397 -0.72179  0.00000  0.10000  0.00000  0.00000  0.00000
93.91000  6.95898  4.24710 -0.21277  0.00000  0.10000  0.00000  0.00000  0.00000
93.92000  7.14517  5.41938 -0.26425  0.00000  0.10000  0.00000  0.00000  0.00000
93.93000  6.91422  3.97000 -0.29218  0.00000  0.10000  0.00000  0.00000  0.00000
93.94000  6.61234  2.15227 -0.91132  0.00000  0.10000  0.00000  0.00000  0.00000
93.95000  6.66997  0.82913 -0.81820  0.00000  0.10000  0.00000  0.00000  0.00000
93.96000  6.59868  4.19414 -0.71591  0.00000  0.10000  0.00000  0.00000  0.00000
93.97000  6.69855  0.96565 -0.74669  0.00000  0.10000  0.00000  0.00000  0.00000
93.98000  6.78782  3.44647 -0.99523  0.00000  0.10000  0.00000  0.00000  0.00000
93.99000  6.97111 -0.02713 -1.26119  0.00000  0.10000  0.00000  0.00000  0.00000
94.00000  6.78704  0.13021 -1.30136  0.00000  0.10000  0.00000  0.00000  0.00000
94.01000  6.67406 -0.70001 -1.05147  0.00000  0.10000  0.00000  0.00000  0.00000
94.02000  6.79450 -2.83211 -0.76438  0.00000  0.10000  0.00000  0.00000  0.00000
94.03000  6.70371 -2.58670 -1.06080  0.00000  0.10000  0.00000  0.00000  0.00000
94.04000  6.75332 -1.01809 -0.54233  0.00000  0.10000  0.00000  0.00000  0.00000
94.05000  7.06641  0.12868 -0.63333  0.00000  0.10000  0.00000  0.00000  0.00000
94.06000  7.22255 -0.21422 -0.24809  0.00000  0.10000  0.00000  0.00000  0.00000
94.07000  7.12043 -1.69811 -0.88466  0.00000  0.10000  0.00000  0.00000  0.00000
94.08000  6.95259 -1.97825 -0.65336  0.00000  0.10000  0.00000  0.00000  0.00000
94.09000  6.97465  2.50424 -0.59249  0.00000  0.10000  0.00000  0.00000  0.00000
94.10000  6.90222  1.38270 -0.69517  0.00000  0.10000  0.00000  0.00000  0.00000
94.11000  6.84195  1.69846 -0.60911  0.00000  0.10000  0.00000  0.00000  0.00000
94.12000  6.93069  0.68296 -0.64299  0.00000  0.10000  0.00000  0.00000  0.00000
94.13000  6.74840 -0.32805 -0.70643  0.00000  0.10000  0.00000  0.00000  0.00000
94.14000  6.91263  0.59034 -0.03465  0.00000  0.10000  0.00000  0.00000  0.00000
94.15000  6.85421 -0.94191 -0.04037  0.00000  0.10000  0.00000  0.00000  0.00000
94.16000  6.91696 -3.83626 -0.26779  0.00000  0.10000  0.00000  0.00000  0.00000
94.17000  6.82024 -0.16426 -0.19386  0.00000  0.10000  0.00000  0.00000  0.00000
94.18000  6.85156  1.73315  0.03692  0.00000  0.10000  0.00000  0.00000  0.00000
94.19000  6.91197  0.04189 -0.09603  0.00000  0.10000  0.00000  0.00000  0.00000
94.20000  6.41625 -0.80444 -0.31719  0.00000  0.10000  0.00000  0.00000  0.00000
94.21000  6.79703  3.23087 -0.43183  0.00000  0.10000  0.00000  0.00000  0.00000
94.22000  6.51371  3.07818 -0.11412  0.00000  0.10000  0.00000  0.00000  0.00000
94.23000  6.92335  1.80320 -0.07653  0.00000  0.10000  0.00000  0.00000  0.00000
94.24000  6.85772  1.96688  0.04839  0.00000  0.10000  0.00000  0.00000  0.00000
94.25000  6.48880  1.39141 -0.03886  0.00000  0.10000  0.00000  0.00000  0.00000
94.26000  6.78000  1.71927  0.07236  0.00000  0.10000  0.00000  0.00000  0.00000
94.27000  7.03248  0.24413 -0.30016  0.00000  0.10000  0.00000  0.00000  0.00000
94.28000  7.14451 -2.24064 -0.47003  0.00000  0.10000  0.00000  0.00000  0.00000
94.29000  6.99975 -2.97828 -0.54919  0.00000  0.10000  0.00000  0.00000  0.00000
94.30000  7.43073 -5.43771 -0.33286  0.00000  0.10000  0.00000  0.00000  0.00000
94.31000  7.69404 -5.90662  0.51915  0.00000  0.10000  0.00000  0.00000  0.00000
94.32000  7.60871 -4.92642  0.72679  0.00000  0.10000  0.00000  0.00000  0.00000
94.33000  7.57684 -4.04376  0.75917  0.00000  0.10000  0.00000  0.00000  0.00000
94.34000  7.31630 -4.48338  0.67924  0.00000  0.10000  0.00000  0.00000  0.00000
94.35000  7.09203 -4.26320  0.54880  0.00000  0.10000  0.00000  0.00000  0.00000
94.36000  7.33582 -3.95430  0.54013  0.00000  0.10000  0.00000  0.00000  0.00000
94.37000  6.98615 -8.56458  0.54093  0.00000  0.10000  0.00000  0.00000  0.00000
94.38000  7.16274 -8.23889  0.72981  0.00000  0.10000  0.00000  0.00000  0.00000
94.39000  6.86963 -8.70367  0.57807  0.00000  0.10000  0.00000  0.00000  0.00000
94.40000  7.04792 -11.33080  0.55495  0.00000  0.10000  0.00000  0.00000  0.00000
94.41000  6.39168 -14.09625  0.94001  0.00000  0.10000  0.00000  0.00000  0.00000
94.42000  6.39238 -11.84863  1.36738  0.00000  0.10000  0.00000  0.00000  0.00000
94.43000  6.08802 -9.16058  1.51088  0.00000  0.10000  0.00000  0.00000  0.00000
94.44000  6.11839 -9.54099  1.14873  0.00000  0.10000  0.00000  0.00000  0.00000
94.45000  6.54305 -7.70128  0.81512  0.00000  0.10000  0.00000  0.00000  0.00000
94.46000  6.35593 -6.10486  0.71320  0.00000  0.10000  0.00000  0.00000  0.00000
94.47000  6.56511 -3.83942  0.94361  0.00000  0.10000  0.00000  0.00000  0.00000
94.48000  6.46156 -5.72714  0.55370  0.00000  0.10000  0.00000  0.00000  0.00000
94.49000  6.31172 -5.23396  0.29313  0.00000  0.10000  0.00000  0.00000  0.00000
94.50000  6.50534 -5.90340  0.82714  0.00000  0.10000  0.00000  0.00000  0.00000
94.51000  6.33310 -13.11003  1.01646  0.00000  0.10000  0.00000  0.00000  0.00000
94.52000  6.60612 -14.26970  0.97529  0.00000  0.10000  0.00000  0.00000  0.00000
94.53000  6.57286 -10.74996  0.86885  0.00000  0.10000  0.00000  0.00000  0.00000
94.54000  6.89880 -13.30750  1.00490  0.00000  0.10000  0.00000  0.00000  0.00000
94.55000  7.02851 -11.34321  0.49818  0.00000  0.10000  0.00000  0.00000  0.00000
94.56000  6.96301 -11.50928  0.34128  0.00000  0.10000  0.00000  0.00000  0.00000
94.57000  7.02776 -10.95759  0.01170  0.00000  0.10000  0.00000  0.00000  0.00000
94.58000  7.30429 -12.59399  0.12234  0.00000  0.10000  0.00000  0.00000  0.00000
94.59000  7.00740 -13.37861  0.18236  0.00000  0.10000  0.00000  0.00000  0.00000
94.60000  6.71492 -12.34084  0.42710  0.00000  0.10000  0.00000  0.00000  0.00000
94.61000  6.83899 -11.29655  0.50690  0.00000  0.10000  0.00000  0.00000  0.00000
94.62000  6.85004 -15.36328  0.63943  0.00000  0.10000  0.00000  0.00000  0.00000
94.63000  7.08111 -15.05208  0.47204  0.00000  0.10000  0.00000  0.00000  0.00000
94.64000  6.95786 -12.49472  0.62762  0.00000  0.10000  0.00000  0.00000  0.00000
94.65000  6.39943 -11.84769  0.62969  0.00000  0.10000  0.00000  0.00000  0.00000
94.66000  6.37104 -13.56536  0.56606  0.00000  0.10000  0.00000  0.00000  0.00000
94.67000  5.97319 -11.84433  0.45978  0.00000  0.10000  0.00000  0.00000  0.00000
94.68000  5.72731 -9.95128  0.03326  0.00000  0.10000  0.00000  0.00000  0.00000
94.69000  5.93276 -10.03898 -0.07836  0.00000  0.10000  0.00000  0.00000  0.00000
94.70000  6.06394 -7.45363  0.10052  0.00000  0.10000  0.00000  0.00000  0.00000
94.71000  5.98532 -11.62798 -0.71870  0.00000  0.10000  0.00000  0.00000  0.00000
94.72000  6.03655 -12.28265 -0.41858  0.00000  0.10000  0.00000  0.00000  0.00000
94.73000  6.08551 -9.86109 -0.67105  0.00000  0.10000  0.00000  0.00000  0.00000
94.74000  6.42040 -9.06829 -0.50576  0.00000  0.10000  0.00000  0.00000  0.00000
94.75000  6.34070 -7.24750 -0.78872  0.00000  0.10000  0.00000  0.00000  0.00000
94.76000  6.53739 -8.16146 -0.26948  0.00000  0.10000  0.00000  0.00000  0.00000
94.77000  6.42707 -5.33937 -0.40284  0.00000  0.10000  0.00000  0.00000  0.00000
94.78000  6.33931 -4.72546  0.05034  0.00000  0.10000  0.00000  0.00000  0.00000
94.79000  6.36642 -6.68485 -0.43352  0.00000  0.10000  0.00000  0.00000  0.00000
94.80000  6.84317 -6.81555 -0.48803  0.00000  0.10000  0.00000  0.00000  0.00000
94.81000  7.17984 -10.34121 -0.76251  0.00000  0.10000  0.00000  0.00000  0.00000
94.82000  6.72538 -5.17481 -0.62282  0.00000  0.10000  0.00000  0.00000  0.00000
94.83000  7.06310 -5.19676 -0.41579  0.00000  0.10000  0.00000  0.00000  0.00000
94.84000  6.98808 -4.10320 -0.51802  0.00000  0.10000  0.00000  0.00000  0.00000
94.85000  7.00705 -4.08355 -0.33494  0.00000  0.10000  0.00000  0.00000  0.00000
94.86000  7.00979 -2.76047 -0.40039  0.00000  0.10000  0.00000  0.00000  0.00000
94.87000  7.09523 -7.22531 -0.20161  0.00000  0.10000  0.00000  0.00000  0.00000
94.88000  7.08005 -12.03860  0.19136  0.00000  0.10000  0.00000  0.00000  0.00000
94.89000  6.93849 -10.53632  0.04292  0.00000  0.10000  0.00000  0.00000  0.00000
94.90000  6.83641 -9.38751  0.27810  0.00000  0.10000  0.00000  0.00000  0.00000
94.91000  6.80349 -9.94203  0.21855  0.00000  0.10000  0.00000  0.00000  0.00000
94.92000  6.72878 -9.90160  0.09261  0.00000  0.10000  0.00000  0.00000  0.00000
94.93000  6.79713 -5.11644  0.21173  0.00000  0.10000  0.00000  0.00000  0.00000
94.94000  6.84832 -5.59507  0.13593  0.00000  0.10000  0.00000  0.00000  0.00000
94.95000  6.76119 -5.54461  0.21241  0.00000  0.10000  0.00000  0.00000  0.00000
94.96000  6.88970 -6.20721 -0.04800  0.00000  0.10000  0.00000  0.00000  0.00000
94.97000  6.78462 -7.60489  0.08424  0.00000  0.10000  0.00000  0.00000  0.00000
94.98000  6.80971 -9.41984  0.25610  0.00000  0.10000  0.00000  0.00000  0.00000
94.99000  7.23800 -7.18980  0.14061  0.00000  0.10000  0.00000  0.00000  0.00000
95.00000  7.11862 -6.83817  0.24060  0.00000  0.10000  0.00000  0.00000  0.00000
95.01000  7.47510 -2.60019  0.11352  0.00000  0.10000  0.00000  0.00000  0.00000
95.02000  7.13974 -4.54730 -0.20607  0.00000  0.10000  0.00000  0.00000  0.00000
95.03000  7.29227 -3.57353  0.06709  0.00000  0.10000  0.00000  0.00000  0.00000
95.04000  7.26380 -6.77550  0.16318  0.00000  0.10000  0.00000  0.00000  0.00000
95.05000  7.27749 -2.82846  0.14045  0.00000  0.10000  0.00000  0.00000  0.00000
95.06000  7.17697 -3.83943  0.39678  0.00000  0.10000  0.00000  0.00000  0.00000
95.07000  7.10340 -0.55646  0.31078  0.00000  0.10000  0.00000  0.00000  0.00000
95.08000  7.60096 -0.33448  0.36727  0.00000  0.10000  0.00000  0.00000  0.00000
95.09000  8.04415  1.42645  0.43575  0.00000  0.10000  0.00000  0.00000  0.00000
95.10000  8.12576  2.11005  0.12514  0.00000  0.10000  0.00000  0.00000  0.00000
95.11000  8.22367  1.88077 -0.09452  0.00000  0.10000  0.00000  0.00000  0.00000
95.12000  8.58756 -0.11297  0.12057  0.00000  0.10000  0.00000  0.00000  0.00000
95.13000  8.65217 -1.65459 -0.28751  0.00000  0.10000  0.00000  0.00000  0.00000
95.14000  8.48875 -2.95958 -0.29481  0.00000  0.10000  0.00000  0.00000  0.00000
95.15000  8.67526 -0.37901 -0.47333  0.00000  0.10000  0.00000  0.00000  0.00000
95.16000  8.46382  0.20603 -0.53264  0.00000  0.10000  0.00000  0.00000  0.00000
95.17000  8.55215 -3.65842 -0.61125  0.00000  0.10000  0.00000  0.00000  0.00000
95.18000  8.31966 -6.18654 -0.09742  0.00000  0.10000  0.00000  0.00000  0.00000
95.19000  8.55601 -8.54813  0.19823  0.00000  0.10000  0.00000  0.00000  0.00000
95.20000  8.70511 -7.55968 -0.00883  0.00000  0.10000  0.00000  0.00000  0.00000
95.21000  8.87309 -8.64435 -0.26778  0.00000  0.10000  0.00000  0.00000  0.00000
95.22000  8.70626 -8.67451 -0.12432  0.00000  0.10000  0.00000  0.00000  0.00000
95.23000  8.70033 -7.36286 -0.07010  0.00000  0.10000  0.00000  0.00000  0.00000
95.24000  8.66121 -7.99762 -0.22376  0.00000  0.10000  0.00000  0.00000  0.00000
95.25000  8.45458 -9.23004 -0.01644  0.00000  0.10000  0.00000  0.00000  0.00000
95.26000  8.41918 -6.57580 -0.47931  0.00000  0.10000  0.00000  0.00000  0.00000
95.27000  8.47409 -7.63438 -0.12950  0.00000  0.10000  0.00000  0.00000  0.00000
95.28000  8.50561 -8.18066 -0.20092  0.00000  0.10000  0.00000  0.00000  0.00000
95.29000  8.41446 -6.15325 -0.02523  0.00000  0.10000  0.00000  0.00000  0.00000
95.30000  8.40074 -5.95664  0.70126  0.00000  0.10000  0.00000  0.00000  0.00000
95.31000  8.02368 -5.23753  0.20083  0.00000  0.10000  0.00000  0.00000  0.00000
95.32000  7.97871 -6.07387  0.60363  0.00000  0.10000  0.00000  0.00000  0.00000
95.33000  8.32435 -7.65164  0.60222  0.00000  0.10000  0.00000  0.00000  0.00000
95.34000  8.30294 -9.37018  0.52920  0.00000  0.10000  0.00000  0.00000  0.00000
95.35000  8.09669 -9.04981  0.78033  0.00000  0.10000  0.00000  0.00000  0.00000
95.36000  8.48337 -11.04039  0.89790  0.00000  0.10000  0.00000  0.00000  0.00000
95.37000  8.24055 -14.14015  0.80553  0.00000  0.10000  0.00000  0.00000  0.00000
95.38000  7.92457 -11.03616  0.83749  0.00000  0.10000  0.00000  0.00000  0.00000
95.39000  7.83040 -8.92119  0.96693  0.00000  0.10000  0.00000  0.00000  0.00000
95.40000  8.16252 -7.02573  0.85772  0.00000  0.10000  0.00000  0.00000  0.00000
95.41000  8.43097 -8.02788  0.90941  0.00000  0.10000  0.00000  0.00000  0.00000
95.42000  8.38414 -10.94127  1.28170  0.00000  0.10000  0.00000  0.00000  0.00000
95.43000  8.18178 -13.21615  1.35004  0.00000  0.10000  0.00000  0.00000  0.00000
95.44000  8.09461 -10.07012  1.58111  0.00000  0.10000  0.00000  0.00000  0.00000
95.45000  8.22408 -11.27389  1.38561  0.00000  0.10000  0.00000  0.00000  0.00000
95.46000  8.42923 -9.33743  1.40234  0.00000  0.10000  0.00000  0.00000  0.00000
95.47000  8.26782 -10.41718  1.83651  0.00000  0.10000  0.00000  0.00000  0.00000
95.48000  8.07724 -9.74664  1.52607  0.00000  0.10000  0.00000  0.00000  0.00000
95.49000  8.19950 -8.42054  1.16588  0.00000  0.10000  0.00000  0.00000  0.00000
95.50000  7.95850 -9.44129  1.54378  0.00000  0.10000  0.00000  0.00000  0.00000
95.51000  8.14036 -8.41082  1.52636  0.00000  0.10000  0.00000  0.00000  0.00000
95.52000  8.13392 -8.97530  1.14049  0.00000  0.10000  0.00000  0.00000  0.00000
95.53000  8.35083 -10.20135  0.92607  0.00000  0.10000  0.00000  0.00000  0.00000
95.54000  8.55758 -10.07774  0.98152  0.00000  0.10000  0.00000  0.00000  0.00000
95.55000  8.34928 -8.82505  1.16596  0.00000  0.10000  0.00000  0.00000  0.00000
95.56000  8.38235 -9.78374  1.21269  0.00000  0.10000  0.00000  0.00000  0.00000
95.57000  8.47476 -9.83998  0.95889  0.00000  0.10000  0.00000  0.00000  0.00000
95.58000  8.35567 -10.17677  1.01673  0.00000  0.10000  0.00000  0.00000  0.00000
95.59000  8.32232 -12.14511  1.16363  0.00000  0.10000  0.00000  0.00000  0.00000
95.60000  8.44207 -13.96313  0.69569  0.00000  0.10000  0.00000  0.00000  0.00000
95.61000  8.54424 -15.08384  0.91538  0.00000  0.10000  0.00000  0.00000  0.00000
95.62000  8.43324 -17.07895  0.82322  0.00000  0.10000  0.00000  0.00000  0.00000
95.63000  8.37230 -18.15014  0.73368  0.00000  0.10000  0.00000  0.00000  0.00000
95.64000  8.41927 -19.03048  0.78385  0.00000  0.10000  0.00000  0.00000  0.00000
95.65000  8.41174 -19.51731  1.04484  0.00000  0.10000  0.00000  0.00000  0.00000
95.66000  8.58605 -17.80704  1.17276  0.00000  0.10000  0.00000  0.00000  0.00000
95.67000  8.20449 -19.01096  0.76768  0.00000  0.10000  0.00000  0.00000  0.00000
95.68000  8.24436 -17.43149  0.67011  0.00000  0.10000  0.00000  0.00000  0.00000
95.69000  8.39387 -18.90059  0.31052  0.00000  0.10000  0.00000  0.00000  0.00000
95.70000  8.69422 -19.16861  0.40770  0.00000  0.10000  0.00000  0.00000  0.00000
95.71000  8.73611 -17.51751  0.23683  0.00000  0.10000  0.00000  0.00000  0.00000
95.72000  8.89836 -17.45335  0.06634  0.00000  0.10000  0.00000  0.00000  0.00000
95.73000  8.67547 -17.96671 -0.29755  0.00000  0.10000  0.00000  0.00000  0.00000
95.74000  8.83601 -16.32208  0.06125  0.00000  0.10000  0.00000  0.00000  0.00000
95.75000  8.85699 -16.47765  0.03352  0.00000  0.10000  0.00000  0.00000  0.00000
95.76000  8.80768 -17.17513 -0.36544  0.00000  0.10000  0.00000  0.00000  0.00000
95.77000  8.77832 -16.84896 -0.18422  0.00000  0.10000  0.00000  0.00000  0.00000
95.78000  8.64283 -16.18038  0.08395  0.00000  0.10000  0.00000  0.00000  0.00000
95.79000  8.46587 -15.12848 -0.09105  0.00000  0.10000  0.00000  0.00000  0.00000
95.80000  8.19123 -15.53813 -0.22977  0.00000  0.10000  0.00000  0.00000  0.00000
95.81000  8.09962 -16.66190 -0.27562  0.00000  0.10000  0.00000  0.00000  0.00000
95.82000  8.38708 -18.77185 -0.05504  0.00000  0.10000  0.00000  0.00000  0.00000
95.83000  8.29501 -19.26441  0.17593  0.00000  0.10000  0.00000  0.00000  0.00000
95.84000  8.44499 -17.82939  0.27585  0.00000  0.10000  0.00000  0.00000  0.00000
95.85000  8.34817 -17.46632  0.44869  0.00000  0.10000  0.00000  0.00000  0.00000
95.86000  8.62704 -18.29921  0.35303  0.00000  0.10000  0.00000  0.00000  0.00000
95.87000  8.32456 -18.62859  0.17119  0.00000  0.10000  0.00000  0.00000  0.00000
95.88000  8.54383 -15.11879  0.44571  0.00000  0.10000  0.00000  0.00000  0.00000
95.89000  8.40785 -15.95962  0.34750  0.00000  0.10000  0.00000  0.00000  0.00000
95.90000  8.33752 -18.93653  0.42229  0.00000  0.10000  0.00000  0.00000  0.00000
95.91000  8.52451 -17.60263  0.17947  0.00000  0.10000  0.00000  0.00000  0.00000
95.92000  8.27479 -17.46747 -0.06496  0.00000  0.10000  0.00000  0.00000  0.00000
95.93000  8.52967 -16.70525 -0.31236  0.00000  0.10000  0.00000  0.00000  0.00000
95.94000  8.51080 -15.65624 -0.08616  0.00000  0.10000  0.00000  0.00000  0.00000
95.95000  8.72088 -17.03735 -0.30613  0.00000  0.10000  0.00000  0.00000  0.00000
95.96000  8.32303 -16.84157 -0.21042  0.00000  0.10000  0.00000  0.00000  0.00000
95.97000  8.36886 -18.02355 -0.04926  0.00000  0.10000  0.00000  0.00000  0.00000
95.98000  8.42832 -15.82057 -0.04548  0.00000  0.10000  0.00000  0.00000  0.00000
95.99000  8.32520 -15.62240 -0.14867  0.00000  0.10000  0.00000  0.00000  0.00000
96.00000  8.27404 -15.31967 -0.24626  0.00000  0.10000  0.00000  0.00000  0.00000
96.01000  8.35614 -17.43325 -0.43752  0.00000  0.10000  0.00000  0.00000  0.00000
96.02000  8.11937 -14.32736 -0.56698  0.00000  0.10000  0.00000  0.00000  0.00000
96.03000  8.24967 -16.04179 -0.50328  0.00000  0.10000  0.00000  0.00000  0.00000
96.04000  8.42331 -15.67527 -0.45647  0.00000  0.10000  0.00000  0.00000  0.00000
96.05000  8.60497 -16.12152 -0.52423  0.00000  0.10000  0.00000  0.00000  0.00000
96.06000  8.25446 -12.83046 -0.56765  0.00000  0.10000  0.00000  0.00000  0.00000
96.07000  8.48697 -14.83129 -0.53330  0.00000  0.10000  0.00000  0.00000  0.00000
96.08000  8.69892 -14.85017 -0.36382  0.00000  0.10000  0.00000  0.00000  0.00000
96.09000  8.34991 -12.99904 -0.57044  0.00000  0.10000  0.00000  0.00000  0.00000
96.10000  8.46380 -13.52770 -0.51988  0.00000  0.10000  0.00000  0.00000  0.00000
96.11000  8.53298 -13.73863 -1.16428  0.00000  0.10000  0.00000  0.00000  0.00000
96.12000  8.62681 -15.06739 -1.01918  0.00000  0.10000  0.00000  0.00000  0.00000
96.13000  8.38878 -15.48774 -0.99857  0.00000  0.10000  0.00000  0.00000  0.00000
96.14000  8.51328 -13.49002 -1.01082  0.00000  0.10000  0.00000  0.00000  0.00000
96.15000  8.78198 -13.00646 -1.19474  0.00000  0.10000  0.00000  0.00000  0.00000
96.16000  8.55453 -14.46277 -0.75989  0.00000  0.10000  0.00000  0.00000  0.00000
96.17000  8.52045 -16.00107 -0.66287  0.00000  0.10000  0.00000  0.00000  0.00000
96.18000  8.20767 -14.54257 -0.45462  0.00000  0.10000  0.00000  0.00000  0.00000
96.19000  8.21334 -14.24629 -0.80519  0.00000  0.10000  0.00000  0.00000  0.00000
96.20000  8.37509 -14.50671 -0.84847  0.00000  0.10000  0.00000  0.00000  0.00000
96.21000  8.41463 -17.96109 -0.98089  0.00000  0.10000  0.00000  0.00000  0.00000
96.22000  8.50462 -15.98927 -0.83735  0.00000  0.10000  0.00000  0.00000  0.00000
96.23000  8.58900 -15.77701 -1.11250  0.00000  0.10000  0.00000  0.00000  0.00000
96.24000  8.52996 -16.02191 -1.27192  0.00000  0.10000  0.00000  0.00000  0.00000
96.25000  8.77222 -14.55767 -1.35351  0.00000  0.10000  0.00000  0.00000  0.00000
96.26000  8.67025 -16.26006 -1.51881  0.00000  0.10000  0.00000  0.00000  0.00000
96.27000  8.59723 -18.80125 -1.44414  0.00000  0.10000  0.00000  0.00000  0.00000
96.28000  8.75641 -20.38315 -1.18844  0.00000  0.10000  0.00000  0.00000  0.00000
96.29000  8.49227 -21.42533 -1.20663  0.00000  0.10000  0.00000  0.00000  0.00000
96.30000  8.62852 -18.69496 -1.16761  0.00000  0.10000  0.00000  0.00000  0.00000
96.31000  8.82666 -17.70039 -0.69660  0.00000  0.10000  0.00000  0.00000  0.00000
96.32000  8.72209 -17.68984 -0.46484  0.00000  0.10000  0.00000  0.00000  0.00000
96.33000  8.42345 -16.80587 -0.57519  0.00000  0.10000  0.00000  0.00000  0.00000
96.34000  7.93150 -15.67979 -0.71610  0.00000  0.10000  0.00000  0.00000  0.00000
96.35000  7.94292 -17.55403 -0.40480  0.00000  0.10000  0.00000  0.00000  0.00000
96.36000  8.14035 -20.12048 -0.43184  0.00000  0.10000  0.00000  0.00000  0.00000
96.37000  8.31975 -18.86765 -0.97196  0.00000  0.10000  0.00000  0.00000  0.00000
96.38000  8.25698 -19.21968 -0.96389  0.00000  0.10000  0.00000  0.00000  0.00000
96.39000  8.03736 -17.69748 -0.20329  0.00000  0.10000  0.00000  0.00000  0.00000
96.40000  8.29346 -18.89940 -0.47739  0.00000  0.10000  0.00000  0.00000  0.00000
96.41000  8.20951 -17.75242 -0.72966  0.00000  0.10000  0.00000  0.00000  0.00000
96.42000  7.96230 -20.44190 -0.84347  0.00000  0.10000  0.00000  0.00000  0.00000
96.43000  8.42883 -18.42956 -0.27057  0.00000  0.10000  0.00000  0.00000  0.00000
96.44000  8.40655 -17.57321 -0.41897  0.00000  0.10000  0.00000  0.00000  0.00000
96.45000  8.28445 -17.19397 -0.32093  0.00000  0.10000  0.00000  0.00000  0.00000
96.46000  8.49258 -17.85139  0.00719  0.00000  0.10000  0.00000  0.00000  0.00000
96.47000  8.72024 -16.59314 -0.05451  0.00000  0.10000  0.00000  0.00000  0.00000
96.48000  9.12111 -19.82991 -0.21016  0.00000  0.10000  0.00000  0.00000  0.00000
96.49000  9.02314 -15.70851 -0.11512  0.00000  0.10000  0.00000  0.00000  0.00000
96.50000  8.85358 -17.00536 -0.44048  0.00000  0.10000  0.00000  0.00000  0.00000
96.51000  8.92043 -18.40857 -0.43070  0.00000  0.10000  0.00000  0.00000  0.00000
96.52000  8.63964 -20.25887 -0.33258  0.00000  0.10000  0.00000  0.00000  0.00000
96.53000  8.77622 -19.13081 -0.39821  0.00000  0.10000  0.00000  0.00000  0.00000
96.54000  8.47969 -21.73668 -0.61915  0.00000  0.10000  0.00000  0.00000  0.00000
96.55000  8.56903 -19.57451 -0.84686  0.00000  0.10000  0.00000  0.00000  0.00000
96.56000  8.83726 -19.99363 -0.46154  0.00000  0.10000  0.00000  0.00000  0.00000
96.57000  8.57805 -19.70198 -0.51155  0.00000  0.10000  0.00000  0.00000  0.00000
96.58000  8.47205 -18.22009 -0.63542  0.00000  0.10000  0.00000  0.00000  0.00000
96.59000  8.23961 -17.34622 -0.56985  0.00000  0.10000  0.00000  0.00000  0.00000
96.60000  8.11159 -18.16186 -0.82893  0.00000  0.10000  0.00000  0.00000  0.00000
96.61000  8.02321 -16.56268 -0.77650  0.00000  0.10000  0.00000  0.00000  0.00000
96.62000  8.05354 -16.34089 -0.61237  0.00000  0.10000  0.00000  0.00000  0.00000
96.63000  8.32738 -15.08202 -0.42132  0.00000  0.10000  0.00000  0.00000  0.00000
96.64000  8.26184 -13.26091 -0.75121  0.00000  0.10000  0.00000  0.00000  0.00000
96.65000  7.86089 -12.18968 -0.66596  0.00000  0.10000  0.00000  0.00000  0.00000
96.66000  8.10550 -11.65857 -0.89913  0.00000  0.10000  0.00000  0.00000  0.00000
96.67000  7.97499 -12.34800 -0.96619  0.00000  0.10000  0.00000  0.00000  0.00000
96.68000  7.82341 -9.95525 -0.55629  0.00000  0.10000  0.00000  0.00000  0.00000
96.69000  8.08431 -11.80034 -0.26180  0.00000  0.10000  0.00000  0.00000  0.00000
96.70000  8.06549 -13.66465 -0.41329  0.00000  0.10000  0.00000  0.00000  0.00000
96.71000  7.57157 -14.14993 -0.52807  0.00000  0.10000  0.00000  0.00000  0.00000
96.72000  7.63552 -12.98864 -0.16089  0.00000  0.10000  0.00000  0.00000  0.00000
96.73000  7.54216 -13.42197 -0.46396  0.00000  0.10000  0.00000  0.00000  0.00000
96.74000  7.05197 -14.23669  0.10910  0.00000  0.10000  0.00000  0.00000  0.00000
96.75000  7.51697 -11.33011  0.07467  0.00000  0.10000  0.00000  0.00000  0.00000
96.76000  7.22032 -11.56222 -0.07601  0.00000  0.10000  0.00000  0.00000  0.00000
96.77000  7.30104 -11.50060 -0.13048  0.00000  0.10000  0.00000  0.00000  0.00000
96.78000  7.81231 -14.60919 -0.20639  0.00000  0.10000  0.00000  0.00000  0.00000
96.79000  7.90057 -14.29840 -0.31415  0.00000  0.10000  0.00000  0.00000  0.00000
96.80000  7.95356 -12.84592 -0.55860  0.00000  0.10000  0.00000  0.00000  0.00000
96.81000  7.95863 -13.91915 -0.72364  0.00000  0.10000  0.00000  0.00000  0.00000
96.82000  7.83433 -10.45915 -0.78591  0.00000  0.10000  0.00000  0.00000  0.00000
96.83000  8.01506 -11.54201 -0.41686  0.00000  0.10000  0.00000  0.00000  0.00000
96.84000  7.98537 -14.44870 -0.21719  0.00000  0.10000  0.00000  0.00000  0.00000
96.85000  7.67074 -14.16156 -0.22467  0.00000  0.10000  0.00000  0.00000  0.00000
96.86000  7.96315 -12.30783  0.21874  0.00000  0.10000  0.00000  0.00000  0.00000
96.87000  7.88220 -12.87706  0.63256  0.00000  0.10000  0.00000  0.00000  0.00000
96.88000  8.12285 -13.76578  0.58186  0.00000  0.10000  0.00000  0.00000  0.00000
96.89000  7.79305 -14.67131  0.59599  0.00000  0.10000  0.00000  0.00000  0.00000
96.90000  7.94899 -14.45654  0.72856  0.00000  0.10000  0.00000  0.00000  0.00000
96.91000  7.57656 -14.71222  0.38581  0.00000  0.10000  0.00000  0.00000  0.00000
96.92000  7.68033 -12.66470  0.10463  0.00000  0.10000  0.00000  0.00000  0.00000
96.93000  7.57052 -12.83208  0.19572  0.00000  0.10000  0.00000  0.00000  0.00000
96.94000  7.46312 -15.36905  0.70826  0.00000  0.10000  0.00000  0.00000  0.00000
96.95000  7.42861 -14.47896  0.46323  0.00000  0.10000  0.00000  0.00000  0.00000
96.96000  7.56787 -14.29289  0.87609  0.00000  0.10000  0.00000  0.00000  0.00000
96.97000  7.60215 -17.08872  0.80350  0.00000  0.10000  0.00000  0.00000  0.00000
96.98000  7.43392 -15.93657  0.48910  0.00000  0.10000  0.00000  0.00000  0.00000
96.99000  7.50978 -14.12632  0.55782  0.00000  0.10000  0.00000  0.00000  0.00000
97.00000  7.82042 -14.19895  0.78620  0.00000  0.10000  0.00000  0.00000  0.00000
97.01000  7.88060 -17.04171  0.52492  0.00000  0.10000  0.00000  0.00000  0.00000
97.02000  7.63859 -18.66907  0.11717  0.00000  0.10000  0.00000  0.00000  0.00000
97.03000  7.48435 -14.98394  0.49644  0.00000  0.10000  0.00000  0.00000  0.00000
97.04000  7.51946 -15.27235  0.42749  0.00000  0.10000  0.00000  0.00000  0.00000
97.05000  7.50045 -12.61162  0.38093  0.00000  0.10000  0.00000  0.00000  0.00000
97.06000  7.34867 -11.53048  0.32826  0.00000  0.10000  0.00000  0.00000  0.00000
97.07000  7.40886 -11.70175  0.66534  0.00000  0.10000  0.00000  0.00000  0.00000
97.08000  7.37803 -13.97378  0.13758  0.00000  0.10000  0.00000  0.00000  0.00000
97.09000  7.77722 -15.24338 -0.02317  0.00000  0.10000  0.00000  0.00000  0.00000
97.10000  7.41978 -17.22354 -0.32748  0.00000  0.10000  0.00000  0.00000  0.00000
97.11000  7.61767 -15.23914 -0.25994  0.00000  0.10000  0.00000  0.00000  0.00000
97.12000  7.59368 -14.28773 -0.35264  0.00000  0.10000  0.00000  0.00000  0.00000
97.13000  7.39706 -14.28316 -1.08382  0.00000  0.10000  0.00000  0.00000  0.00000
97.14000  7.57157 -16.02271 -1.15055  0.00000  0.10000  0.00000  0.00000  0.00000
97.15000  7.46693 -14.45753 -0.99922  0.00000  0.10000  0.00000  0.00000  0.00000
97.16000  7.23894 -17.00024 -1.06952  0.00000  0.10000  0.00000  0.00000  0.00000
97.17000  7.40101 -13.77968 -1.46303  0.00000  0.10000  0.00000  0.00000  0.00000
97.18000  7.77538 -15.02075 -1.46854  0.00000  0.10000  0.00000  0.00000  0.00000
97.19000  7.88898 -15.41181 -1.29808  0.00000  0.10000  0.00000  0.00000  0.00000
97.20000  7.59051 -11.38481 -1.43435  0.00000  0.10000  0.00000  0.00000  0.00000
97.21000  7.79442 -11.89921 -1.42014  0.00000  0.10000  0.00000  0.00000  0.00000
97.22000  7.81009 -11.93948 -1.73429  0.00000  0.10000  0.00000  0.00000  0.00000
97.23000  7.68496 -10.75893 -1.58323  0.00000  0.10000  0.00000  0.00000  0.00000
97.24000  7.96274 -13.82604 -1.09739  0.00000  0.10000  0.00000  0.00000  0.00000
97.25000  7.77014 -11.03258 -1.40257  0.00000  0.10000  0.00000  0.00000  0.00000
97.26000  8.44389 -11.60202 -1.28252  0.00000  0.10000  0.00000  0.00000  0.00000
97.27000  8.51430 -12.00176 -1.03026  0.00000  0.10000  0.00000  0.00000  0.00000
97.28000  8.57912 -11.14810 -0.41561  0.00000  0.10000  0.00000  0.00000  0.00000
97.29000  8.55504 -10.81218 -0.30640  0.00000  0.10000  0.00000  0.00000  0.00000
97.30000  8.49217 -7.45428 -0.54237  0.00000  0.10000  0.00000  0.00000  0.00000
97.31000  8.50874 -7.50278 -0.73337  0.00000  0.10000  0.00000  0.00000  0.00000
97.32000  8.86699 -6.96149 -0.69604  0.00000  0.10000  0.00000  0.00000  0.00000
97.33000  8.66021 -5.17744 -0.47722  0.00000  0.10000  0.00000  0.00000  0.00000
97.34000  8.74013 -7.82627 -0.25848  0.00000  0.10000  0.00000  0.00000  0.00000
97.35000  8.94497 -4.93851 -0.39148  0.00000  0.10000  0.00000  0.00000  0.00000
97.36000  9.01169 -5.21411 -0.26062  0.00000  0.10000  0.00000  0.00000  0.00000
97.37000  8.84999 -3.91320 -0.36070  0.00000  0.10000  0.00000  0.00000  0.00000
97.38000  8.53475 -2.49264  0.12546  0.00000  0.10000  0.00000  0.00000  0.00000
97.39000  8.78189 -4.79322  0.26137  0.00000  0.10000  0.00000  0.00000  0.00000
97.40000  9.25030 -3.20000  0.37109  0.00000  0.10000  0.00000  0.00000  0.00000
97.41000  9.36898 -4.12518  0.30695  0.00000  0.10000  0.00000  0.00000  0.00000
97.42000  9.32092 -5.93474 -0.19749  0.00000  0.10000  0.00000  0.00000  0.00000
97.43000  8.80302 -5.66284 -0.09934  0.00000  0.10000  0.00000  0.00000  0.00000
97.44000  8.98054 -5.23619  0.27206  0.00000  0.10000  0.00000  0.00000  0.00000
97.45000  8.86288 -3.42901  0.02054  0.00000  0.10000  0.00000  0.00000  0.00000
97.46000  8.54071 -5.92138  0.12981  0.00000  0.10000  0.00000  0.00000  0.00000
97.47000  8.51800 -6.09313  0.52637  0.00000  0.10000  0.00000  0.00000  0.00000
97.48000  8.78664 -8.02770  0.36070  0.00000  0.10000  0.00000  0.00000  0.00000
97.49000  8.59712 -7.72341 -0.01194  0.00000  0.10000  0.00000  0.00000  0.00000
97.50000  9.02862 -6.34718  0.29509  0.00000  0.10000  0.00000  0.00000  0.00000
97.51000  9.16813 -6.75681  0.03903  0.00000  0.10000  0.00000  0.00000  0.00000
97.52000  9.04891 -3.88526  0.12964  0.00000  0.10000  0.00000  0.00000  0.00000
97.53000  8.97953 -5.16754 -0.17449  0.00000  0.10000  0.00000  0.00000  0.00000
97.54000  8.95143 -8.61632 -0.24374  0.00000  0.10000  0.00000  0.00000  0.00000
97.55000  8.68763 -9.39868 -0.09518  0.00000  0.10000  0.00000  0.00000  0.00000
97.56000  8.54514 -8.55607 -0.01810  0.00000  0.10000  0.00000  0.00000  0.00000
97.57000  8.46812 -7.46264 -0.26490  0.00000  0.10000  0.00000  0.00000  0.00000
97.58000  8.83551 -9.30051  0.14521  0.00000  0.10000  0.00000  0.00000  0.00000
97.59000  8.73867 -11.03284 -0.18306  0.00000  0.10000  0.00000  0.00000  0.00000
97.60000  8.58214 -10.75910 -0.15663  0.00000  0.10000  0.00000  0.00000  0.00000
97.61000  8.78320 -9.87365 -0.40698  0.00000  0.10000  0.00000  0.00000  0.00000
97.62000  8.46944 -9.47621 -0.30839  0.00000  0.10000  0.00000  0.00000  0.00000
97.63000  8.46483 -9.07599 -0.12157  0.00000  0.10000  0.00000  0.00000  0.00000
97.64000  8.56837 -10.30651 -0.25037  0.00000  0.10000  0.00000  0.00000  0.00000
97.65000  8.81865 -7.39302 -0.14882  0.00000  0.10000  0.00000  0.00000  0.00000
97.66000  8.75169 -7.11688  0.00120  0.00000  0.10000  0.00000  0.00000  0.00000
97.67000  8.65358 -6.02841 -0.01442  0.00000  0.10000  0.00000  0.00000  0.00000
97.68000  8.63250 -6.64346 -0.13605  0.00000  0.10000  0.00000  0.00000  0.00000
97.69000  8.72637 -7.29932  0.02976  0.00000  0.10000  0.00000  0.00000  0.00000
97.70000  8.12770 -4.44374  0.20040  0.00000  0.10000  0.00000  0.00000  0.00000
97.71000  8.25109 -1.06622  0.24459  0.00000  0.10000  0.00000  0.00000  0.00000
97.72000  7.79883 -3.37246  0.68813  0.00000  0.10000  0.00000  0.00000  0.00000
97.73000  8.05200 -4.02267  0.63644  0.00000  0.10000  0.00000  0.00000  0.00000
97.74000  7.92183 -8.68287  0.15554  0.00000  0.10000  0.00000  0.00000  0.00000
97.75000  8.20970 -5.25040  0.62114  0.00000  0.10000  0.00000  0.00000  0.00000
97.76000  8.11079 -8.38931  0.79536  0.00000  0.10000  0.00000  0.00000  0.00000
97.77000  7.91627 -6.02375  1.14744  0.00000  0.10000  0.00000  0.00000  0.00000
97.78000  7.98966 -6.08274  0.60093  0.00000  0.10000  0.00000  0.00000  0.00000
97.79000  8.08522 -7.11006  0.49174  0.00000  0.10000  0.00000  0.00000  0.00000
97.80000  8.45076 -3.42342  0.97731  0.00000  0.10000  0.00000  0.00000  0.00000
97.81000  8.39058 -4.69062  0.65389  0.00000  0.10000  0.00000  0.00000  0.00000
97.82000  8.10403 -4.17815  0.53284  0.00000  0.10000  0.00000  0.00000  0.00000
97.83000  8.52453 -5.15193  0.41479  0.00000  0.10000  0.00000  0.00000  0.00000
97.84000  8.25608 -2.84525  0.57432  0.00000  0.10000  0.00000  0.00000  0.00000
97.85000  7.92334 -3.99368  0.76912  0.00000  0.10000  0.00000  0.00000  0.00000
97.86000  7.96950 -2.28439  0.43594  0.00000  0.10000  0.00000  0.00000  0.00000
97.87000  8.46623 -4.44236  0.33018  0.00000  0.10000  0.00000  0.00000  0.00000
97.88000  8.10982 -3.28666  0.47501  0.00000  0.10000  0.00000  0.00000  0.00000
97.89000  8.18485 -2.09664  0.61844  0.00000  0.10000  0.00000  0.00000  0.00000
97.90000  8.01395 -0.33625  0.42558  0.00000  0.10000  0.00000  0.00000  0.00000
97.91000  8.45301 -0.79768  0.48186  0.00000  0.10000  0.00000  0.00000  0.00000
97.92000  8.53155  2.25954  0.46579  0.00000  0.10000  0.00000  0.00000  0.00000
97.93000  8.33394  1.97674  0.36100  0.00000  0.10000  0.00000  0.00000  0.00000
97.94000  8.40371  2.10861  0.46712  0.00000  0.10000  0.00000  0.00000  0.00000
97.95000  8.60176  0.59537  0.44350  0.00000  0.10000  0.00000  0.00000  0.00000
97.96000  8.53990  1.42539  0.31859  0.00000  0.10000  0.00000  0.00000  0.00000
97.97000  8.42845  1.01452  0.31675  0.00000  0.10000  0.00000  0.00000  0.00000
97.98000  8.38984  2.94625  0.40896  0.00000  0.10000  0.00000  0.00000  0.00000
97.99000  8.34499  1.22398  0.52192  0.00000  0.10000  0.00000  0.00000  0.00000
98.00000  8.52256  4.40571  0.79950  0.00000  0.10000  0.00000  0.00000  0.00000
98.01000  8.09557  3.18660  0.36976  0.00000  0.10000  0.00000  0.00000  0.00000
98.02000  7.85836  4.81442  0.69568  0.00000  0.10000  0.00000  0.00000  0.00000
98.03000  8.04300  5.97492  0.76443  0.00000  0.10000  0.00000  0.00000  0.00000
98.04000  7.77783  6.69422  0.89491  0.00000  0.10000  0.00000  0.00000  0.00000
98.05000  7.97047  4.10337  0.78940  0.00000  0.10000  0.00000  0.00000  0.00000
98.06000  8.12983  3.33016  0.67298  0.00000  0.10000  0.00000  0.00000  0.00000
98.07000  7.84402  2.54465  0.53783  0.00000  0.10000  0.00000  0.00000  0.00000
98.08000  8.18414  2.40381  0.48223  0.00000  0.10000  0.00000  0.00000  0.00000
98.09000  8.09141  1.74051  0.43557  0.00000  0.10000  0.00000  0.00000  0.00000
98.10000  7.99723 -0.97657  0.02154  0.00000  0.10000  0.00000  0.00000  0.00000
98.11000  7.99231  0.29030 -0.11154  0.00000  0.10000  0.00000  0.00000  0.00000
98.12000  8.34479  4.03046 -0.10979  0.00000  0.10000  0.00000  0.00000  0.00000
98.13000  8.23991  5.42943  0.12279  0.00000  0.10000  0.00000  0.00000  0.00000
98.14000  8.02946  6.90648 -0.07928  0.00000  0.10000  0.00000  0.00000  0.00000
98.15000  7.90977  4.44914  0.32228  0.00000  0.10000  0.00000  0.00000  0.00000
98.16000  8.32429  2.15084  0.57505  0.00000  0.10000  0.00000  0.00000  0.00000
98.17000  8.88210  3.37926  0.21743  0.00000  0.10000  0.00000  0.00000  0.00000
98.18000  8.84590  1.89386  0.79160  0.00000  0.10000  0.00000  0.00000  0.00000
98.19000  8.56160  3.76579  0.74817  0.00000  0.10000  0.00000  0.00000  0.00000
98.20000  8.68996  2.34323  0.60227  0.00000  0.10000  0.00000  0.00000  0.00000
98.21000  8.38794  1.27495  0.31390  0.00000  0.10000  0.00000  0.00000  0.00000
98.22000  8.48620  2.65317  0.53653  0.00000  0.10000  0.00000  0.00000  0.00000
98.23000  7.98002  2.19571  0.43223  0.00000  0.10000  0.00000  0.00000  0.00000
98.24000  8.41882  3.50497  0.00607  0.00000  0.10000  0.00000  0.00000  0.00000
98.25000  8.24267  2.35741  0.12082  0.00000  0.10000  0.00000  0.00000  0.00000
98.26000  8.12884 -0.02937 -0.00374  0.00000  0.10000  0.00000  0.00000  0.00000
98.27000  8.09626 -1.60750  0.13948  0.00000  0.10000  0.00000  0.00000  0.00000
98.28000  8.19727 -3.06670  0.37798  0.00000  0.10000  0.00000  0.00000  0.00000
98.29000  8.24048 -2.47639  0.29459  0.00000  0.10000  0.00000  0.00000  0.00000
98.30000  8.24399 -3.75046  0.36720  0.00000  0.10000  0.00000  0.00000  0.00000
98.31000  8.13812 -4.20322  0.42617  0.00000  0.10000  0.00000  0.00000  0.00000
98.32000  8.26658 -2.05930  0.52373  0.00000  0.10000  0.00000  0.00000  0.00000
98.33000  8.08297 -3.04416  0.46159  0.00000  0.10000  0.00000  0.00000  0.00000
98.34000  7.89584 -1.04489  0.70306  0.00000  0.10000  0.00000  0.00000  0.00000
98.35000  8.03164 -3.58160  0.30950  0.00000  0.10000  0.00000  0.00000  0.00000
98.36000  8.16253 -1.54391  0.31700  0.00000  0.10000  0.00000  0.00000  0.00000
98.37000  8.16089 -1.63303  0.70774  0.00000  0.10000  0.00000  0.00000  0.00000
98.38000  8.42317 -1.69135  0.73586  0.00000  0.10000  0.00000  0.00000  0.00000
98.39000  8.07145 -1.17211  1.10507  0.00000  0.10000  0.00000  0.00000  0.00000
98.40000  8.05312 -1.11010  1.06736  0.00000  0.10000  0.00000  0.00000  0.00000
98.41000  8.43719 -1.67861  1.49034  0.00000  0.10000  0.00000  0.00000  0.00000
98.42000  8.25711 -4.73139  1.54372  0.00000  0.10000  0.00000  0.00000  0.00000
98.43000  8.40810 -4.61254  1.43573  0.00000  0.10000  0.00000  0.00000  0.00000
98.44000  8.11640 -1.98519  1.34852  0.00000  0.10000  0.00000  0.00000  0.00000
98.45000  8.24646 -0.56398  1.65280  0.00000  0.10000  0.00000  0.00000  0.00000
98.46000  8.89702 -2.79559  1.93886  0.00000  0.10000  0.00000  0.00000  0.00000
98.47000  8.74630 -0.55036  1.60877  0.00000  0.10000  0.00000  0.00000  0.00000
98.48000  8.63188 -1.00775  0.91326  0.00000  0.10000  0.00000  0.00000  0.00000
98.49000  8.79030 -2.87218  1.32568  0.00000  0.10000  0.00000  0.00000  0.00000
98.50000  8.51556  0.40611  1.19485  0.00000  0.10000  0.00000  0.00000  0.00000
98.51000  8.54661  1.08832  1.31063  0.00000  0.10000  0.00000  0.00000  0.00000
98.52000  8.53168 -0.79301  1.33094  0.00000  0.10000  0.00000  0.00000  0.00000
98.53000  8.41790 -0.52183  1.07091  0.00000  0.10000  0.00000  0.00000  0.00000
98.54000  8.55055  0.52214  1.06577  0.00000  0.10000  0.00000  0.00000  0.00000
98.55000  8.61445 -2.01647  0.63812  0.00000  0.10000  0.00000  0.00000  0.00000
98.56000  8.67754 -1.81606  0.54342  0.00000  0.10000  0.00000  0.00000  0.00000
98.57000  8.04147  1.10578  0.90127  0.00000  0.10000  0.00000  0.00000  0.00000
98.58000  8.20279 -2.62402  0.63640  0.00000  0.10000  0.00000  0.00000  0.00000
98.59000  8.34656 -1.68094  0.59717  0.00000  0.10000  0.00000  0.00000  0.00000
98.60000  8.31292 -1.34590  0.50555  0.00000  0.10000  0.00000  0.00000  0.00000
98.61000  8.17471 -2.16514  0.51307  0.00000  0.10000  0.00000  0.00000  0.00000
98.62000  8.13657 -3.68561  0.37005  0.00000  0.10000  0.00000  0.00000  0.00000
98.63000  8.11395 -2.06005  0.52964  0.00000  0.10000  0.00000  0.00000  0.00000
98.64000  8.16974 -3.71730  0.04202  0.00000  0.10000  0.00000  0.00000  0.00000
98.65000  8.16377 -3.06401  0.05156  0.00000  0.10000  0.00000  0.00000  0.00000
98.66000  8.33445 -5.15652  0.15633  0.00000  0.10000  0.00000  0.00000  0.00000
98.67000  8.58807 -5.96025 -0.11181  0.00000  0.10000  0.00000  0.00000  0.00000
98.68000  8.86180 -5.42288  0.11508  0.00000  0.10000  0.00000  0.00000  0.00000
98.69000  9.15023 -5.24176  0.29063  0.00000  0.10000  0.00000  0.00000  0.00000
98.70000  9.20599 -7.73426  0.15228  0.00000  0.10000  0.00000  0.00000  0.00000
98.71000  9.45449 -6.13480  0.08325  0.00000  0.10000  0.00000  0.00000  0.00000
98.72000  9.50883 -7.92849  0.44478  0.00000  0.10000  0.00000  0.00000  0.00000
98.73000  9.57477 -7.96233  0.68750  0.00000  0.10000  0.00000  0.00000  0.00000
98.74000  9.57456 -6.48955  0.64351  0.00000  0.10000  0.00000  0.00000  0.00000
98.75000  9.37525 -6.15411  0.53271  0.00000  0.10000  0.00000  0.00000  0.00000
98.76000  9.64761 -8.82179  0.26444  0.00000  0.10000  0.00000  0.00000  0.00000
98.77000  9.96645 -7.22091  0.18518  0.00000  0.10000  0.00000  0.00000  0.00000
98.78000  9.71016 -8.15137  0.02465  0.00000  0.10000  0.00000  0.00000  0.00000
98.79000  9.88725 -9.45803 -0.10270  0.00000  0.10000  0.00000  0.00000  0.00000
98.80000  10.03959 -9.19136 -0.21864  0.00000  0.10000  0.00000  0.00000  0.00000
98.81000  9.87301 -9.65715 -0.36256  0.00000  0.10000  0.00000  0.00000  0.00000
98.82000  10.16706 -7.29576 -1.04518  0.00000  0.10000  0.00000  0.00000  0.00000
98.83000  10.23271 -8.79146 -0.84135  0.00000  0.10000  0.00000  0.00000  0.00000
98.84000  10.15339 -9.07183 -0.43945  0.00000  0.10000  0.00000  0.00000  0.00000
98.85000  10.30823 -7.29167 -0.20409  0.00000  0.10000  0.00000  0.00000  0.00000
98.86000  10.00770 -11.84290 -0.29538  0.00000  0.10000  0.00000  0.00000  0.00000
98.87000  10.06455 -8.68104 -0.44420  0.00000  0.10000  0.00000  0.00000  0.00000
98.88000  10.32579 -8.57020 -0.38962  0.00000  0.10000  0.00000  0.00000  0.00000
98.89000  9.94987 -6.26817 -0.35965  0.00000  0.10000  0.00000  0.00000  0.00000
98.90000  9.94828 -8.63328 -0.58294  0.00000  0.10000  0.00000  0.00000  0.00000
98.91000  10.07075 -10.09994  0.12160  0.00000  0.10000  0.00000  0.00000  0.00000
98.92000  9.89180 -11.04107 -0.08934  0.00000  0.10000  0.00000  0.00000  0.00000
98.93000  10.03815 -11.49594  0.39470  0.00000  0.10000  0.00000  0.00000  0.00000
98.94000  10.36929 -7.87559  0.35334  0.00000  0.10000  0.00000  0.00000  0.00000
98.95000  10.51577 -9.89916  0.18577  0.00000  0.10000  0.00000  0.00000  0.00000
98.96000  10.46554 -8.72965  0.40856  0.00000  0.10000  0.00000  0.00000  0.00000
98.97000  10.34300 -9.49651  0.19268  0.00000  0.10000  0.00000  0.00000  0.00000
98.98000  10.26132 -9.08557 -0.15767  0.00000  0.10000  0.00000  0.00000  0.00000
98.99000  10.20076 -9.10173 -0.15179  0.00000  0.10000  0.00000  0.00000  0.00000
99.00000  10.31991 -7.06694  0.31526  0.00000  0.10000  0.00000  0.00000  0.00000
99.01000  10.51440 -8.84510 -0.02946  0.00000  0.10000  0.00000  0.00000  0.00000
99.02000  10.56351 -8.11189 -0.24934  0.00000  0.10000  0.00000  0.00000  0.00000
99.03000  10.79932 -6.37109 -0.31602  0.00000  0.10000  0.00000  0.00000  0.00000
99.04000  10.69845 -6.09835  0.01738  0.00000  0.10000  0.00000  0.00000  0.00000
99.05000  10.54639 -3.76166 -0.36095  0.00000  0.10000  0.00000  0.00000  0.00000
99.06000  10.18218 -3.59588  0.04609  0.00000  0.10000  0.00000  0.00000  0.00000
99.07000  9.83303 -3.98922  0.12990  0.00000  0.10000  0.00000  0.00000  0.00000
99.08000  9.90159 -4.98269  0.47277  0.00000  0.10000  0.00000  0.00000  0.00000
99.09000  9.82336 -4.64377  0.40913  0.00000  0.10000  0.00000  0.00000  0.00000
99.10000  9.72674 -4.61995  0.68105  0.00000  0.10000  0.00000  0.00000  0.00000
99.11000  9.74645 -3.00338  0.51597  0.00000  0.10000  0.00000  0.00000  0.00000
99.12000  9.84986 -2.90844  0.49804  0.00000  0.10000  0.00000  0.00000  0.00000
99.13000  9.80679 -3.88624  0.34385  0.00000  0.10000  0.00000  0.00000  0.00000
99.14000  9.51149 -3.51177  0.27288  0.00000  0.10000  0.00000  0.00000  0.00000
99.15000  9.46850 -2.24274  0.40982  0.00000  0.10000  0.00000  0.00000  0.00000
99.16000  9.39756 -2.00197  0.93333  0.00000  0.10000  0.00000  0.00000  0.00000
99.17000  9.11011 -3.11774  0.23953  0.00000  0.10000  0.00000  0.00000  0.00000
99.18000  9.10476 -3.13956  0.31200  0.00000  0.10000  0.00000  0.00000  0.00000
99.19000  9.27739 -4.05370  0.57300  0.00000  0.10000  0.00000  0.00000  0.00000
99.20000  9.17086 -7.16687  0.76781  0.00000  0.10000  0.00000  0.00000  0.00000
99.21000  9.26622 -5.12295  0.80708  0.00000  0.10000  0.00000  0.00000  0.00000
99.22000  9.00300 -6.53503  1.16846  0.00000  0.10000  0.00000  0.00000  0.00000
99.23000  9.16659 -4.21245  0.97900  0.00000  0.10000  0.00000  0.00000  0.00000
99.24000  9.40937 -5.66760  0.88632  0.00000  0.10000  0.00000  0.00000  0.00000
99.25000  10.09494 -6.77408  0.76030  0.00000  0.10000  0.00000  0.00000  0.00000
99.26000  10.11311 -7.39633  0.32190  0.00000  0.10000  0.00000  0.00000  0.00000
99.27000  10.31403 -7.65201  0.35217  0.00000  0.10000  0.00000  0.00000  0.00000
99.28000  10.32845 -7.91833  0.49424  0.00000  0.10000  0.00000  0.00000  0.00000
99.29000  10.36618 -3.90965  0.64286  0.00000  0.10000  0.00000  0.00000  0.00000
99.30000  10.26790 -4.09097  0.65754  0.00000  0.10000  0.00000  0.00000  0.00000
99.31000  10.20312 -3.37278  0.58183  0.00000  0.10000  0.00000  0.00000  0.00000
99.32000  10.52313 -5.02077  0.37720  0.00000  0.10000  0.00000  0.00000  0.00000
99.33000  10.71736 -3.36419  0.22750  0.00000  0.10000  0.00000  0.00000  0.00000
99.34000  10.37008 -5.29812  0.34121  0.00000  0.10000  0.00000  0.00000  0.00000
99.35000  10.21319 -1.55182  0.33763  0.00000  0.10000  0.00000  0.00000  0.00000
99.36000  10.49539 -1.61146 -0.02886  0.00000  0.10000  0.00000  0.00000  0.00000
99.37000  10.24116 -2.48109  0.14731  0.00000  0.10000  0.00000  0.00000  0.00000
99.38000  10.62658 -4.02247  0.22545  0.00000  0.10000  0.00000  0.00000  0.00000
99.39000  10.18137 -3.83989 -0.18791  0.00000  0.10000  0.00000  0.00000  0.00000
99.40000  10.02604 -3.97236 -0.03702  0.00000  0.10000  0.00000  0.00000  0.00000
99.41000  9.91573 -5.59177  0.32652  0.00000  0.10000  0.00000  0.00000  0.00000
99.42000  10.28526 -3.18395 -0.07145  0.00000  0.10000  0.00000  0.00000  0.00000
99.43000  10.32811 -2.80826  0.05381  0.00000  0.10000  0.00000  0.00000  0.00000
99.44000  10.30264 -0.48192  0.09005  0.00000  0.10000  0.00000  0.00000  0.00000
99.45000  10.34632 -0.92566 -0.09626  0.00000  0.10000  0.00000  0.00000  0.00000
99.46000  10.42725 -2.56747  0.17591  0.00000  0.10000  0.00000  0.00000  0.00000
99.47000  10.43200 -2.23980  0.27498  0.00000  0.10000  0.00000  0.00000  0.00000
99.48000  9.90316 -1.48376  0.49598  0.00000  0.10000  0.00000  0.00000  0.00000
99.49000  10.02920 -2.02867 -0.06332  0.00000  0.10000  0.00000  0.00000  0.00000
99.50000  9.67612 -3.02456 -0.25831  0.00000  0.10000  0.00000  0.00000  0.00000
99.51000  9.65873 -1.76256 -0.26448  0.00000  0.10000  0.00000  0.00000  0.00000
99.52000  9.71178 -1.82678 -0.01876  0.00000  0.10000  0.00000  0.00000  0.00000
99.53000  9.31645 -3.11937  0.19637  0.00000  0.10000  0.00000  0.00000  0.00000
99.54000  9.32675 -2.13574 -0.54379  0.00000  0.10000  0.00000  0.00000  0.00000
99.55000  9.08569 -3.52219 -0.15434  0.00000  0.10000  0.00000  0.00000  0.00000
99.56000  9.55549  0.13085 -0.28995  0.00000  0.10000  0.00000  0.00000  0.00000
99.57000  9.07585  0.41717 -0.10471  0.00000  0.10000  0.00000  0.00000  0.00000
99.58000  9.36796  0.13911 -0.44681  0.00000  0.10000  0.00000  0.00000  0.00000
99.59000  9.22640 -3.48977 -0.43189  0.00000  0.10000  0.00000  0.00000  0.00000
99.60000  9.17127 -4.68722 -0.32901  0.00000  0.10000  0.00000  0.00000  0.00000
99.61000  9.46009 -6.40492 -0.82129  0.00000  0.10000  0.00000  0.00000  0.00000
99.62000  9.27746 -4.54561 -0.37800  0.00000  0.10000  0.00000  0.00000  0.00000
99.63000  9.60253 -4.58593 -0.50871  0.00000  0.10000  0.00000  0.00000  0.00000
99.64000  9.18108 -3.43979 -0.28738  0.00000  0.10000  0.00000  0.00000  0.00000
99.65000  9.08784 -2.02519 -0.26375  0.00000  0.10000  0.00000  0.00000  0.00000
99.66000  9.42857 -4.43582 -0.80599  0.00000  0.10000  0.00000  0.00000  0.00000
99.67000  9.29373 -4.35369 -0.75512  0.00000  0.10000  0.00000  0.00000  0.00000
99.68000  9.38328 -4.05170 -0.50168  0.00000  0.10000  0.00000  0.00000  0.00000
99.69000  9.19430 -4.02915 -0.13555  0.00000  0.10000  0.00000  0.00000  0.00000
99.70000  9.30052 -4.56458 -0.01706  0.00000  0.10000  0.00000  0.00000  0.00000
99.71000  9.28089 -5.61906 -0.34615  0.00000  0.10000  0.00000  0.00000  0.00000
99.72000  9.31176 -7.11860 -0.34996  0.00000  0.10000  0.00000  0.00000  0.00000
99.73000  9.41481 -6.58322 -0.36103  0.00000  0.10000  0.00000  0.00000  0.00000
99.74000  9.69668 -6.25276 -0.53214  0.00000  0.10000  0.00000  0.00000  0.00000
99.75000  9.51108 -4.71508 -0.73422  0.00000  0.10000  0.00000  0.00000  0.00000
99.76000  9.58921 -3.57273 -1.19764  0.00000  0.10000  0.00000  0.00000  0.00000
99.77000  9.37800 -3.41038 -0.62502  0.00000  0.10000  0.00000  0.00000  0.00000
99.78000  9.20728 -3.17262 -0.43356  0.00000  0.10000  0.00000  0.00000  0.00000
99.79000  9.43972 -3.41263 -0.45041  0.00000  0.10000  0.00000  0.00000  0.00000
99.80000  9.27115 -3.99054 -0.88658  0.00000  0.10000  0.00000  0.00000  0.00000
99.81000  9.41116 -2.19505 -0.83594  0.00000  0.10000  0.00000  0.00000  0.00000
99.82000  9.43772 -1.33965 -1.09463  0.00000  0.10000  0.00000  0.00000  0.00000
99.83000  9.43421 -1.81311 -1.37202  0.00000  0.10000  0.00000  0.00000  0.00000
99.84000  8.78689 -3.97310 -1.44806  0.00000  0.10000  0.00000  0.00000  0.00000
99.85000  9.01911 -1.64938 -1.36980  0.00000  0.10000  0.00000  0.00000  0.00000
99.86000  9.23882 -2.75604 -1.23780  0.00000  0.10000  0.00000  0.00000  0.00000
99.87000  8.93922 -3.04342 -1.03150  0.00000  0.10000  0.00000  0.00000  0.00000
99.88000  8.76966 -2.63038 -1.00507  0.00000  0.10000  0.00000  0.00000  0.00000
99.89000  8.66929 -2.34271 -0.80255  0.00000  0.10000  0.00000  0.00000  0.00000
99.90000  8.45282 -2.35019 -0.77123  0.00000  0.10000  0.00000  0.00000  0.00000
99.91000  8.58068 -3.19387 -0.77522  0.00000  0.10000  0.00000  0.00000  0.00000
99.92000  8.73739 -2.38626 -0.17889  0.00000  0.10000  0.00000  0.00000  0.00000
99.93000  9.09589 -4.25293 -0.11014  0.00000  0.10000  0.00000  0.00000  0.00000
99.94000  9.02945 -2.79717 -0.14865  0.00000  0.10000  0.00000  0.00000  0.00000
99.95000  8.85763 -3.74425 -0.13460  0.00000  0.10000  0.00000  0.00000  0.00000
99.96000  8.35525 -0.99442 -0.02866  0.00000  0.10000  0.00000  0.00000  0.00000
99.97000  8.36657 -3.03082 -0.09172  0.00000  0.10000  0.00000  0.00000  0.00000
99.98000  8.61872 -5.27241 -0.49718  0.00000  0.10000  0.00000  0.00000  0.00000
99.99000  8.32746 -3.23999  0.01361  0.00000  0.10000  0.00000  0.00000  0.00000
100.00000  8.71083 -3.12834  0.10980  0.00000  0.10000  0.00000  0.00000  0.00000